{
    "dirs": {
        "bin": {
            "dirs": {},
            "files": {
                "service": {
                    "sha": "71421c4099cd5a37a039a8ab3bc226a72ba8c7dd"
                }
            }
        },
        "config": {
            "dirs": {},
            "files": {
                "default.conf": {
                    "sha": "27dee6c9224e944e2521f53894c50e0dd481e5af"
                }
            }
        },
        "docker-db-volume": {
            "dirs": {},
            "files": {
                ".gitkeep": {
                    "sha": "e69de29bb2d1d6434b8b29ae775ad8c2e48c5391"
                }
            }
        },
        "logs": {
            "dirs": {},
            "files": {
                ".gitkeep": {
                    "sha": "e69de29bb2d1d6434b8b29ae775ad8c2e48c5391"
                }
            }
        },
        "tests": {
            "dirs": {
                "fixtures": {
                    "dirs": {
                        "models": {
                            "dirs": {},
                            "files": {
                                "__init__.py": {
                                    "sha": "e69de29bb2d1d6434b8b29ae775ad8c2e48c5391"
                                },
                                "example.py": {
                                    "sha": "de545a1ef4c38aa66c0c05d68110715aa29c83a4"
                                }
                            }
                        }
                    },
                    "files": {
                        "__init__.py": {
                            "sha": "e69de29bb2d1d6434b8b29ae775ad8c2e48c5391"
                        },
                        "api_instance.py": {
                            "sha": "caefc25a732017352189bb50dfe1897378b3c336"
                        },
                        "database.py": {
                            "sha": "fd0ec6dc98add6eb4825157bdf719b853d52f577"
                        }
                    }
                },
                "test_integration": {
                    "dirs": {},
                    "files": {
                        "__init__.py": {
                            "sha": "e69de29bb2d1d6434b8b29ae775ad8c2e48c5391"
                        }
                    }
                },
                "test_unit": {
                    "dirs": {
                        "test_controllers": {
                            "dirs": {},
                            "files": {
                                "__init__.py": {
                                    "sha": "e69de29bb2d1d6434b8b29ae775ad8c2e48c5391"
                                },
                                "test_example_api.py": {
                                    "sha": "afc297b9f3911c2b741dfe3d07f30e5f522682d9"
                                },
                                "test_health_api.py": {
                                    "sha": "e54f4ddb65f96368add5c417edb5125fb6944e39"
                                }
                            }
                        }
                    },
                    "files": {
                        "__init__.py": {
                            "sha": "e69de29bb2d1d6434b8b29ae775ad8c2e48c5391"
                        }
                    }
                }
            },
            "files": {
                "README.md": {
                    "sha": "12b4c2da3d7b812ca6b46887ddd53d16febe4344"
                },
                "__init__.py": {
                    "sha": "e69de29bb2d1d6434b8b29ae775ad8c2e48c5391"
                },
                "conftest.py": {
                    "sha": "494a6ec895a2ed9d8b7a907442bea622007ebea1"
                }
            }
        },
        "{{cookiecutter.app_name}}": {
            "dirs": {
                "common": {
                    "dirs": {},
                    "files": {
                        "__init__.py": {
                            "sha": "e69de29bb2d1d6434b8b29ae775ad8c2e48c5391"
                        }
                    }
                },
                "controllers": {
                    "dirs": {},
                    "files": {
                        "__init__.py": {
                            "sha": "e69de29bb2d1d6434b8b29ae775ad8c2e48c5391"
                        },
                        "base.py": {
                            "sha": "e80813abb4503e2fbc7ccd2cac5b8e3d0601856c"
                        },
                        "example_api.py": {
                            "sha": "b30f35ab8f420281691088f0aff83cfa4f8f0f8f"
                        },
                        "health_api.py": {
                            "sha": "0bbce7d1f1bdf05b73be17bea24ce94dd30f8c3c"
                        }
                    }
                },
                "docs": {
                    "dirs": {},
                    "files": {
                        "swagger-v1.0.yaml": {
                            "sha": "04d7eae09f98f951b856742a97e4b37619890824"
                        }
                    }
                },
                "models": {
                    "dirs": {},
                    "files": {
                        "__init__.py": {
                            "sha": "e69de29bb2d1d6434b8b29ae775ad8c2e48c5391"
                        },
                        "base.py": {
                            "sha": "a2c22771e7eabf098da483896115ebc5368727b4"
                        },
                        "example.py": {
                            "sha": "b5103944072960248e1c5e3d2e364c47516e09fb"
                        },
                        "health.py": {
                            "sha": "6835241759aa8c6df38eb7136f7254fa1bf13d0c"
                        }
                    }
                },
                "static": {
                    "dirs": {
                        "css": {
                            "dirs": {},
                            "files": {
                                ".gitkeep": {
                                    "sha": "e69de29bb2d1d6434b8b29ae775ad8c2e48c5391"
                                }
                            }
                        },
                        "js": {
                            "dirs": {},
                            "files": {
                                ".gitkeep": {
                                    "sha": "e69de29bb2d1d6434b8b29ae775ad8c2e48c5391"
                                }
                            }
                        }
                    },
                    "files": {
                        "robot.txt": {
                            "sha": "6f27bb66a3469f5c7b71b7abe8b47636dc0fcefb"
                        }
                    }
                },
                "templates": {
                    "dirs": {},
                    "files": {
                        ".gitkeep": {
                            "sha": "e69de29bb2d1d6434b8b29ae775ad8c2e48c5391"
                        }
                    }
                },
                "views": {
                    "dirs": {},
                    "files": {
                        "__init__.py": {
                            "sha": "e69de29bb2d1d6434b8b29ae775ad8c2e48c5391"
                        }
                    }
                }
            },
            "files": {
                "__init__.py": {
                    "sha": "fdb598c5cf7553ef5e1545635726e943c1a95fef"
                },
                "app.py": {
                    "sha": "5557eb879885a66b9b2d951e42ab69df1f893217"
                },
                "background.py": {
                    "sha": "1805aeab0ba0460c865c3145f4f63fb5703bbcab"
                },
                "config.py": {
                    "sha": "7d5209ca8133bd0aea9829defa38a570dec86785"
                },
                "database.py": {
                    "sha": "dc28828e2a395c5c0d139db2042234444b8afa67"
                },
                "init_example.py": {
                    "sha": "5b270e41868d219e1896b2be7e81a2a414743d76"
                },
                "logger.py": {
                    "sha": "8b1abc3b20dc077cc554456ce430d6e963271140"
                },
                "middlewares.py": {
                    "sha": "62614641c56e541a0fbc2a21b1a364132c8ede10"
                },
                "routes.py": {
                    "sha": "67302bae8bb32fffe25d793d26f8d868451f805b"
                }
            }
        }
    },
    "files": {
        ".gitignore": {
            "sha": "eaf6c10229855ed58c06584c4e2ce8ad4fc9a7cd"
        },
        ".python-version": {
            "sha": "19811903a7f7584d7aa752ea29bbf9d74cf78b47"
        },
        "Dockerfile": {
            "sha": "c525441989f83eaf85328f0b7b56f240cae5eda7"
        },
        "Makefile": {
            "sha": "b9e85468e8ab9953ed4ad74fdf2613974adc6305"
        },
        "README.md": {
            "sha": "d5c0f1292e66616ffdc0273af87899d34df28d78"
        },
        "__init__.py": {
            "sha": "e69de29bb2d1d6434b8b29ae775ad8c2e48c5391"
        },
        "docker-compose.yaml": {
            "sha": "81e8d8d55e46eb88aadfe2586c86095c80495d8a"
        },
        "pytest.ini": {
            "sha": "e182efdd9a97ba8a072ea55aa45f9f45d7cee287"
        },
        "requirements.txt": {
            "sha": "3be428990a53b2b6af870f57fe79978fb560e9f5"
        },
        "requirements_dev.txt": {
            "sha": "ab7234e98cbe66d5171c261506862fb6f330a4a6"
        },
        "requirements_floating.txt": {
            "sha": "ddb1e629d93cb2b19e0896dfe2f6d7400c2d36e4"
        },
        "setup.cfg": {
            "sha": "526aeb2816a8828b67172dd003c7a33b123f205e"
        },
        "setup.py": {
            "sha": "db30cad6f15bdb465d896ceb4f8e794d49dc4cd8"
        }
    }
}