{
    "dirs": {
        ".github": {
            "dirs": {
                "PULL_REQUEST_TEMPLATE": {
                    "dirs": {},
                    "files": {
                        "adafruit_circuitpython_pr.md": {
                            "sha": "8de294e68a14293e0281bd7ae195950d2d187f66"
                        }
                    }
                },
                "workflows": {
                    "dirs": {},
                    "files": {
                        "build.yml": {
                            "sha": "041a337c1eda79e98a3f7b9b3bc9e0830b7e725e"
                        },
                        "failure-help-text.yml": {
                            "sha": "e58bd25ef2b58e1989137681170b48840befbb32"
                        },
                        "release_gh.yml": {
                            "sha": "f8282929ff1f55d4b737a3efc7420e3307287653"
                        },
                        "release_pypi.yml": {
                            "sha": "09b21d41deacae2a8adaaaca308907a7a452f758"
                        }
                    }
                }
            },
            "files": {}
        },
        "LICENSES": {
            "dirs": {},
            "files": {
                "CC-BY-4.0.txt": {
                    "sha": "3f92dfc5fdda05635f28da16a47fa1a5c99c0dc6"
                },
                "MIT.txt": {
                    "sha": "204b93da48d02900098ced21c54062ffbff36b9c"
                },
                "Unlicense.txt": {
                    "sha": "24a8f9019938ba762d40975394d33d2895e8ee4d"
                }
            }
        },
        "docs": {
            "dirs": {
                "_static": {
                    "dirs": {},
                    "files": {
                        "{% if cookiecutter.sphinx_docs in ['y', 'yes'] %}favicon.ico.license{% endif %}": {
                            "sha": "86a3fbfe831f22cc8a8de7ed0db1c648b2a3fd10"
                        },
                        "{% if cookiecutter.sphinx_docs in ['y', 'yes'] %}favicon.ico{% endif %}": {
                            "sha": "5aca98376a1f7e593ebd9cf41a808512c2135635"
                        }
                    }
                }
            },
            "files": {
                "{% if cookiecutter.sphinx_docs in ['y', 'yes'] %}api.rst.license{% endif %}": {
                    "sha": "4d1f1ffc9314642d65a4883e7d1bcb617641cce7"
                },
                "{% if cookiecutter.sphinx_docs in ['y', 'yes'] %}api.rst{% endif %}": {
                    "sha": "996403c2cff8865ca82665abf8fe9364aa1a1176"
                },
                "{% if cookiecutter.sphinx_docs in ['y', 'yes'] %}conf.py{% endif %}": {
                    "sha": "6c71e85f6887f9b94ae216b991839f43a144bf10"
                },
                "{% if cookiecutter.sphinx_docs in ['y', 'yes'] %}examples.rst.license{% endif %}": {
                    "sha": "4d1f1ffc9314642d65a4883e7d1bcb617641cce7"
                },
                "{% if cookiecutter.sphinx_docs in ['y', 'yes'] %}examples.rst{% endif %}": {
                    "sha": "f3d2351108d306c31eace1fb8f70248033fec059"
                },
                "{% if cookiecutter.sphinx_docs in ['y', 'yes'] %}index.rst.license{% endif %}": {
                    "sha": "4d1f1ffc9314642d65a4883e7d1bcb617641cce7"
                },
                "{% if cookiecutter.sphinx_docs in ['y', 'yes'] %}index.rst{% endif %}": {
                    "sha": "7c7bcd226f55a555551779370947c089857ac457"
                },
                "{% if cookiecutter.sphinx_docs in ['y', 'yes'] %}requirements.txt{% endif %}": {
                    "sha": "979f5681d6f1cfed845fc7d3ffc33d22daf4faf3"
                }
            }
        },
        "examples": {
            "dirs": {},
            "files": {
                "{{ cookiecutter.__libname }}_simpletest.py": {
                    "sha": "5361dcaa6173c569da548d5b3e00867aa87dae5b"
                }
            }
        }
    },
    "files": {
        ".gitignore": {
            "sha": "db3d538778719727bbb9de03b381f577cfef4033"
        },
        ".pre-commit-config.yaml": {
            "sha": "ff19ddec54b799ca9baaa397c1e2b6a098830d4a"
        },
        "LICENSE": {
            "sha": "2778c708671e7a32dfe550735d5ca46884a52745"
        },
        "README.rst": {
            "sha": "83f4c16e7b544b1ad93b4c85f6886ed5032c127e"
        },
        "README.rst.license": {
            "sha": "2b7b93bb189a025563b46a2a4c57d501e67a4845"
        },
        "optional_requirements.txt": {
            "sha": "d4e27c4d74df8bc8965cff5ab49e2aec6a43e9e8"
        },
        "pyproject.toml": {
            "sha": "02ec028db56e063730d4a358a07112841fae9be1"
        },
        "requirements.txt": {
            "sha": "240ac9abacfa768c7f1fd471163d9aacaf335f4f"
        },
        "ruff.toml": {
            "sha": "970c292219dc57b4622eed689f23e95a2d8d8917"
        },
        "{% if cookiecutter.sphinx_docs in ['y', 'yes'] %}.readthedocs.yaml{% endif %}": {
            "sha": "ee38fa0c1ace16d6a3412d076fb8f1c77ef234fe"
        },
        "{% if cookiecutter.target_bundle == 'Adafruit' %}CODE_OF_CONDUCT.md{% endif %}": {
            "sha": "a773adf8ddecf10c5f4966bfa73233aca4cf5b28"
        },
        "{% if cookiecutter.target_bundle == 'Community' %}CODE_OF_CONDUCT.md{% endif %}": {
            "sha": "ddf57b0cda6dd63e07d1ba3127a6ba8369aac4ad"
        },
        "{{ cookiecutter.__libprefix }}{{ cookiecutter.__libname }}.py": {
            "sha": "414369985ef2bab2d306fed1b5a6254f502492f3"
        }
    }
}