{
    "dirs": {
        ".github": {
            "dirs": {
                "workflows": {
                    "dirs": {},
                    "files": {
                        "deploy.prod.yml": {
                            "sha": "6998ccf58211e4eec9a8b8ac9c40499bbebcd195"
                        }
                    }
                }
            },
            "files": {}
        },
        "app": {
            "dirs": {
                "{{cookiecutter.project_name}}": {
                    "dirs": {},
                    "files": {
                        "__init__.py": {
                            "sha": "e69de29bb2d1d6434b8b29ae775ad8c2e48c5391"
                        },
                        "asgi.py": {
                            "sha": "10ee0356eba39460dadcc1c9df4290e741ea564e"
                        },
                        "settings.py": {
                            "sha": "f11de0e5e18d0e9ed33a42f6bc288dffe607b399"
                        },
                        "urls.py": {
                            "sha": "fd85fecfdbd3a0f061f5d41e67d3b8442d62db4e"
                        },
                        "wsgi.py": {
                            "sha": "dd6309f01061500e19d77a7417100c8dad0b1263"
                        }
                    }
                }
            },
            "files": {
                ".gitignore": {
                    "sha": "f6975f7c52ec82af9b84674d4c39b6f5afa28ed5"
                },
                "Dockerfile": {
                    "sha": "4f7efb72f62783a4e46b260c6ae7e03a47d03481"
                },
                "Dockerfile.prod": {
                    "sha": "1faab89f8de9cce635efcdb8afb1d7186a2cc88b"
                },
                "entrypoint.prod.sh": {
                    "sha": "d3e8d2d36c672d6966e5841c701dc1486dc2a113"
                },
                "entrypoint.sh": {
                    "sha": "74186565ad7e8552075b966657b8d0a1bc46285f"
                },
                "manage.py": {
                    "sha": "f042866a49ce7bf94217dde0a118009e06707544"
                },
                "requirements.txt": {
                    "sha": "4affecca25d32a6e3bbd1aa070dbd35b6c90ea66"
                }
            }
        },
        "grafana": {
            "dirs": {
                "provisioning": {
                    "dirs": {
                        "dashboards": {
                            "dirs": {},
                            "files": {
                                "dashboard.yml": {
                                    "sha": "2e2dee6c1a5910dee22b4ba6a66b5b2dd5aa0bc8"
                                },
                                "django.json": {
                                    "sha": "fd56f90671c1dbfbf9e9bf128b3fa95390a53939"
                                }
                            }
                        },
                        "datasources": {
                            "dirs": {},
                            "files": {
                                "prometheus.yml": {
                                    "sha": "7d267c929ab8d2cb8c82dc3b1739735d4e31376d"
                                }
                            }
                        }
                    },
                    "files": {}
                }
            },
            "files": {
                "Dockerfile": {
                    "sha": "2affb7c6430a652ece8299bd826e82cd263f61e2"
                }
            }
        },
        "nginx": {
            "dirs": {
                "vhost.d": {
                    "dirs": {},
                    "files": {
                        "default": {
                            "sha": "9427935f88a0776b489507bcf12c3a6b45419429"
                        }
                    }
                }
            },
            "files": {
                "Dockerfile": {
                    "sha": "14f4f5a39236ee83b1051e9736cbf10521de92a3"
                },
                "custom.conf": {
                    "sha": "67d42ded2ba64a5fa1c949d4e367961089a55af3"
                }
            }
        },
        "prometheus": {
            "dirs": {},
            "files": {
                "Dockerfile": {
                    "sha": "7180fe8a65609a368493f97c35610559c4553c2b"
                },
                "django.rules": {
                    "sha": "cd32eff5368e884598ccb7b4bdf42482e40f231a"
                },
                "prometheus.yml": {
                    "sha": "45fcb4e1deb7232ac8de6db66cd5be3d0f3dfcd6"
                }
            }
        }
    },
    "files": {
        ".env.dev": {
            "sha": "aa517f541ca5d629fd06b1d3ac2ebbdcf4938c21"
        },
        ".env.dev-sample": {
            "sha": "db006c59b2611b9780674249b3b0b97bd8f94446"
        },
        ".env.dev.db": {
            "sha": "655e4dcc306ab43deb1b3affed04ff1e24393d89"
        },
        ".env.dev.db-sample": {
            "sha": "1de1a4bef0e17a42956231c015026ddee77740df"
        },
        ".env.prod": {
            "sha": "5bb7a4e20f0e3b05dd1b521bdd83be245c80d851"
        },
        ".env.prod-sample": {
            "sha": "3f3169ef28a52666adae0ae1f6a1fab4e2fb9ff0"
        },
        ".env.prod.db": {
            "sha": "2082e15f597c9b0a690771db977b84386f288d1a"
        },
        ".env.prod.db-sample": {
            "sha": "df15b563ddb11c68cd176e6f8c4c3c8c8b094785"
        },
        ".env.prod.grafana": {
            "sha": "3bbf5f7065e153e6c23e8a0c2034054bd88a1fd9"
        },
        ".env.prod.grafana-sample": {
            "sha": "3bbf5f7065e153e6c23e8a0c2034054bd88a1fd9"
        },
        ".env.prod.proxy-companion": {
            "sha": "1a794536c13cb037f547409c744278389d083342"
        },
        ".env.prod.proxy-companion-sample": {
            "sha": "a11a7d54a60348f3585ac531c33aeda0ca2b8018"
        },
        ".gitignore": {
            "sha": "329cdf7f6b4868fdc3dafc180f66e6e09bd94534"
        },
        "LICENSE": {
            "sha": "cf3790b056b0d83a1d5808116c504f0be8b2c1f8"
        },
        "README.md": {
            "sha": "e39c88d89c1a7d09c4dc91e68bf7676140c1672c"
        },
        "docker-compose.prod.yml": {
            "sha": "f28b295e2bbdeb3dc3bb297f0f7c33e262b36ff2"
        },
        "docker-compose.yml": {
            "sha": "e0caee9ff03ecfdeab289c988c1ad9e68f6ab294"
        },
        "pyproject.toml": {
            "sha": "ee7c38ee8951d85433b7ba843d994c47055e5b6e"
        }
    }
}