{
    "dirs": {
        "data": {
            "dirs": {
                "intermediate": {
                    "dirs": {},
                    "files": {
                        ".gitkeep": {
                            "sha": "e69de29bb2d1d6434b8b29ae775ad8c2e48c5391"
                        }
                    }
                },
                "processed": {
                    "dirs": {},
                    "files": {
                        ".gitkeep": {
                            "sha": "e69de29bb2d1d6434b8b29ae775ad8c2e48c5391"
                        }
                    }
                },
                "raw": {
                    "dirs": {},
                    "files": {
                        ".gitkeep": {
                            "sha": "e69de29bb2d1d6434b8b29ae775ad8c2e48c5391"
                        }
                    }
                }
            },
            "files": {}
        },
        "logs": {
            "dirs": {},
            "files": {
                ".gitkeep": {
                    "sha": "e69de29bb2d1d6434b8b29ae775ad8c2e48c5391"
                }
            }
        },
        "models": {
            "dirs": {},
            "files": {
                ".gitkeep": {
                    "sha": "e69de29bb2d1d6434b8b29ae775ad8c2e48c5391"
                }
            }
        },
        "notebooks": {
            "dirs": {},
            "files": {
                ".gitkeep": {
                    "sha": "e69de29bb2d1d6434b8b29ae775ad8c2e48c5391"
                }
            }
        },
        "outputs": {
            "dirs": {},
            "files": {
                ".gitkeep": {
                    "sha": "e69de29bb2d1d6434b8b29ae775ad8c2e48c5391"
                }
            }
        },
        "paper": {
            "dirs": {
                "_extensions": {
                    "dirs": {
                        "mikemahoney218": {
                            "dirs": {
                                "arxiv": {
                                    "dirs": {
                                        "partials": {
                                            "dirs": {},
                                            "files": {
                                                "_authors.tex": {
                                                    "sha": "251337d55984592bb2cf6f5bb2763e29dae9628c"
                                                },
                                                "before-body.tex": {
                                                    "sha": "c1acae8e687a559a9dca993fdad4e871af38d3d6"
                                                },
                                                "title.tex": {
                                                    "sha": "0f4ff1fc077bb06e290a963d6975a9d6233f8bfa"
                                                }
                                            }
                                        }
                                    },
                                    "files": {
                                        "_extension.yml": {
                                            "sha": "3044aee98edd559175389c17de70a72c716d248a"
                                        },
                                        "arxiv.sty": {
                                            "sha": "3240d9981afa8e5bab38816c18cdbaa5b6d09afb"
                                        },
                                        "orcidlink.sty": {
                                            "sha": "74be29a27d1b3baf080abec1d63b3fdec0ebfbc2"
                                        },
                                        "shortcodes.lua": {
                                            "sha": "007540d5c7f2b7bbdc78e326b78590e2b9bfe4bf"
                                        }
                                    }
                                }
                            },
                            "files": {}
                        }
                    },
                    "files": {}
                }
            },
            "files": {
                "_publish.yml": {
                    "sha": "dc9bf8758420ae7ea7069d530cba88b1b0a51c13"
                },
                "paper.qmd": {
                    "sha": "de1adfd183cdc0a69d2866e9c54e0ed739d5d27b"
                }
            }
        },
        "references": {
            "dirs": {},
            "files": {
                "chicago-author-date.csl": {
                    "sha": "0b0125c1de9f5042382f84af93fb167d11b36c6f"
                },
                "references.bib": {
                    "sha": "c196698202857cf104580f152282e1f5e8da569d"
                }
            }
        },
        "slides": {
            "dirs": {
                "_extensions": {
                    "dirs": {
                        "grantmcdermott": {
                            "dirs": {
                                "clean": {
                                    "dirs": {},
                                    "files": {
                                        "_extension.yml": {
                                            "sha": "10b1e450231e4a9ef6d6cf3369abe3d38ddaca53"
                                        },
                                        "clean.scss": {
                                            "sha": "8cbbf43f45b75848942263d6c5252a98664d7fdf"
                                        }
                                    }
                                }
                            },
                            "files": {}
                        }
                    },
                    "files": {}
                }
            },
            "files": {
                "slides.qmd": {
                    "sha": "115e35473ccb10c660330d98a088206f5cc40943"
                }
            }
        },
        "src": {
            "dirs": {
                "{{ cookiecutter.repo_name }}": {
                    "dirs": {},
                    "files": {
                        "__init__.py": {
                            "sha": "e69de29bb2d1d6434b8b29ae775ad8c2e48c5391"
                        },
                        "{{ cookiecutter.repo_name }}.py": {
                            "sha": "ed59a621b77f4d8b0b32e9823885e3ec619bbbf9"
                        }
                    }
                }
            },
            "files": {}
        }
    },
    "files": {
        ".env": {
            "sha": "fc47eaa3d513f082caf47fbddf23656056cbb3dd"
        },
        ".gitignore": {
            "sha": "905c4a9034462b9970d7b788639c0e72c2274d15"
        },
        ".pre-commit-config.yaml": {
            "sha": "79c15a0c9c4dc56c5c717c4c8c1eb44fdd9b2ed3"
        },
        "Makefile": {
            "sha": "fc7c93d471e61fe3f4bc47fd2b8cd0501962dbd3"
        },
        "README.md": {
            "sha": "3f42e4e936da2cf7ef7d7eb7e6c1e6db7d4cf9b9"
        },
        "project_config.toml": {
            "sha": "15eb190429b80a7a4fba86d87b37cd1e9e5768cc"
        },
        "pyproject.toml": {
            "sha": "aca2392824cffb8c9ee78df4718698449afc4ba6"
        }
    }
}