{
    "dirs": {
        "ci": {
            "dirs": {
                "lib": {
                    "dirs": {},
                    "files": {
                        "README.md": {
                            "sha": "36c3d0c38a72ec785ada186e513db7151e12ad4e"
                        },
                        "common-dependencies.sh": {
                            "sha": "4eb31f392bb1df4e44efef1d33514f5bc3955cd0"
                        },
                        "common.sh": {
                            "sha": "2de70e38899c217b93ffa023c0fe38259b9db78f"
                        },
                        "headless-test-helper": {
                            "sha": "63396ec7155d83cacfdc11193237db1b45d3e7fc"
                        },
                        "linux-dependencies.sh": {
                            "sha": "96099dd01c8a68795b6f8614b16634f83de1fe89"
                        },
                        "macos-dependencies.sh": {
                            "sha": "49bd0af6c074b62f72ea36b17b7bc037a330ebf0"
                        },
                        "run-clang-format.py": {
                            "sha": "395304e453c91bf0778396b75387395e8abec26c"
                        },
                        "windows-dependencies.sh": {
                            "sha": "f2dfc14bd3dc2da1da35119b8c380637cd3390a3"
                        }
                    }
                }
            },
            "files": {
                ".gitignore": {
                    "sha": "4414fc1e28fae46b363ba747b7a921479d85ab62"
                },
                "README.md": {
                    "sha": "677fc7ae2377ea8ae783bf05daef4dfc683ac28c"
                },
                "apply-codingstyle": {
                    "sha": "d7f0b9e2f50c1fe9f24bbec74d1a3bbf4f43ae7c"
                },
                "build-app": {
                    "sha": "feeec1d78392ddea2df5f76685c475cab7960ab6"
                },
                "check-codingstyle": {
                    "sha": "0a11ba5049f65777fadb2a3d22939f0f53bba9b3"
                }
            }
        },
        "cmake": {
            "dirs": {},
            "files": {
                "DeployQt.cmake": {
                    "sha": "2da64ac6499c3c2abdd014c2a742f78395cf4f48"
                },
                "find_python_module.cmake": {
                    "sha": "bcda34c602b0206944e81ec55c797d896e2bffcd"
                },
                "translations.cmake": {
                    "sha": "a5c0498a84a329400bb5546760b98e5d178a4fa9"
                }
            }
        },
        "packaging": {
            "dirs": {
                "macos": {
                    "dirs": {},
                    "files": {
                        "generate-ds-store": {
                            "sha": "ba10c942b0161ddb0c4918c44800f4add519ae38"
                        }
                    }
                }
            },
            "files": {
                "CMakeLists.txt": {
                    "sha": "9537c27e51105bcd8ba64f4d85daedeedab37e24"
                }
            }
        },
        "src": {
            "dirs": {
                "appicon": {
                    "dirs": {},
                    "files": {
                        "256-apps-{{cookiecutter.project_slug}}.png": {
                            "sha": "d11ffbb8fe07e7981b8098fc383a9cff6fa42a9f"
                        },
                        "CMakeLists.txt": {
                            "sha": "4c8c6b5374305710ca99a20571c3a15bb51e681a"
                        },
                        "sc-apps-{{cookiecutter.project_slug}}.svg": {
                            "sha": "f131ec3a0f297a213e334fea09499134bb519da6"
                        }
                    }
                },
                "icons": {
                    "dirs": {},
                    "files": {
                        "application-exit.svg": {
                            "sha": "711462f5624c1ee15b096674795c9ae2a0f18034"
                        }
                    }
                },
                "linux": {
                    "dirs": {},
                    "files": {
                        "{{cookiecutter.project_slug}}.desktop": {
                            "sha": "ab12eaa0c24bb6d7ef05c02e23d8df992a3ee6ae"
                        }
                    }
                },
                "macos": {
                    "dirs": {},
                    "files": {
                        "Info.plist.in": {
                            "sha": "98b519fa9d017bfa3f789bcdb436d86c2729e709"
                        }
                    }
                },
                "translations": {
                    "dirs": {},
                    "files": {
                        "{{cookiecutter.project_slug}}_en.ts": {
                            "sha": "e91386d29419ec542177579305957356140c8572"
                        },
                        "{{cookiecutter.project_slug}}_es.ts": {
                            "sha": "efae5ea4793a8d23a46f323301a6af28468323b8"
                        },
                        "{{cookiecutter.project_slug}}_fr.ts": {
                            "sha": "8df5d7c738b1a094d34496523b5909c156cba6ee"
                        }
                    }
                }
            },
            "files": {
                "BuildConfig.h.in": {
                    "sha": "787a9779ace8e10659205a5eb100eb9289af0344"
                },
                "CMakeLists.txt": {
                    "sha": "b4bf84fb20764fff9534b5e32ca0ef4bae9992a5"
                },
                "MainWindow.cpp": {
                    "sha": "16247a0f67862a667f1e6d2e47e23f338c4727a8"
                },
                "MainWindow.h": {
                    "sha": "51cbc5ea8d38e95cb9f3b94838b9eb1f8d29515c"
                },
                "MainWindow.ui": {
                    "sha": "35eb7a4befb23baec978ef80aaf177d6b4dcb7d4"
                },
                "Resources.cpp": {
                    "sha": "654f4f25355d8d8eddea89237a51fca921db65af"
                },
                "Resources.h": {
                    "sha": "6d25fab56a860a33e17285415b13f1c81579f204"
                },
                "SettingsDialog.cpp": {
                    "sha": "9ad323b5ea108eea6cc977070804988b7ad5f400"
                },
                "SettingsDialog.h": {
                    "sha": "67662cd4783b8fd83731a7d756d67fc3d88cf10b"
                },
                "SettingsDialog.ui": {
                    "sha": "2ff7c0add129c4e6590d5430baccdc453e4c7bf9"
                },
                "app.qrc": {
                    "sha": "0fefa089fab138243a345aa8d78c5839488dbefb"
                },
                "main.cpp": {
                    "sha": "59b3687461b3c63fe9e6f89cd1133bf8ccd43613"
                }
            }
        },
        "tests": {
            "dirs": {},
            "files": {
                "CMakeLists.txt": {
                    "sha": "eaf7b08b14bafe5aedd40791bcf35b52371492a1"
                },
                "Catch2QtUtils.cpp": {
                    "sha": "0fc52318064dfa24c75c66fa7a27fefa0632771e"
                },
                "Catch2QtUtils.h": {
                    "sha": "8ed39d71326515850cbde617ccbba9e3a8ed4214"
                },
                "ExampleTest.cpp": {
                    "sha": "1b6b92ef73f244b8208112ba9846ef256865eab3"
                },
                "tests.cpp": {
                    "sha": "aa01ff6a8071f2cdd193c6cb7b2143757f28e11f"
                }
            }
        },
        "third-party": {
            "dirs": {
                "catch2": {
                    "dirs": {},
                    "files": {
                        "catch.hpp": {
                            "sha": "6beb0eadb3a402a3c18ecec1d3c2793b066a3c07"
                        }
                    }
                }
            },
            "files": {
                "CMakeLists.txt": {
                    "sha": "153fd3c1a825ad28073e00349c631ac410890eb1"
                },
                "README.md": {
                    "sha": "3a7e4663abd42a496ed356e1413e38ff917efe43"
                }
            }
        }
    },
    "files": {
        ".gitignore": {
            "sha": "2140bda44366f3cd23b4ca93c468f3f5d9d02435"
        },
        "CHANGELOG.md": {
            "sha": "c23c19f3cb31b1fda045273f9b91b2a20cc9dedb"
        },
        "CMakeLists.txt": {
            "sha": "329af1800e9876b75339d59528b317505b0e021c"
        },
        "LICENSE.Apache-2.0": {
            "sha": "82f8a57acf4792508d943c4b567d642ab66b700b"
        },
        "LICENSE.BSD": {
            "sha": "08495ffa76177aff96e0475d73b996d0be87c3c4"
        },
        "LICENSE.GPL": {
            "sha": "94a9ed024d3859793618152ea559a168bbcbb5e2"
        },
        "LICENSE.MIT": {
            "sha": "d093d6eaf0f9c6e52a5af7b6f814a0a316c16b61"
        },
        "README.md": {
            "sha": "851a81a82a458c58cb5a5d315459a10e3b12e2ed"
        },
        "screenshot.png": {
            "sha": "36fd9e1c1c6819c5a78ff076f4032d7d1f4f9492"
        }
    }
}