{
    "dirs": {
        "docs": {
            "dirs": {
                "api": {
                    "dirs": {},
                    "files": {
                        "authentication.md": {
                            "sha": "2cff64482d99378db9cfc1caf2ed9edbfe87c850"
                        },
                        "users.md": {
                            "sha": "33fed18f82f281f554754a552f5f930ee0c98a0d"
                        }
                    }
                }
            },
            "files": {
                "index.md": {
                    "sha": "cf884bc136e0bf225a3c2afad5bc1b5feb9061ff"
                }
            }
        },
        "{{cookiecutter.app_name}}": {
            "dirs": {
                "config": {
                    "dirs": {},
                    "files": {
                        "__init__.py": {
                            "sha": "c6d43953de462607dee045a1542533c6be7ccf12"
                        },
                        "common.py": {
                            "sha": "cc35c4a84ca16a9fcb75c68cf1075e04850eee4a"
                        },
                        "local.py": {
                            "sha": "ca125405b28c4ccc81e551624e0027e4c2add638"
                        },
                        "production.py": {
                            "sha": "be3dd2262a2309ce96e259ebf9d773c9a6caf890"
                        }
                    }
                },
                "users": {
                    "dirs": {
                        "migrations": {
                            "dirs": {},
                            "files": {
                                "0001_initial.py": {
                                    "sha": "30879fb36aa01c78db31eca9ad651fa2aed8e646"
                                },
                                "0002_auto_20171227_2246.py": {
                                    "sha": "f192825f9c1c321e8d3de70aed68567665efa677"
                                },
                                "__init__.py": {
                                    "sha": "e69de29bb2d1d6434b8b29ae775ad8c2e48c5391"
                                }
                            }
                        },
                        "test": {
                            "dirs": {},
                            "files": {
                                "__init__.py": {
                                    "sha": "e69de29bb2d1d6434b8b29ae775ad8c2e48c5391"
                                },
                                "factories.py": {
                                    "sha": "f5aa2b6c58da848c115c4774f0eb439821267abb"
                                },
                                "test_serializers.py": {
                                    "sha": "bf61a6dbe7a8c96fbd78ee515cc28fcc8b9b962c"
                                },
                                "test_views.py": {
                                    "sha": "7945a5647625cff00f5dae9179b5a35ef3bd8040"
                                }
                            }
                        }
                    },
                    "files": {
                        "__init__.py": {
                            "sha": "e69de29bb2d1d6434b8b29ae775ad8c2e48c5391"
                        },
                        "admin.py": {
                            "sha": "1238fc72631addf61f46814003cbc6a25b789077"
                        },
                        "models.py": {
                            "sha": "f6c8406108615aa3f035c045821c23fc7845fc37"
                        },
                        "permissions.py": {
                            "sha": "04dce0cc20ca89a8cc2253cdeaf4eda6d1dec6eb"
                        },
                        "serializers.py": {
                            "sha": "168c4fc7cd273f29b6caa397388f6b0acad8852b"
                        },
                        "views.py": {
                            "sha": "ca6c05dae8cce4157b52b09735401364464e2acc"
                        }
                    }
                }
            },
            "files": {
                "__init__.py": {
                    "sha": "e69de29bb2d1d6434b8b29ae775ad8c2e48c5391"
                },
                "pytest.ini": {
                    "sha": "5cc5bff9b09511774c5d84cdf2fb62a812ccde53"
                },
                "urls.py": {
                    "sha": "b921da1ab8dfc033fab53c5e00399cbb410860e7"
                },
                "wsgi.py": {
                    "sha": "d4a79dfa4ed16c1113a99bef301137de7ba7e45b"
                }
            }
        }
    },
    "files": {
        ".coveragerc": {
            "sha": "3279a5f50fbab07e345d7b9cf9ec557e9210c872"
        },
        ".dockerignore": {
            "sha": "dd10a8347ee52ba34f99760ebd4f58a1e3699b46"
        },
        ".gitignore": {
            "sha": "81409e062e96339a38dbcea13255cec1b5e8e28b"
        },
        "Dockerfile": {
            "sha": "0af348b8362118cf735b85e2e0421283f7efd293"
        },
        "README.md": {
            "sha": "713a8ddf3578951108a6445f0ff0cb1c0978cc80"
        },
        "conftest.py": {
            "sha": "7fd006b135223accd70c327766c5d4de7fab3d4d"
        },
        "docker-compose.yml": {
            "sha": "969d8e54f7aada5b492415c65cbab1ee28b2b680"
        },
        "manage.py": {
            "sha": "1d2a56330049afcf1a3fada7579a564edb7af8b5"
        },
        "mkdocs.yml": {
            "sha": "7e3966fc64b186436837295f2ab26d1ec1803335"
        },
        "requirements.txt": {
            "sha": "af1500de08d6abf1c46f93fec36d44b3f59ebefc"
        },
        "setup.cfg": {
            "sha": "29baeef2fa0361c61a0f5b9de56e1f0043ca8eb5"
        },
        "wait_for_postgres.py": {
            "sha": "4ab45e2a7d61e4a54fc2c2da0fcac6d44d71e77f"
        }
    }
}