{
    "dirs": {
        "data": {
            "dirs": {
                "external": {
                    "dirs": {},
                    "files": {
                        ".gitkeep": {
                            "sha": "e69de29bb2d1d6434b8b29ae775ad8c2e48c5391"
                        }
                    }
                },
                "intermediate": {
                    "dirs": {},
                    "files": {
                        ".gitkeep": {
                            "sha": "e69de29bb2d1d6434b8b29ae775ad8c2e48c5391"
                        }
                    }
                },
                "processed": {
                    "dirs": {},
                    "files": {
                        ".gitkeep": {
                            "sha": "e69de29bb2d1d6434b8b29ae775ad8c2e48c5391"
                        }
                    }
                },
                "raw": {
                    "dirs": {},
                    "files": {
                        ".gitkeep": {
                            "sha": "e69de29bb2d1d6434b8b29ae775ad8c2e48c5391"
                        }
                    }
                }
            },
            "files": {}
        },
        "docs": {
            "dirs": {
                "_build": {
                    "dirs": {
                        "doctrees": {
                            "dirs": {},
                            "files": {
                                "corona.doctree": {
                                    "sha": "d4cf852220616760341a0fb608a589f5f47501a5"
                                },
                                "corona.nodes.doctree": {
                                    "sha": "707a7145e0031ec0b3e93cffaa00294dfbbcddb9"
                                },
                                "environment.pickle": {
                                    "sha": "ce053a2ff75b52c2753befc574578994348a6de5"
                                },
                                "index.doctree": {
                                    "sha": "666259731054a9f5872a629d8c3dd261d92308b0"
                                },
                                "src.doctree": {
                                    "sha": "8687a135ec1987a2265742567cddfa89528f46f3"
                                },
                                "src.nodes.doctree": {
                                    "sha": "d473ff3031d85d12e0a528053977a508ba524c05"
                                }
                            }
                        }
                    },
                    "files": {}
                }
            },
            "files": {
                "Makefile": {
                    "sha": "d4bb2cbb9eddb1bb1b4f366623044af8e4830919"
                },
                "conf.py": {
                    "sha": "555249da6c1de80a4ee6e88550561291a3b3bb97"
                },
                "index.rst": {
                    "sha": "899cbac632eda273b0544796f68754b97065f212"
                },
                "make.bat": {
                    "sha": "2119f51099bf37e4fdb6071dce9f451ea44c62dd"
                },
                "src.nodes.rst": {
                    "sha": "462b735369c08274ef66558f808475b3521eae04"
                },
                "src.rst": {
                    "sha": "9ebbb72f0936e090fcff06f4fb3172534d90bb5e"
                }
            }
        },
        "log": {
            "dirs": {},
            "files": {
                "dump.log": {
                    "sha": "e69de29bb2d1d6434b8b29ae775ad8c2e48c5391"
                }
            }
        },
        "src": {
            "dirs": {
                "nodes": {
                    "dirs": {},
                    "files": {
                        "data_gathering.py": {
                            "sha": "b473460906d5b4d02ac5ff948914dc8ee0c7d38e"
                        },
                        "data_preparation.py": {
                            "sha": "409a8f1eb7acbf4906f10febc993c77c0084bf3d"
                        },
                        "data_storage.py": {
                            "sha": "39f3f3c10fc0ab65b049b260e830bfe309f772eb"
                        },
                        "data_transform.py": {
                            "sha": "f045f86d331b69846a06894a933169ab31f55612"
                        },
                        "data_viz.py": {
                            "sha": "9a455659587ce44c3bdd4376cff3f8167447eaf6"
                        }
                    }
                }
            },
            "files": {
                "__init__.py": {
                    "sha": "e69de29bb2d1d6434b8b29ae775ad8c2e48c5391"
                },
                "client.py": {
                    "sha": "3db1187317a775c62a2bfb28e8daef3c0fd73aec"
                },
                "params.py": {
                    "sha": "22963ea61d11ddc5fdf0b2a138880b3b47b422d0"
                },
                "pipeline.py": {
                    "sha": "9235f521972813e4bc3a750deb3e971b9424bb90"
                }
            }
        }
    },
    "files": {
        ".env": {
            "sha": "703be89c1a842bdaf160aa175181de0cb70f6d8a"
        },
        ".gitignore": {
            "sha": "0fe60d18fbf926820217c2f828efcf6dec7c4c11"
        },
        "README.md": {
            "sha": "ca70a80d427eb9b81043fe65cd33cf1653ceac75"
        },
        "requirements.txt": {
            "sha": "3204ad37c22a2336ff41293cae2f48544033836b"
        },
        "setup.py": {
            "sha": "e40aa6ad2ee20dcd453f3b9424ad6c0ffb5e904c"
        }
    }
}