{
    "dirs": {
        "app": {
            "dirs": {
                "apis": {
                    "dirs": {
                        "{{cookiecutter.first_entity}}": {
                            "dirs": {},
                            "files": {
                                "__init__.py": {
                                    "sha": "e69de29bb2d1d6434b8b29ae775ad8c2e48c5391"
                                },
                                "container.py": {
                                    "sha": "05d15222333f762557e9b47f7bbafe271c674874"
                                },
                                "models.py": {
                                    "sha": "a427e2dc58d139a71670e177470bcca432261772"
                                },
                                "routers.py": {
                                    "sha": "ccf5395823a209ea7361ec2789fa1662fe1424bc"
                                },
                                "schemas.py": {
                                    "sha": "7115d62acdc3fe63f6f8551c9d3776c2d01b5cf6"
                                },
                                "service.py": {
                                    "sha": "6788ace3f809b76fcf15e23fa5ccf784e4b1b65a"
                                }
                            }
                        }
                    },
                    "files": {
                        "__init__.py": {
                            "sha": "e69de29bb2d1d6434b8b29ae775ad8c2e48c5391"
                        },
                        "config.py": {
                            "sha": "11ef909d61902b33bf968de8451ef422daabbc98"
                        },
                        "containers.py": {
                            "sha": "9eeb99d8d672bec75c9510c09c9dab3fb60d8bbc"
                        },
                        "repositories.py": {
                            "sha": "db6874bc739a58d3f2983823182210962054f682"
                        },
                        "routers.py": {
                            "sha": "9bd30a67f10b8665980ee361c5c7ed5b574a0c03"
                        }
                    }
                },
                "core": {
                    "dirs": {},
                    "files": {
                        "__init__.py": {
                            "sha": "e69de29bb2d1d6434b8b29ae775ad8c2e48c5391"
                        },
                        "model_factory.py": {
                            "sha": "ccff926f61e55bec3ccfd4f02c5cdbfe204cb680"
                        }
                    }
                }
            },
            "files": {
                "__init__.py": {
                    "sha": "e69de29bb2d1d6434b8b29ae775ad8c2e48c5391"
                },
                "main.py": {
                    "sha": "658241f1e898b7e015c55ba80be111a19c57fe23"
                }
            }
        },
        "scripts": {
            "dirs": {},
            "files": {
                "clean.sh": {
                    "sha": "fcd348d0d8b3a2ca556a104430030fa32c992436"
                },
                "install.sh": {
                    "sha": "44ad83e4e136c1752187af468b948d1e46cb3d5f"
                },
                "lint.sh": {
                    "sha": "2cd6bd5077d608eeb9fff277f529dbebc67feea5"
                },
                "run_app.sh": {
                    "sha": "85134fc969ef47d711f0f83b7661fc77b56a9c87"
                },
                "setup_dev.sh": {
                    "sha": "c9c6a79cc47ab68c532850c0b0f5862ad42af414"
                },
                "test.sh": {
                    "sha": "6c7b5f627de72821c636f685da0d50eeb2142c07"
                },
                "venv.sh": {
                    "sha": "b18f18f87f6fe941d63d230318e889a85bd83f04"
                }
            }
        },
        "tests": {
            "dirs": {
                "unit": {
                    "dirs": {
                        "endpoints": {
                            "dirs": {},
                            "files": {
                                "test_{{cookiecutter.first_entity}}.py": {
                                    "sha": "4e5618598352bc08bd048564ef73460a711c1fd3"
                                }
                            }
                        }
                    },
                    "files": {
                        "__init__.py": {
                            "sha": "e69de29bb2d1d6434b8b29ae775ad8c2e48c5391"
                        },
                        "conftest.py": {
                            "sha": "5f5b623cd5fc42b88cbdb404329dba69262be878"
                        },
                        "test_repositories.py": {
                            "sha": "673425556ce79b19585c21ef08f5c58051366c84"
                        }
                    }
                }
            },
            "files": {
                "__init__.py": {
                    "sha": "e69de29bb2d1d6434b8b29ae775ad8c2e48c5391"
                }
            }
        }
    },
    "files": {
        ".gitignore": {
            "sha": "f996082332ce8a2008f357b5c61761bf6daa6eff"
        },
        ".pre-commit-config.yaml": {
            "sha": "6d0500e0a5939ac31ba58f3512520348c626a182"
        },
        "CONTRIBUTING.md": {
            "sha": "d6c8b1b584a96d866c94ab9b26e724bcb07ecdd4"
        },
        "LICENSE": {
            "sha": "7d1f35eb2f0abe022275cc5c301d10b0e89f8752"
        },
        "README.md": {
            "sha": "ec428816eb08e5de7385ca42e53511415ef07f37"
        },
        "pyproject.toml": {
            "sha": "130b40839a48cb20acb58740d37f82e14899721e"
        }
    }
}