{
    "dirs": {
        "doc": {
            "dirs": {},
            "files": {
                "authors.rst": {
                    "sha": "e122f914a87b277e565fc9567af1a7545ec9872b"
                },
                "conf.py": {
                    "sha": "e7e627ffa36c9fa50a328672baf482b69559ccf3"
                },
                "contributing.rst": {
                    "sha": "e582053ea018c369be05aae96cf730744f1dc616"
                },
                "index.rst": {
                    "sha": "29ae4632461723b1189abbb3363096685b20e5d5"
                },
                "readme.rst": {
                    "sha": "72a33558153fb57def85612b021ec596ef2a51b9"
                }
            }
        },
        "{{ cookiecutter.repo_name }}": {
            "dirs": {
                "cfg": {
                    "dirs": {},
                    "files": {
                        "dev.toml": {
                            "sha": "cf99beefd89a870ddd63e7091f66cc6f5ad58f97"
                        }
                    }
                },
                "tests": {
                    "dirs": {},
                    "files": {
                        "__init__.py": {
                            "sha": "e69de29bb2d1d6434b8b29ae775ad8c2e48c5391"
                        },
                        "test_{{ cookiecutter.repo_name }}.py": {
                            "sha": "a36fd51269ca3f7a366d5996e013569e55348286"
                        }
                    }
                }
            },
            "files": {
                "__init__.py": {
                    "sha": "45afb9fe833f1aa43b75f0791375055826d86ea3"
                },
                "utils.py": {
                    "sha": "444c87d1c0694c56c073fe6be4ce3b45343bd25f"
                },
                "{{ cookiecutter.repo_name }}.py": {
                    "sha": "ea699bf8f51084430212d70f59363f22569b68bd"
                }
            }
        }
    },
    "files": {
        ".gitignore": {
            "sha": "746cf922e364580326354d975013f853e4e4450f"
        },
        "AUTHORS.rst": {
            "sha": "97c3170de2b230079036c9e1e0cfea6fb32f8d48"
        },
        "CONTRIBUTING.rst": {
            "sha": "5fcfaebc5b78b3ece7f80537ae16d923b39ef591"
        },
        "Changelog": {
            "sha": "0aaea07c3fcd5edfc6c863c46eac4811677ea984"
        },
        "Dockerfile": {
            "sha": "029d712e4eb383da77c5ddcf4e5a9b984f6abaa0"
        },
        "LICENSE": {
            "sha": "a87611ef9db679b040ad07ce0b75d6b714a62c79"
        },
        "MANIFEST.in": {
            "sha": "8f454f7ab40a6495485268335799f3bfe36bcc50"
        },
        "Makefile": {
            "sha": "9dee11625283f4bdf3cffce82862627d6cf6c761"
        },
        "README.rst": {
            "sha": "9b641d92baa75e34e37d9f93b7097dc8f98d8976"
        },
        "mypy.ini": {
            "sha": "cbef2d8aa8c10c945326e88c9d14337c6570c4f6"
        },
        "requirements-test.txt": {
            "sha": "c24f6b23908e36f6a6b8b548ca497d6be68316ca"
        },
        "requirements.in": {
            "sha": "90e0bfaa552e298f51c92dad385ad6ee620b35ab"
        },
        "requirements.txt": {
            "sha": "e69de29bb2d1d6434b8b29ae775ad8c2e48c5391"
        },
        "setup.cfg": {
            "sha": "2a9acf13daa95e85642ea255d3e3bd1ef8252804"
        },
        "setup.py": {
            "sha": "28cd81f6d651588cb718a728cb8d2c9165ae1140"
        },
        "{{ cookiecutter.repo_name }}.sublime-project": {
            "sha": "ec4bf8c213aee3651ec85b9ba32b78271f0cf9b5"
        }
    }
}