{
    "dirs": {
        "Modules": {
            "dirs": {
                "Core": {
                    "dirs": {
                        "Sources": {
                            "dirs": {
                                "Assets": {
                                    "dirs": {
                                        "Resources": {
                                            "dirs": {
                                                "Colors.xcassets": {
                                                    "dirs": {
                                                        "Branding": {
                                                            "dirs": {
                                                                "brandPrimary.colorset": {
                                                                    "dirs": {},
                                                                    "files": {
                                                                        "Contents.json": {
                                                                            "sha": "5a878acbf6a3cc28dae0305dbd21f8f8b4eb413e"
                                                                        }
                                                                    }
                                                                }
                                                            },
                                                            "files": {
                                                                "Contents.json": {
                                                                    "sha": "73c00596a7fca3f3d4bdd64053b69d86745f9e10"
                                                                }
                                                            }
                                                        },
                                                        "Feedback": {
                                                            "dirs": {
                                                                "error.colorset": {
                                                                    "dirs": {},
                                                                    "files": {
                                                                        "Contents.json": {
                                                                            "sha": "e3d3025fd535ca1870b10c6ed7a3e5f19ab129e6"
                                                                        }
                                                                    }
                                                                },
                                                                "success.colorset": {
                                                                    "dirs": {},
                                                                    "files": {
                                                                        "Contents.json": {
                                                                            "sha": "0eef667b8f15f4a51f444aaae03a684e3530f5ec"
                                                                        }
                                                                    }
                                                                },
                                                                "warning.colorset": {
                                                                    "dirs": {},
                                                                    "files": {
                                                                        "Contents.json": {
                                                                            "sha": "b46c1195b81d3b96f955630b5cfd4a6d334f69be"
                                                                        }
                                                                    }
                                                                }
                                                            },
                                                            "files": {
                                                                "Contents.json": {
                                                                    "sha": "73c00596a7fca3f3d4bdd64053b69d86745f9e10"
                                                                }
                                                            }
                                                        }
                                                    },
                                                    "files": {
                                                        "Contents.json": {
                                                            "sha": "73c00596a7fca3f3d4bdd64053b69d86745f9e10"
                                                        }
                                                    }
                                                },
                                                "Images.xcassets": {
                                                    "dirs": {
                                                        "icons": {
                                                            "dirs": {},
                                                            "files": {
                                                                "Contents.json": {
                                                                    "sha": "73c00596a7fca3f3d4bdd64053b69d86745f9e10"
                                                                }
                                                            }
                                                        },
                                                        "illustrations": {
                                                            "dirs": {},
                                                            "files": {
                                                                "Contents.json": {
                                                                    "sha": "73c00596a7fca3f3d4bdd64053b69d86745f9e10"
                                                                }
                                                            }
                                                        },
                                                        "logos": {
                                                            "dirs": {},
                                                            "files": {
                                                                "Contents.json": {
                                                                    "sha": "73c00596a7fca3f3d4bdd64053b69d86745f9e10"
                                                                }
                                                            }
                                                        }
                                                    },
                                                    "files": {
                                                        "Contents.json": {
                                                            "sha": "73c00596a7fca3f3d4bdd64053b69d86745f9e10"
                                                        }
                                                    }
                                                },
                                                "de.lproj": {
                                                    "dirs": {},
                                                    "files": {
                                                        "Localizable.strings": {
                                                            "sha": "4b03483b949b3d0407c122f2a30860f8307781c0"
                                                        }
                                                    }
                                                }
                                            },
                                            "files": {}
                                        }
                                    },
                                    "files": {
                                        "Colors.swift": {
                                            "sha": "708f182e677b6bdce30276eaaea941ee32c5918c"
                                        },
                                        "Images.swift": {
                                            "sha": "a85dc245638cb06750c3d1ece521e013650085c2"
                                        },
                                        "Strings.swift": {
                                            "sha": "86a4cda6c6e1eb2dcd80827edfa1b938a57cec1d"
                                        }
                                    }
                                },
                                "CommonUI": {
                                    "dirs": {
                                        "Extensions": {
                                            "dirs": {},
                                            "files": {
                                                "Storyboard.swift": {
                                                    "sha": "9dc8de5541cc9a408e72179b776d78f3a97b953e"
                                                }
                                            }
                                        },
                                        "Style": {
                                            "dirs": {},
                                            "files": {
                                                "Appearance.swift": {
                                                    "sha": "7a506422a328c17bcfd8b1e71f0477255e86bff1"
                                                }
                                            }
                                        }
                                    },
                                    "files": {
                                        "ViewState.swift": {
                                            "sha": "003f359f2d703799d690c76f1f6afc801c5af400"
                                        }
                                    }
                                },
                                "Models": {
                                    "dirs": {},
                                    "files": {
                                        "Item.swift": {
                                            "sha": "9d16f9d4d05a4a216aac790ef2ba2952da6bea5d"
                                        }
                                    }
                                },
                                "Networking": {
                                    "dirs": {
                                        "Stubs": {
                                            "dirs": {},
                                            "files": {
                                                "items.json": {
                                                    "sha": "41c00f17350ce4102d6d40ffcd3c4008f048e61a"
                                                }
                                            }
                                        }
                                    },
                                    "files": {
                                        "API.swift": {
                                            "sha": "09350181c234c1c110842908bd0cc55d74f077d0"
                                        },
                                        "AuthHandler.swift": {
                                            "sha": "7f3f30d553b0780fe7072201f25d6a18083845ea"
                                        },
                                        "CredentialsController.swift": {
                                            "sha": "c490a51a7efb214c48e257c0047af4be66de57e5"
                                        }
                                    }
                                },
                                "Utilities": {
                                    "dirs": {},
                                    "files": {
                                        "Config.swift": {
                                            "sha": "b628eb572759ffcabb437752db80f953d51c8153"
                                        },
                                        "Decoders.swift": {
                                            "sha": "6897bd8e896ea4f45de74cb9592ed919f840bba6"
                                        },
                                        "Environment.swift": {
                                            "sha": "c5dfd56051bc43b0fa75eaa30ee9b00a2303fb38"
                                        },
                                        "FormatStyles.swift": {
                                            "sha": "c484c0fee2891b80f216352f90b2b0de34c6ad4d"
                                        },
                                        "Logging.swift": {
                                            "sha": "ca38996f7925d5d861e1f669d17e8343ec95dcfb"
                                        }
                                    }
                                }
                            },
                            "files": {}
                        },
                        "Tests": {
                            "dirs": {},
                            "files": {
                                "CoreTests.swift": {
                                    "sha": "0013dca73e7ca50f63d1056a14eaa3602201be4e"
                                }
                            }
                        }
                    },
                    "files": {
                        ".gitignore": {
                            "sha": "3b29812086f28a2b21884e57ead495ffd9434178"
                        },
                        "Package.swift": {
                            "sha": "e6f13233de6a77b37e8dfd1e44165fbe0bc2dd56"
                        },
                        "README.md": {
                            "sha": "8eeff80bff9fc40de6ce5671a846916f788e1d36"
                        }
                    }
                },
                "Features": {
                    "dirs": {
                        "Sources": {
                            "dirs": {
                                "AuthFeature": {
                                    "dirs": {},
                                    "files": {
                                        "AuthCoordinator.swift": {
                                            "sha": "1f7e025353aa4b860b1e7b4caaf677df74a120b7"
                                        },
                                        "LoginViewController.swift": {
                                            "sha": "e9f2b9b1ccf814ed17602fc635b5b66847e379ca"
                                        }
                                    }
                                },
                                "ExampleFeature": {
                                    "dirs": {},
                                    "files": {
                                        "ExampleCoordinator.swift": {
                                            "sha": "d93f187a47f0760e4c03c6fce7641c5e8f8cabbf"
                                        },
                                        "ExampleScreen.swift": {
                                            "sha": "a4a17ff4ef396612a1b5397a4bc5491ded966238"
                                        },
                                        "ExampleViewModel.swift": {
                                            "sha": "b182ac508779110ce35fe95d61fd375018e07e09"
                                        }
                                    }
                                },
                                "MainFeature": {
                                    "dirs": {},
                                    "files": {
                                        "MainCoordinator.swift": {
                                            "sha": "48522875466a84267f8b54a7dc09f3cc53063867"
                                        }
                                    }
                                }
                            },
                            "files": {}
                        },
                        "Tests": {
                            "dirs": {},
                            "files": {
                                "FeaturesTests.swift": {
                                    "sha": "9df0cd0e6861df4c968aa13272828c6686a15dd2"
                                }
                            }
                        }
                    },
                    "files": {
                        ".gitignore": {
                            "sha": "3b29812086f28a2b21884e57ead495ffd9434178"
                        },
                        "Package.swift": {
                            "sha": "25858b258ecc910862b6e40bf566a1cb862aaa7c"
                        },
                        "README.md": {
                            "sha": "eb3fbeb0d9efcca8c3679219fc001c711814efdb"
                        }
                    }
                }
            },
            "files": {}
        },
        "templates": {
            "dirs": {},
            "files": {
                "assets.stencil": {
                    "sha": "2106cec978ce117175cb3cecff2fb1f9a4d88f67"
                }
            }
        },
        "{{cookiecutter.projectName}}": {
            "dirs": {
                "Assets": {
                    "dirs": {
                        "Assets.xcassets": {
                            "dirs": {
                                "AppIcon.appiconset": {
                                    "dirs": {},
                                    "files": {
                                        "02 orange.png": {
                                            "sha": "4a586fc1f675265a0bc3a687193a306c98474291"
                                        },
                                        "Contents.json": {
                                            "sha": "fe0cb1dc919cccf49e333d8eac315526b136ac26"
                                        }
                                    }
                                }
                            },
                            "files": {
                                "Contents.json": {
                                    "sha": "da4a164c918651cdd1e11dca5cc62c333f097601"
                                }
                            }
                        }
                    },
                    "files": {}
                },
                "Code": {
                    "dirs": {},
                    "files": {
                        "AppCoordinator.swift": {
                            "sha": "60b6816786768b7bc2ae6de0ab206b094211e014"
                        },
                        "AppDelegate.swift": {
                            "sha": "8b920d74a1073f909286e9b17c58f78f52b6f0b1"
                        },
                        "SceneDelegate.swift": {
                            "sha": "b8b596332c4d4a68a937a298e62ec123fa99eef2"
                        }
                    }
                },
                "SupportingFiles": {
                    "dirs": {
                        "Base.lproj": {
                            "dirs": {},
                            "files": {
                                "LaunchScreen.storyboard": {
                                    "sha": "d35ccf43108f9b2fea7ec03a4e1fb336efcea1b4"
                                }
                            }
                        },
                        "Configurations": {
                            "dirs": {},
                            "files": {
                                "Dev.xcconfig": {
                                    "sha": "890a7073588c7fd89502d266cb69bcbcaee6be0f"
                                },
                                "Live.xcconfig": {
                                    "sha": "d34c8ecc08a4999c815fe84e43dafdad8440d04b"
                                },
                                "Staging.xcconfig": {
                                    "sha": "78857f24fa4f8f16c91c276acde2ef94d202812d"
                                }
                            }
                        },
                        "Settings.bundle": {
                            "dirs": {
                                "com.mono0926.LicensePlist": {
                                    "dirs": {},
                                    "files": {
                                        "Alamofire.plist": {
                                            "sha": "d0e2be434cdaa7129ab43fbdb9aed195d68eb9f2"
                                        },
                                        "AlamofireImage.plist": {
                                            "sha": "23ef1977e6110f9676b0ecab0ab11b1a449ab46d"
                                        },
                                        "DataSource.plist": {
                                            "sha": "183f5da3ec995b93c19c4e3c27537a8062d5446b"
                                        },
                                        "Differ.plist": {
                                            "sha": "951d7bcfd756bb2c13e783c37d04d0b06237fa21"
                                        },
                                        "Fetch.plist": {
                                            "sha": "fb98f3a09d6db305a266357e4b2808f2f8590a42"
                                        },
                                        "KeychainAccess.plist": {
                                            "sha": "789ef63efe0284389de8d0f554f5823a82b9a6f4"
                                        },
                                        "Logbook.plist": {
                                            "sha": "0aa3af9b0cc53c902d2b5d1fc06c255ce1453ce9"
                                        },
                                        "StatefulViewController.plist": {
                                            "sha": "e1e6e2e858da5e7e43047dc7fbe397ca4c130f0e"
                                        },
                                        "Toolbox.plist": {
                                            "sha": "183f5da3ec995b93c19c4e3c27537a8062d5446b"
                                        }
                                    }
                                }
                            },
                            "files": {
                                "Root.plist": {
                                    "sha": "cccf655b4ca824dd0c4fa155eafeb9f00b7beb6b"
                                },
                                "com.mono0926.LicensePlist.latest_result.txt": {
                                    "sha": "0e0bfd31953c57c8c00b33be4efb17a3b15d65cb"
                                },
                                "com.mono0926.LicensePlist.plist": {
                                    "sha": "ea6cdbaac5fdd6ac5df147cbdf7869865ec568f9"
                                }
                            }
                        }
                    },
                    "files": {
                        "Info.plist": {
                            "sha": "c888f103ed3f0434cc8c69e0b920002d2b730d9e"
                        }
                    }
                }
            },
            "files": {}
        }
    },
    "files": {
        ".gitignore": {
            "sha": "0cb9a72224076ad40a5f5429cd70d0aeaf848c33"
        },
        ".swiftlint.yml": {
            "sha": "bedd8de1aa9c04bad45c5fe66f92c3de644123af"
        },
        "README.md": {
            "sha": "2a0ba9d0003e43ea43f07f368d1a28d91a35c035"
        },
        "bitrise.yml": {
            "sha": "f2609cd9a3f3d3db60d0bd8b09b52b9c00caafd0"
        },
        "buildStrings": {
            "sha": "6d3c36f6b7f86419973c024c7ba128712f4d343c"
        },
        "default.swiftformat": {
            "sha": "b8ada8a61ab9545731a7b8d192795bcfdee95d37"
        },
        "project.yml": {
            "sha": "aa7d4a80ea3b989e0a0db2c53948d98bffd70ad3"
        },
        "swiftgen.yml": {
            "sha": "36e2c9b1acd9f3fe07535bf35b391e4b37a93d00"
        },
        "texterify.json": {
            "sha": "1e22c0983ec52fdbacd8ea6a422577feafeca287"
        }
    }
}