{
    "dirs": {
        ".streamlit": {
            "dirs": {},
            "files": {
                "config.toml": {
                    "sha": "91dd8f6084ece88c4b9bb71a5adc26c9dbc00a42"
                }
            }
        },
        "data": {
            "dirs": {},
            "files": {
                "random_data_file.csv": {
                    "sha": "e69de29bb2d1d6434b8b29ae775ad8c2e48c5391"
                }
            }
        },
        "output": {
            "dirs": {},
            "files": {
                "output.csv": {
                    "sha": "e69de29bb2d1d6434b8b29ae775ad8c2e48c5391"
                }
            }
        },
        "pages": {
            "dirs": {},
            "files": {
                "Page_1.py": {
                    "sha": "0002bc707db0291f3ce4e989c00beecf7e26bc4a"
                },
                "Page_2.py": {
                    "sha": "c1cdbe0f81214b8075dc0d9a0aefbafbb0064e68"
                }
            }
        },
        "src": {
            "dirs": {
                "calculations": {
                    "dirs": {},
                    "files": {
                        "simple_maths.py": {
                            "sha": "e69de29bb2d1d6434b8b29ae775ad8c2e48c5391"
                        },
                        "trig_functions.py": {
                            "sha": "e69de29bb2d1d6434b8b29ae775ad8c2e48c5391"
                        }
                    }
                },
                "components": {
                    "dirs": {},
                    "files": {
                        "sidebar.py": {
                            "sha": "bd937844dc4d68cf6ae1a1cd4ca5c84860500026"
                        },
                        "special_graph_widget.py": {
                            "sha": "e69de29bb2d1d6434b8b29ae775ad8c2e48c5391"
                        }
                    }
                }
            },
            "files": {}
        },
        "tests": {
            "dirs": {},
            "files": {
                "__init__.py": {
                    "sha": "e69de29bb2d1d6434b8b29ae775ad8c2e48c5391"
                },
                "test_simple_maths.py": {
                    "sha": "e69de29bb2d1d6434b8b29ae775ad8c2e48c5391"
                },
                "test_trig_functions.py": {
                    "sha": "e69de29bb2d1d6434b8b29ae775ad8c2e48c5391"
                }
            }
        }
    },
    "files": {
        ".gitignore": {
            "sha": "b5be395e2224a0fa61e7c9ae35dbc5a83c426d5c"
        },
        "LICENSE": {
            "sha": "15103499c1ff51128c0a9d2ee29bcfda184a45db"
        },
        "README.md": {
            "sha": "c8d3749e4c31ed66cf50d384e0ffdd0ae15fd2e5"
        },
        "app.py": {
            "sha": "bf1c1090b44a17d923eabb7fca3cad7545d4da62"
        },
        "requirements.txt": {
            "sha": "e2513300dbda3dc0882cdbc90427076a31d222c3"
        }
    }
}