{
    "dirs": {
        "app": {
            "dirs": {
                "controller": {
                    "dirs": {},
                    "files": {
                        "model_controller.py": {
                            "sha": "ad5c4852e8fe3038730ec79762be92f36b149b98"
                        }
                    }
                },
                "logs": {
                    "dirs": {},
                    "files": {
                        "access.log": {
                            "sha": "e69de29bb2d1d6434b8b29ae775ad8c2e48c5391"
                        },
                        "error.log": {
                            "sha": "e69de29bb2d1d6434b8b29ae775ad8c2e48c5391"
                        },
                        "redis.log": {
                            "sha": "e69de29bb2d1d6434b8b29ae775ad8c2e48c5391"
                        }
                    }
                },
                "msg_queue": {
                    "dirs": {},
                    "files": {
                        "__init__.py": {
                            "sha": "108c4a100040a2e4af301c0bee42e4f120825f39"
                        },
                        "celery_config.py": {
                            "sha": "9390d7524fc68d74689a2b445300a01ecbd6208f"
                        },
                        "tasks.py": {
                            "sha": "62b2311d8bf19c50125f518bddcaf641c4e199c9"
                        }
                    }
                },
                "service": {
                    "dirs": {},
                    "files": {
                        "__init__.py": {
                            "sha": "5e2e1230bfd94d51178ea440014f4c3dfc9f4e52"
                        },
                        "predict.py": {
                            "sha": "e5fecdd8a494525ab6a7ba48d370c591fac84afe"
                        }
                    }
                },
                "tests": {
                    "dirs": {},
                    "files": {
                        "__init__.py": {
                            "sha": "5b7f7a925cc054db9e518cec6849ff369e1b35b6"
                        },
                        "api_test.py": {
                            "sha": "f9bfd2a4f58b4109691e4145a267dd8ad832f0fd"
                        },
                        "celery_test.py": {
                            "sha": "ce29aa58960f088a12b4113bf8aff44237903fbd"
                        },
                        "stability_test.py": {
                            "sha": "1fe1876e5932d8be395fbce5eff5feb38ad98b8d"
                        }
                    }
                },
                "utils": {
                    "dirs": {
                        "assets": {
                            "dirs": {
                                "config": {
                                    "dirs": {},
                                    "files": {
                                        "gunicorn_config.py": {
                                            "sha": "3ddab2132b9235987e5daa8515d6a3f7e6d30e4e"
                                        }
                                    }
                                }
                            },
                            "files": {}
                        }
                    },
                    "files": {}
                }
            },
            "files": {
                "__init__.py": {
                    "sha": "67426f546e6cbfac07bbebd10dfcaf9bc05b70e0"
                },
                "api.py": {
                    "sha": "5cb9a897708d607b3c506d34865be117f33a9d53"
                }
            }
        },
        "manifests": {
            "dirs": {},
            "files": {
                "README.md": {
                    "sha": "0b71b7a03a09b90f22433bd3063afdc0cc763882"
                }
            }
        },
        "requirements": {
            "dirs": {},
            "files": {
                "base.txt": {
                    "sha": "c5b9abe6a4c1c73d1f7dce511ae5ec127f2f4399"
                },
                "default": {
                    "sha": "33524182da23ff9de077cdb8e1528beb9b7fcf0d"
                },
                "nginx.conf": {
                    "sha": "67b0a2361dc03a87bd67c79af929417bc49aa118"
                },
                "supervisord.conf": {
                    "sha": "eb26d74ce0a17bb98e4943d4b21eb4cdf843e988"
                }
            }
        }
    },
    "files": {
        "Dockerfile": {
            "sha": "c5499c60113d69b96fe9278ba484b8c845ae0a88"
        },
        "README.md": {
            "sha": "0c791a5ef046ee785165089e4b8e73a85c3aa90c"
        },
        "main.py": {
            "sha": "ec29b909eafe6fd9a016f581db7f24787731c580"
        },
        "release.sh": {
            "sha": "35a2dc5cc3ccd263529e1d6ed0ad1f61496bcf68"
        }
    }
}