{
    "dirs": {
        "docs": {
            "dirs": {},
            "files": {
                "Makefile": {
                    "sha": "83dad38d9e28a498dc78363e68e2956bc92a279d"
                },
                "authors.rst": {
                    "sha": "e122f914a87b277e565fc9567af1a7545ec9872b"
                },
                "conf.py": {
                    "sha": "4287a7249e7571d78ece6c6d7d6f9f238248e27c"
                },
                "contributing.rst": {
                    "sha": "e582053ea018c369be05aae96cf730744f1dc616"
                },
                "history.rst": {
                    "sha": "250649964bbc36f4bec2942f69238aa6f7c02c1a"
                },
                "index.rst": {
                    "sha": "08f71d00c5e4c1f7befcc569ad810e015420c5ee"
                },
                "installation.rst": {
                    "sha": "2f2cf03960b892314437c20e6066f28c5d15bc84"
                },
                "make.bat": {
                    "sha": "6746ac83a7b428b53359ecec73dc27f8ad1636cc"
                },
                "readme.rst": {
                    "sha": "72a33558153fb57def85612b021ec596ef2a51b9"
                },
                "usage.rst": {
                    "sha": "8b0fa07d3eeb9078856d9c1f41d15f84ef7b65fd"
                }
            }
        },
        "requirements": {
            "dirs": {},
            "files": {
                "dev.txt": {
                    "sha": "c285aedfdcab1955982dddc02b5b14e4fcee684f"
                },
                "prod.txt": {
                    "sha": "019eb12ace964e3c1c777da2a976f86d59447495"
                },
                "test.txt": {
                    "sha": "e740fdf879736197ef7551abf3cff0db3ea18dab"
                }
            }
        },
        "tests": {
            "dirs": {},
            "files": {
                "__init__.py": {
                    "sha": "40a96afc6ff09d58a702b76e3f7dd412fe975e26"
                },
                "test_{{cookiecutter.project_slug}}.py": {
                    "sha": "5294005d5c1bac83922187807a5c22df1ec3ad67"
                }
            }
        },
        "{{cookiecutter.project_slug}}": {
            "dirs": {},
            "files": {
                "__init__.py": {
                    "sha": "d74542ee42b71717e4bc183c93005e2d1841fa95"
                },
                "{{cookiecutter.project_slug}}.py": {
                    "sha": "fb766f2800ad70256e8e47db3449b6c5eaf32627"
                }
            }
        }
    },
    "files": {
        ".editorconfig": {
            "sha": "d4a2c4405ec2e962c521a13af91bf5f7098a62a8"
        },
        ".gitignore": {
            "sha": "7d4409882afff3c656cf493dbec668d8e462fa7b"
        },
        ".travis.yml": {
            "sha": "3a55f536a9a943f933b57b11f5e7592ac91b1042"
        },
        "AUTHORS.rst": {
            "sha": "06770ce420b0029f335a1aaac3c72dddd8fb30b5"
        },
        "CONTRIBUTING.rst": {
            "sha": "7eb2cd5e51f8ec791d1fe090257e9664d88ce147"
        },
        "HISTORY.rst": {
            "sha": "85eaf9b78c1ccecab46c70d2517603e81605b0a8"
        },
        "LICENSE": {
            "sha": "b44b306c6fe3e26207c61a4ab768910ddff161b4"
        },
        "MANIFEST.in": {
            "sha": "2bb6bb1c98ff2365661f4ecba46027acb43c3d95"
        },
        "Makefile": {
            "sha": "13e57da31561f7bfcd3f9618903f75257760d4f9"
        },
        "README.rst": {
            "sha": "2b7d806b9ce056e841ae5fe06c817ffec64c1e11"
        },
        "requirements.txt": {
            "sha": "5eaadb8e90aeabf2ad66a087d33b710ae58b5686"
        },
        "setup.cfg": {
            "sha": "292e604f15b26cc8980a28072ea680f68c7a0ec0"
        },
        "setup.py": {
            "sha": "0e4dbf73291957af76c4df61418620eceaaea3b2"
        },
        "tox.ini": {
            "sha": "bbc6265acca314962b1017f2e1a1c3cef4eeafdd"
        },
        "travis_pypi_setup.py": {
            "sha": "4342b25d42dffef0ef4f822e1ab72d2d7b319e91"
        }
    }
}