{
    "dirs": {
        ".github": {
            "dirs": {
                "workflows": {
                    "dirs": {},
                    "files": {
                        "ci.yaml": {
                            "sha": "9f0ecf1d839100f55e56ccf39b51dbac2e4ad062"
                        }
                    }
                }
            },
            "files": {}
        },
        "app": {
            "dirs": {
                "api": {
                    "dirs": {
                        "routes": {
                            "dirs": {},
                            "files": {
                                "__init__.py": {
                                    "sha": "e69de29bb2d1d6434b8b29ae775ad8c2e48c5391"
                                },
                                "api.py": {
                                    "sha": "a34b37ad98ceee3d8e17d4e129cdf93895acbab3"
                                },
                                "predictor.py": {
                                    "sha": "3a8ad801d8313208fbd3519a8f7a867927c3a69c"
                                }
                            }
                        }
                    },
                    "files": {
                        "__init__.py": {
                            "sha": "2c625a7624756227743f65348191fab7f1639b97"
                        }
                    }
                },
                "core": {
                    "dirs": {},
                    "files": {
                        "__init__.py": {
                            "sha": "e69de29bb2d1d6434b8b29ae775ad8c2e48c5391"
                        },
                        "config.py": {
                            "sha": "d2fac35a13b245bcd48e4c364f7a95b5be5a6a69"
                        },
                        "errors.py": {
                            "sha": "0c80764dfefbfe5694b1e6ea4c7bee8c8c94d741"
                        },
                        "events.py": {
                            "sha": "86bbc97e3675ef4c201b968b7d4a4d94144afd77"
                        },
                        "logging.py": {
                            "sha": "a22cc556b7a2167a359e2ef2bd13464ce5201a0a"
                        },
                        "paginator.py": {
                            "sha": "c3d393cea97190482786cabbfcd6024fafaaf2df"
                        }
                    }
                },
                "models": {
                    "dirs": {},
                    "files": {
                        "prediction.py": {
                            "sha": "91487ebd2b2bcc2c131eb851ac839f1872fb7ce2"
                        }
                    }
                },
                "services": {
                    "dirs": {},
                    "files": {
                        "predict.py": {
                            "sha": "379019f2413697d43df68233642191426243894f"
                        }
                    }
                }
            },
            "files": {
                "__init__.py": {
                    "sha": "e1c3923aa4742a70a22980b9204e3f42f7615c2f"
                },
                "main.py": {
                    "sha": "3da6776a613d9fe6e0ae9ade82e32d3362f560a1"
                }
            }
        },
        "ml": {
            "dirs": {
                "data": {
                    "dirs": {},
                    "files": {
                        "__init__.py": {
                            "sha": "e69de29bb2d1d6434b8b29ae775ad8c2e48c5391"
                        },
                        "make_dataset.py": {
                            "sha": "ac10eb522c8b7f0e3da843470915349010fb52da"
                        }
                    }
                },
                "features": {
                    "dirs": {},
                    "files": {
                        "__init__.py": {
                            "sha": "e69de29bb2d1d6434b8b29ae775ad8c2e48c5391"
                        },
                        "build_features.py": {
                            "sha": "e3f928b5e83783fd311de2aded2712864195ae7f"
                        }
                    }
                },
                "model": {
                    "dirs": {
                        "examples": {
                            "dirs": {},
                            "files": {
                                "example.json": {
                                    "sha": "3ea0af600d84c98543563b1c1180d4b25b5dcf83"
                                }
                            }
                        }
                    },
                    "files": {
                        ".gitkeep": {
                            "sha": "e69de29bb2d1d6434b8b29ae775ad8c2e48c5391"
                        }
                    }
                }
            },
            "files": {
                "__init__.py": {
                    "sha": "e69de29bb2d1d6434b8b29ae775ad8c2e48c5391"
                }
            }
        },
        "notebooks": {
            "dirs": {},
            "files": {
                ".gitkeep": {
                    "sha": "e69de29bb2d1d6434b8b29ae775ad8c2e48c5391"
                }
            }
        },
        "tests": {
            "dirs": {},
            "files": {
                "__init__.py": {
                    "sha": "e69de29bb2d1d6434b8b29ae775ad8c2e48c5391"
                },
                "test_pagination_behavior.py": {
                    "sha": "27f12cc08b4d1c0223f778156eaca4b18ff049cc"
                }
            }
        }
    },
    "files": {
        ".env.example": {
            "sha": "e8967aef4390bdc9e84816adf2fb14ff83aebbe3"
        },
        ".gitignore": {
            "sha": "47e231874fb8c2b720ee13b010ecdd5baa4f9027"
        },
        ".pylintrc": {
            "sha": "3d1c651f8fb4179f4d4b3fcd243f59b7c5c4dbe1"
        },
        "Dockerfile": {
            "sha": "76e059fee61f9c49acc80d278063c76437785d6b"
        },
        "Makefile": {
            "sha": "471df86311763abb86245c8ef46df7b7d3b750f4"
        },
        "README.md": {
            "sha": "693f23790e315b0908be914f876e1588653624bf"
        },
        "docker-compose.yml": {
            "sha": "1b79df7dbc80dc0eecb93f86edefff643dff8a55"
        },
        "pyproject.toml": {
            "sha": "025d072ed07343401f68b6daac43f6410e3c8b0b"
        },
        "uv.lock": {
            "sha": "1b07c7e2863c76ca19ccd61f9b6c389e4de46893"
        }
    }
}