{
    "dirs": {
        ".nbconvert_templates": {
            "dirs": {
                "ap_report": {
                    "dirs": {
                        "static": {
                            "dirs": {},
                            "files": {
                                "style.css": {
                                    "sha": "5d4a51dc9df787714284cae2b44186fae42ab890"
                                }
                            }
                        }
                    },
                    "files": {
                        "ap.svg": {
                            "sha": "2ed3e6ef5ac20b1da001a3316ac9fdb81ec93808"
                        },
                        "conf.json": {
                            "sha": "68fdf836dcedb45914949c1d776176ddc7b92760"
                        },
                        "index.html.j2": {
                            "sha": "c981864cbfdef68b7b9fc2bd287dc4557370015b"
                        }
                    }
                }
            },
            "files": {}
        },
        "analysis": {
            "dirs": {
                "archive": {
                    "dirs": {},
                    "files": {
                        ".gitkeep": {
                            "sha": "e69de29bb2d1d6434b8b29ae775ad8c2e48c5391"
                        }
                    }
                },
                "notebook_templates": {
                    "dirs": {
                        "ap_data_team": {
                            "dirs": {},
                            "files": {
                                "quarto.ipynb": {
                                    "sha": "ca750198f9920c610020e6ead26f1d37386565b9"
                                },
                                "rmarkdown.ipynb": {
                                    "sha": "9e9ec2ec7d2957c43868614647b6439ad32a77e6"
                                }
                            }
                        }
                    },
                    "files": {}
                }
            },
            "files": {
                ".gitkeep": {
                    "sha": "e69de29bb2d1d6434b8b29ae775ad8c2e48c5391"
                }
            }
        },
        "data": {
            "dirs": {
                "documentation": {
                    "dirs": {},
                    "files": {
                        ".gitignore": {
                            "sha": "c96a04f008ee21e260b28f7701595ed59e2839e3"
                        }
                    }
                },
                "handmade": {
                    "dirs": {},
                    "files": {
                        ".gitignore": {
                            "sha": "c96a04f008ee21e260b28f7701595ed59e2839e3"
                        }
                    }
                },
                "html_reports": {
                    "dirs": {},
                    "files": {
                        ".gitignore": {
                            "sha": "c96a04f008ee21e260b28f7701595ed59e2839e3"
                        }
                    }
                },
                "processed": {
                    "dirs": {},
                    "files": {
                        ".gitignore": {
                            "sha": "c96a04f008ee21e260b28f7701595ed59e2839e3"
                        }
                    }
                },
                "public": {
                    "dirs": {},
                    "files": {
                        ".gitignore": {
                            "sha": "c96a04f008ee21e260b28f7701595ed59e2839e3"
                        }
                    }
                },
                "source": {
                    "dirs": {},
                    "files": {
                        ".gitignore": {
                            "sha": "c96a04f008ee21e260b28f7701595ed59e2839e3"
                        }
                    }
                }
            },
            "files": {
                ".gitignore": {
                    "sha": "8d61b80a835a06923e6dd02f59adf163d82f077d"
                }
            }
        },
        "etl": {
            "dirs": {},
            "files": {
                ".gitkeep": {
                    "sha": "e69de29bb2d1d6434b8b29ae775ad8c2e48c5391"
                }
            }
        },
        "publish": {
            "dirs": {},
            "files": {
                ".gitkeep": {
                    "sha": "e69de29bb2d1d6434b8b29ae775ad8c2e48c5391"
                }
            }
        },
        "scratch": {
            "dirs": {},
            "files": {
                ".gitkeep": {
                    "sha": "e69de29bb2d1d6434b8b29ae775ad8c2e48c5391"
                }
            }
        }
    },
    "files": {
        ".export_rmarkdown.R": {
            "sha": "c356ecebccd6dd77a08f5442d5cefdce690876ce"
        },
        ".first_install.py": {
            "sha": "b4e2adc253f9070e04d8750e82a2697872cf9979"
        },
        ".gitignore": {
            "sha": "f55df6fc60767d4f9b4b32ae70d88518537f12a4"
        },
        ".set_kernel_path.sh": {
            "sha": "466175e2c4538582cdd3cf70402257b532cc6b16"
        },
        "README.md": {
            "sha": "ad87dd0253fbb46f0a4d351bcfca40b61e69d8d7"
        },
        "_quarto.yml": {
            "sha": "7e85d4a7a17ddbea9351dfa30a0d31d87c85c88c"
        }
    }
}