{
    "dirs": {
        "analysis": {
            "dirs": {
                "archive": {
                    "dirs": {},
                    "files": {
                        ".gitkeep": {
                            "sha": "e69de29bb2d1d6434b8b29ae775ad8c2e48c5391"
                        }
                    }
                },
                "markdown": {
                    "dirs": {},
                    "files": {
                        ".gitkeep": {
                            "sha": "e69de29bb2d1d6434b8b29ae775ad8c2e48c5391"
                        }
                    }
                }
            },
            "files": {}
        },
        "data": {
            "dirs": {
                "documentation": {
                    "dirs": {},
                    "files": {
                        ".gitignore": {
                            "sha": "c96a04f008ee21e260b28f7701595ed59e2839e3"
                        }
                    }
                },
                "handmade": {
                    "dirs": {},
                    "files": {
                        ".gitignore": {
                            "sha": "c96a04f008ee21e260b28f7701595ed59e2839e3"
                        }
                    }
                },
                "html_reports": {
                    "dirs": {},
                    "files": {
                        ".gitignore": {
                            "sha": "c96a04f008ee21e260b28f7701595ed59e2839e3"
                        }
                    }
                },
                "processed": {
                    "dirs": {},
                    "files": {
                        ".gitignore": {
                            "sha": "c96a04f008ee21e260b28f7701595ed59e2839e3"
                        }
                    }
                },
                "public": {
                    "dirs": {},
                    "files": {
                        ".gitignore": {
                            "sha": "c96a04f008ee21e260b28f7701595ed59e2839e3"
                        }
                    }
                },
                "source": {
                    "dirs": {},
                    "files": {
                        ".gitignore": {
                            "sha": "c96a04f008ee21e260b28f7701595ed59e2839e3"
                        }
                    }
                }
            },
            "files": {
                ".gitignore": {
                    "sha": "8d61b80a835a06923e6dd02f59adf163d82f077d"
                }
            }
        },
        "etl": {
            "dirs": {},
            "files": {
                ".gitkeep": {
                    "sha": "e69de29bb2d1d6434b8b29ae775ad8c2e48c5391"
                }
            }
        },
        "publish": {
            "dirs": {},
            "files": {
                ".gitkeep": {
                    "sha": "e69de29bb2d1d6434b8b29ae775ad8c2e48c5391"
                }
            }
        },
        "scratch": {
            "dirs": {},
            "files": {
                ".gitkeep": {
                    "sha": "e69de29bb2d1d6434b8b29ae775ad8c2e48c5391"
                }
            }
        },
        "viz": {
            "dirs": {},
            "files": {
                ".gitkeep": {
                    "sha": "e69de29bb2d1d6434b8b29ae775ad8c2e48c5391"
                }
            }
        }
    },
    "files": {
        ".Rprofile": {
            "sha": "facd3ff62073b2500627ed33b850081566282323"
        },
        ".gitignore": {
            "sha": "9b6aa8baefe30da5c62a56222a15690115e00bbb"
        },
        "README.md": {
            "sha": "92233e41047ea0bea322519ff1d68dfb4fe01a9b"
        },
        "_quarto.yml": {
            "sha": "5a94b27e103142ad50b46ba4d1ddff6eb9b021aa"
        },
        "{{cookiecutter.project_slug}}.Rproj": {
            "sha": "e83436a3e91c411cd8248fbcb264b123dcb748f2"
        }
    }
}