{
    "dirs": {
        ".github": {
            "dirs": {
                "workflows": {
                    "dirs": {},
                    "files": {
                        "publish.yml": {
                            "sha": "55d81704c32d701e31af539d7a90cba3989e9ef4"
                        },
                        "test.yml": {
                            "sha": "52012abbffc31f4084c898cdfb39be107b7b6d40"
                        }
                    }
                }
            },
            "files": {}
        },
        "docs": {
            "dirs": {
                "source": {
                    "dirs": {
                        "_static": {
                            "dirs": {},
                            "files": {
                                ".gitkeep": {
                                    "sha": "e69de29bb2d1d6434b8b29ae775ad8c2e48c5391"
                                }
                            }
                        }
                    },
                    "files": {
                        "conf.py": {
                            "sha": "91a2e4ea3d0a836c75f1176a78feef1fb5f5dfa6"
                        },
                        "index.md": {
                            "sha": "72ccc7d499d2577375ae2cbed9c3e46fd847cdbf"
                        },
                        "index.rst": {
                            "sha": "bfefbe8ba26c6a11c5aadde2ab8481409aaa50ac"
                        }
                    }
                }
            },
            "files": {
                "Makefile": {
                    "sha": "d0c3cbf1020d5c292abdedf27627c6abe25e2293"
                }
            }
        },
        "src": {
            "dirs": {
                "{{cookiecutter.package_name}}": {
                    "dirs": {},
                    "files": {
                        "__init__.py": {
                            "sha": "fc9051a34a9c2a73a5dd49be3735ec21f6a812db"
                        },
                        "py.typed": {
                            "sha": "512ec7cb87867328d62426c131b0cdf20a74d14b"
                        }
                    }
                }
            },
            "files": {}
        },
        "tests": {
            "dirs": {},
            "files": {
                "test_import.py": {
                    "sha": "c566e8e3da984ef0143fb589a6fce9117a8b59ca"
                }
            }
        }
    },
    "files": {
        ".flake8": {
            "sha": "76bf3d9b0760190475dab74d9ceff2c5d9f92b0a"
        },
        ".gitignore": {
            "sha": "a9b7dc7214af29dfae08908d7c911d84fee07597"
        },
        ".isort.cfg": {
            "sha": "a2991f380789992a63ca89393e60d580537a4985"
        },
        ".pre-commit-config.yaml": {
            "sha": "f611ffe9033873fe31283dcbc5083da10fbd982d"
        },
        ".readthedocs.yaml": {
            "sha": "84c1b2cda1a60b17e7a008d5409a1a0d543553c6"
        },
        "CODE_OF_CONDUCT.md": {
            "sha": "c328e7d4aacb6e9e6f70ac366fc7899361a0dca5"
        },
        "CONTRIBUTING.md": {
            "sha": "e24f2341f024be19ba462ac5ba6f3b520354d8ec"
        },
        "LICENSE": {
            "sha": "682b3129c6acf3ff98a5a879207363ebabf5ee0c"
        },
        "README.md": {
            "sha": "47d217d47a07189dc5f5e1984f1ad11ddb82fde9"
        },
        "mypy.ini": {
            "sha": "2c2bdd5e6f91fce75a2b516371024425faadfec7"
        },
        "pyproject.toml": {
            "sha": "ba0899e9a8401ba39a411eac8bcffadc85b4a53d"
        },
        "tox.ini": {
            "sha": "3d7dcafe09e494a0c3605450b98d331f35a1b2ad"
        }
    }
}