{
    "dirs": {
        "docs": {
            "dirs": {},
            "files": {
                "Makefile": {
                    "sha": "298ea9e213e8c4c11f0431077510d4e325733c65"
                },
                "conf.py": {
                    "sha": "f416fff2d1354a97821d0525bd235ed2cfd51e98"
                },
                "index.rst": {
                    "sha": "4a354aa7f17dde7d3be3c631e98ff9888066506e"
                },
                "make.bat": {
                    "sha": "7893348a1b7dbb588983a48e6991282eae7e1b55"
                }
            }
        },
        "src": {
            "dirs": {
                "{{cookiecutter.module_name}}": {
                    "dirs": {},
                    "files": {
                        "__init__.py": {
                            "sha": "89a0e414dc57cedc74b312820c7f1b771cf19a1b"
                        },
                        "__main__.py": {
                            "sha": "60be7edf9f29d7242c1e9f4080e2e367097f5861"
                        }
                    }
                }
            },
            "files": {}
        },
        "tests": {
            "dirs": {},
            "files": {
                "test_{{cookiecutter.module_name}}.py": {
                    "sha": "f8a401478286b7eabab80f4b7b480a253436a52e"
                }
            }
        }
    },
    "files": {
        ".coveragerc": {
            "sha": "9e5414e58f355cda43cfba13338df173bdbb620e"
        },
        ".gitignore": {
            "sha": "c0c219be58d95f4851ae22d8869fbcc47a5d0b29"
        },
        "CONTRIBUTING.rst": {
            "sha": "8532ded651804f4ef7b3200a20d995ad29ef972c"
        },
        "LICENSE": {
            "sha": "a44ec72082443f4fe61dcbeb5e2eb9e2f7d9cf26"
        },
        "README.md": {
            "sha": "b883186f907c509a17b23782a7328479174e285f"
        },
        "code_of_conduct.md": {
            "sha": "62ab89e5631546a8b5f4f4ce4531db330f663cf2"
        },
        "pyproject.toml": {
            "sha": "86d0ff3e731017c2d1f9a7ebda8b680b04071221"
        },
        "setup.py": {
            "sha": "8144a101ee01631e8c2a41bf5909b98c89b7873c"
        },
        "tox.ini": {
            "sha": "384783f964736fd5bc0cebdf37166771eb00171d"
        }
    }
}