{
    "dirs": {
        ".idea__editor": {
            "dirs": {},
            "files": {
                "modules.xml": {
                    "sha": "fed2bbb9350cae3a7421833dacd16832ed5725de"
                },
                "{{cookiecutter.project_slug}}.iml": {
                    "sha": "ac092b7e0aadb361d468bceed7b296101a02add1"
                }
            }
        },
        ".vscode__editor": {
            "dirs": {},
            "files": {
                "settings.json": {
                    "sha": "ffb17d05e1083d63f471caba201dcfe6c52ab3ee"
                }
            }
        },
        "config": {
            "dirs": {},
            "files": {
                "config.yml": {
                    "sha": "b0142971e16cb9093b454c26fc4f7793f5aa6422"
                },
                "dev.conf": {
                    "sha": "664f55e618c92f48c435d9e0914b810a0c165d3f"
                },
                "prod.conf": {
                    "sha": "23a817b175369c0d9d068c57bc52d5431d9e487e"
                }
            }
        },
        "data": {
            "dirs": {},
            "files": {
                ".gitkeep": {
                    "sha": "e69de29bb2d1d6434b8b29ae775ad8c2e48c5391"
                }
            }
        },
        "notebooks": {
            "dirs": {},
            "files": {
                "example.ipynb": {
                    "sha": "ff5487b0e039e88b12d8ff0c3d967c54913d0d09"
                }
            }
        },
        "src": {
            "dirs": {
                "{{cookiecutter.module_name}}": {
                    "dirs": {
                        "res": {
                            "dirs": {},
                            "files": {
                                "default.conf": {
                                    "sha": "f286f428ff81cc8a4aa5d22ef523f015e7bf8229"
                                }
                            }
                        }
                    },
                    "files": {
                        "__init__.py": {
                            "sha": "6b9cceb047b6d46b3bd35f15938f179851566f52"
                        },
                        "__main__.py": {
                            "sha": "1828e2aba702d6682c1506a399624c3e3e628864"
                        },
                        "main.py": {
                            "sha": "021ce3ecf53c390db7f6061b4e9ef38c8309107c"
                        },
                        "main__cli.py": {
                            "sha": "3df7895ea60a383a55e60dc3322e330cdb478b0e"
                        },
                        "util__hocon.py": {
                            "sha": "bfed08f5d77f7007abee32fa716b441525315ca6"
                        },
                        "util__yaml.py": {
                            "sha": "c5a62ffae5e0f8bf50c11e2383a7ac56f304212a"
                        },
                        "version.py": {
                            "sha": "c5441b0a8feffde153660d28a2bfa85b187d9132"
                        }
                    }
                }
            },
            "files": {}
        },
        "tests": {
            "dirs": {},
            "files": {
                "__init__.py": {
                    "sha": "e69de29bb2d1d6434b8b29ae775ad8c2e48c5391"
                },
                "pytest.ini": {
                    "sha": "d6552dc9c30cfce63cb962a6b68505a138a95f84"
                },
                "test_example.py": {
                    "sha": "6ef09e21c4a68e4462369d9c1d7490adb3539029"
                },
                "test_util.py": {
                    "sha": "d8d28eca47fc74f2682a640a88f51c4d841620c2"
                }
            }
        }
    },
    "files": {
        ".dockerignore": {
            "sha": "6469a7c1d3eaba69dc50398a84f54f3b48f91bd1"
        },
        ".editorconfig": {
            "sha": "866d6b20b24429ae01b0438e3f04840a2854d931"
        },
        ".gitignore": {
            "sha": "0a25deddf0157cf3806dc6778302e273a70d9200"
        },
        ".gitlab-ci.yml": {
            "sha": "141fa8e38fa0e687212a08bed7dbc1916a4f1ac4"
        },
        ".pre-commit-config.yaml": {
            "sha": "f60586a4207d2c215af0f733afea7779c3d2c153"
        },
        "Dockerfile__conda": {
            "sha": "9c04579c4b6dcb9071034ed942390602ef1386e4"
        },
        "Dockerfile__pip": {
            "sha": "1d498b8a44fe2ccd42942a836a8bd086ac2f291b"
        },
        "Dockerfile__poetry": {
            "sha": "5804e7815a68c6c4ccbd2d0d0bcbaeb8679f6e35"
        },
        "README.md": {
            "sha": "1239186b12924c1e775a8d10889c55679c754848"
        },
        "docker-compose.yml": {
            "sha": "d7c787142ec862f4545610d271b32d773993c2e6"
        },
        "environment-dev.yml": {
            "sha": "30c2d837f71f913637fef3c69f3752865cbc87f2"
        },
        "environment.yml": {
            "sha": "9661f98f102530faa60d3d25bff44f98c67b0610"
        },
        "poetry.toml": {
            "sha": "53b35d370d0d9bb9f1ff346a907b040032ea05ff"
        },
        "pyproject.toml": {
            "sha": "8fa697bdd2db3128d59d3b94e23fba94e5301430"
        },
        "requirements-dev.txt": {
            "sha": "90579268b20ba89c0e36ef30cb6ca6cb9c40c6f7"
        },
        "requirements.txt": {
            "sha": "9f1eed82e3448202dac03af32ca18f8246bb6ccd"
        },
        "setup.py": {
            "sha": "8cf09901b2705e4cb38d2a94347c4104459d3948"
        }
    }
}