{
    "dirs": {
        ".github": {
            "dirs": {},
            "files": {
                "ISSUE_TEMPLATE.md": {
                    "sha": "4732fbaa769ff218894e436b58fd24eff2351367"
                }
            }
        },
        "docs": {
            "dirs": {},
            "files": {
                "Makefile": {
                    "sha": "740be528dea538bd71f08ad8e12a84c62f37976f"
                },
                "authors.rst": {
                    "sha": "e122f914a87b277e565fc9567af1a7545ec9872b"
                },
                "conf.py": {
                    "sha": "d91510765162e25dd68c0add146ece6c24e32ec8"
                },
                "contributing.rst": {
                    "sha": "e582053ea018c369be05aae96cf730744f1dc616"
                },
                "history.rst": {
                    "sha": "250649964bbc36f4bec2942f69238aa6f7c02c1a"
                },
                "index.rst": {
                    "sha": "208cfcd6d85041c3da085ce2a0dd56a194b3cb46"
                },
                "installation.rst": {
                    "sha": "a4186e915de8c9ba4f184277bc4d5c7ac813ab94"
                },
                "make.bat": {
                    "sha": "4a216dadd1760cbdf1258913ac86ccf36036ed68"
                },
                "readme.rst": {
                    "sha": "72a33558153fb57def85612b021ec596ef2a51b9"
                },
                "usage.rst": {
                    "sha": "4add6fbac22692e0fe903ea0728b0078c697e658"
                }
            }
        },
        "src": {
            "dirs": {
                "{{cookiecutter.project_slug}}": {
                    "dirs": {},
                    "files": {
                        "__init__.py": {
                            "sha": "2cb8f81980dbefa65544690c562cb54998293351"
                        },
                        "cli.py": {
                            "sha": "0b83d39fa84d705ee9a5e94acf534d2d25d9d25c"
                        },
                        "{{cookiecutter.project_slug}}.py": {
                            "sha": "dd0b80edeaff5ea8f8a83dbe18e0f7725aaf7067"
                        }
                    }
                }
            },
            "files": {}
        },
        "tests": {
            "dirs": {},
            "files": {
                "__init__.py": {
                    "sha": "79b42da3269c9b900df483f37457663f1a4bbba6"
                },
                "test_{{cookiecutter.project_slug}}.py": {
                    "sha": "e2600a5c67b1030bac7f07039a232269f44b226b"
                }
            }
        }
    },
    "files": {
        ".editorconfig": {
            "sha": "d4a2c4405ec2e962c521a13af91bf5f7098a62a8"
        },
        ".gitignore": {
            "sha": "12d62224ce40e2245f8c7bbae82ca4568b510ca7"
        },
        ".travis.yml": {
            "sha": "cde3fcf0d429dfcc8784f207227f3dee416e73b8"
        },
        "AUTHORS.rst": {
            "sha": "06770ce420b0029f335a1aaac3c72dddd8fb30b5"
        },
        "CODE_OF_CONDUCT.rst": {
            "sha": "d11c563e2a0a74315c2a0fb5aee7e3ddb0184994"
        },
        "CONTRIBUTING.rst": {
            "sha": "55043023c96344c79b699115f04c9ffd8ccdc79d"
        },
        "HISTORY.rst": {
            "sha": "6735a75fdba246edbb5d480af61f74d35dff387d"
        },
        "LICENSE": {
            "sha": "24b2600ab0160aa6503d4e5dcedd00ed88724a8f"
        },
        "MANIFEST.in": {
            "sha": "11708e4b5ab7ebab9a67b41d0177a53caacee031"
        },
        "Makefile": {
            "sha": "0dd4d25c31643b968a171f01ee05f6633d288c7c"
        },
        "README.rst": {
            "sha": "62cf0336de4c37600cc96e0fe068206595de072a"
        },
        "pyproject.toml": {
            "sha": "9f74ba2d7a94df2761e6e2b2d46ab93b0c3c4f90"
        },
        "requirements_dev.txt": {
            "sha": "f63d7da3c82b07b5e6610de22c109dff1bd17068"
        },
        "ruff.toml": {
            "sha": "e69de29bb2d1d6434b8b29ae775ad8c2e48c5391"
        },
        "tox.ini": {
            "sha": "bad564f6a850c81405140b37d3e2eb8e863d7dc2"
        }
    }
}