{
    "dirs": {
        "tests": {
            "dirs": {},
            "files": {
                "__init__.py": {
                    "sha": "e69de29bb2d1d6434b8b29ae775ad8c2e48c5391"
                }
            }
        },
        "{{cookiecutter.app_name}}": {
            "dirs": {
                "controllers": {
                    "dirs": {},
                    "files": {
                        "__init__.py": {
                            "sha": "40a96afc6ff09d58a702b76e3f7dd412fe975e26"
                        },
                        "home.py": {
                            "sha": "6efb7a2df5c0ab59ec34dd9d5428cc4527905696"
                        }
                    }
                },
                "models": {
                    "dirs": {},
                    "files": {
                        "__init__.py": {
                            "sha": "40a96afc6ff09d58a702b76e3f7dd412fe975e26"
                        }
                    }
                },
                "views": {
                    "dirs": {},
                    "files": {
                        "index.html": {
                            "sha": "51fc0b95f1c71a5788c48ddc628dd1e488ec14d6"
                        }
                    }
                }
            },
            "files": {
                "__init__.py": {
                    "sha": "e69de29bb2d1d6434b8b29ae775ad8c2e48c5391"
                },
                "routes.py": {
                    "sha": "a1e5f1de7d730b14d514ce57f7b4774979bfe423"
                },
                "settings.py": {
                    "sha": "8672da5106fb741ff56102721479bc00ef5f3289"
                }
            }
        }
    },
    "files": {
        ".gitignore": {
            "sha": "db4561eaa1d4f3ed01af114a315a0053776ffed0"
        },
        "README.rst": {
            "sha": "e08176b88df4ac86656bae3258cda19271b97f1e"
        },
        "manage.py": {
            "sha": "7d0de72e661a9e634065e523cd032638194854e2"
        },
        "requirements.txt": {
            "sha": "679c99d91af7a9f15a0d1b9fe8236f9231cc1bbe"
        }
    }
}