{
    "dirs": {
        ".idea": {
            "dirs": {
                "runConfigurations": {
                    "dirs": {},
                    "files": {
                        "merge_production_dotenvs_in_dotenv.xml": {
                            "sha": "cf2c5dd89dbe6bff5b7beaf178f3b5b3b69ca68d"
                        },
                        "migrate.xml": {
                            "sha": "b457c5f55bf4af18e729138c3117e18ebfc7e2bf"
                        },
                        "pytest___.xml": {
                            "sha": "08f76c454debadd2c513df2bfd0538f72ebe2a58"
                        },
                        "pytest__users.xml": {
                            "sha": "574361fea4ef509c97a932bb5ace77f4194dffa3"
                        },
                        "runserver.xml": {
                            "sha": "2a348a2e7fa0f3651d9517a38aa7fe0477d107a7"
                        },
                        "runserver_plus.xml": {
                            "sha": "242f861a64584fe44d8c53a04150ff546964eac9"
                        }
                    }
                }
            },
            "files": {
                "misc.xml": {
                    "sha": "10af178fd4c432703bc9cb892c727729aa46a2cb"
                },
                "modules.xml": {
                    "sha": "1418fcddfb5953ca3221f0caa82d096fc36c1ce4"
                },
                "vcs.xml": {
                    "sha": "5ace414d826e6c93413b72a6e835ff1e7b23264b"
                },
                "webResources.xml": {
                    "sha": "452953740b9d1b96937f0e94df2aa28086a97519"
                },
                "{{cookiecutter.project_slug}}.iml": {
                    "sha": "e814b0f1d8f216f576c5ab0d8ef59c64df84c5d5"
                }
            }
        },
        "docker-files": {
            "dirs": {},
            "files": {
                "README.md": {
                    "sha": "516c3236f39ceb4ef0d64c41e3474557c33adb7c"
                },
                "databases.environ": {
                    "sha": "4a8bcae1e91d26875915b57dec4f606fe32409ea"
                },
                "email.environ": {
                    "sha": "6195df0aacdb7730a71036b04f9f3952bc74d30f"
                },
                "entrypoint.sh": {
                    "sha": "15ad72ed6e1b6804fdf37dd57e0a708a898cfe18"
                },
                "nginx-vhost.conf": {
                    "sha": "c9aad8e4a228e9f8656dccdaa4ef95e7245b5667"
                },
                "paypal.environ": {
                    "sha": "e69de29bb2d1d6434b8b29ae775ad8c2e48c5391"
                },
                "sendcloud.environ": {
                    "sha": "665416a574a13c28417b2068dec4d8beac107a14"
                },
                "stripe.environ": {
                    "sha": "3e731894f913a7d8173f905b5532d96293d53587"
                },
                "uwsgi.ini": {
                    "sha": "20015974c9dc6e623b62d5dc8dd09aa966801e03"
                },
                "webapp.dockerfile": {
                    "sha": "3cfd99eabe06e8cb8d2d63e70172bfd9e365fae6"
                }
            }
        },
        "docs": {
            "dirs": {
                "pycharm": {
                    "dirs": {
                        "images": {
                            "dirs": {},
                            "files": {
                                "1.png": {
                                    "sha": "06908a12545a069f24490835777674c4c02fcd8a"
                                },
                                "2.png": {
                                    "sha": "1fb8cf1e20c6dfaa542a1c91942a7a1bd96ea96a"
                                },
                                "3.png": {
                                    "sha": "32c93351bed8e97ef9cdcdd4eace0e6411cbaa42"
                                },
                                "4.png": {
                                    "sha": "cf07f9d83c37d5d95d57c36a7accf1bf195c731c"
                                },
                                "7.png": {
                                    "sha": "4f8807e3aa35eadb54537f5e7a05b3552fd7df1f"
                                },
                                "8.png": {
                                    "sha": "05946f2c3d602d2b6e0b2d79beee2699fb57323c"
                                },
                                "f1.png": {
                                    "sha": "2d8c4b6cc1d5c53fa377137a6c1a9523893631a4"
                                },
                                "f2.png": {
                                    "sha": "b123a478f441a7e076f4f4deb3e2015b80014833"
                                },
                                "f3.png": {
                                    "sha": "713ab543efb99b38f13ebb32a71ac922106ba6e0"
                                },
                                "f4.png": {
                                    "sha": "11668ecdcc6c32124c04bed93e8942db2638c783"
                                },
                                "issue1.png": {
                                    "sha": "1bb68eeec6a536d5fd9285696d23100484cb5fd5"
                                },
                                "issue2.png": {
                                    "sha": "174f6fdf3f8a1d7e510f56de24813c571ad8bb82"
                                }
                            }
                        }
                    },
                    "files": {
                        "configuration.rst": {
                            "sha": "af3b826a708026c6f94f321df81037b0fa0a3575"
                        }
                    }
                }
            },
            "files": {
                "Makefile": {
                    "sha": "a5d4ea96ed3b88c3b9c877be329a43ed57ef6e16"
                },
                "__init__.py": {
                    "sha": "8772c827b325541e1fb46121b7175b1087fc7e26"
                },
                "conf.py": {
                    "sha": "154c3a7aa83b62e09b600f845b38e1497f8d7ee8"
                },
                "deploy.rst": {
                    "sha": "1e642c7988ed69776954825a6d0116b031de03a1"
                },
                "docker_ec2.rst": {
                    "sha": "606d2956302c5b8bd2bbdb88bbf953088d758de0"
                },
                "index.rst": {
                    "sha": "21ef98ee5be60f7cf5ff8091b6274ae649aced7b"
                },
                "install.rst": {
                    "sha": "1bc03335d440baace95b0da42afea21aa6577c81"
                },
                "make.bat": {
                    "sha": "ec43148b38ff5b4e7b320c553f8279671bf8dac7"
                }
            }
        },
        "locale": {
            "dirs": {},
            "files": {
                "README.rst": {
                    "sha": "c2f1dcd6f9351fbcd12946d26734dc2df5fa40fa"
                }
            }
        },
        "workdir": {
            "dirs": {
                "fixtures": {
                    "dirs": {},
                    "files": {
                        "skeleton.json": {
                            "sha": "96c14463f8fe6f6e786fbe252097b90a81e47613"
                        }
                    }
                },
                "media": {
                    "dirs": {
                        "filer_public": {
                            "dirs": {
                                "63": {
                                    "dirs": {
                                        "15": {
                                            "dirs": {
                                                "631543b5-f68e-487a-a06b-67c23f590fde": {
                                                    "dirs": {},
                                                    "files": {
                                                        "fontello-319b939c.zip": {
                                                            "sha": "1d34d503fa6273672bc3e62d1e873556f5a24ec6"
                                                        }
                                                    }
                                                }
                                            },
                                            "files": {}
                                        }
                                    },
                                    "files": {}
                                },
                                "c8": {
                                    "dirs": {
                                        "c2": {
                                            "dirs": {
                                                "c8c2ba21-5ac1-4cba-a01b-6e2cf58e2889": {
                                                    "dirs": {},
                                                    "files": {
                                                        "django-pony.png": {
                                                            "sha": "daab5a1cd3193052f83a4707ee93cb39bc503c0e"
                                                        }
                                                    }
                                                }
                                            },
                                            "files": {}
                                        }
                                    },
                                    "files": {}
                                }
                            },
                            "files": {}
                        }
                    },
                    "files": {}
                }
            },
            "files": {
                ".initialize": {
                    "sha": "f5da0ccdd4cc47ec544db020b0bfb452bb2de49f"
                }
            }
        },
        "{{cookiecutter.app_name}}": {
            "dirs": {
                "management": {
                    "dirs": {
                        "commands": {
                            "dirs": {},
                            "files": {
                                "__init__.py": {
                                    "sha": "e69de29bb2d1d6434b8b29ae775ad8c2e48c5391"
                                },
                                "assign_iconfonts.py": {
                                    "sha": "9796fa927b793c7602aec3fdde02b219549efd14"
                                },
                                "create_social_icons.py": {
                                    "sha": "84fd634b868cd1d1cae9465650624ae552848db7"
                                },
                                "download_workdir.py": {
                                    "sha": "373613df828ac7389ebf808a06742c717e6e9902"
                                },
                                "export_products.py": {
                                    "sha": "fae89e1afbbc9e95d6ab61142db5057b4226f0c1"
                                },
                                "import_products.py": {
                                    "sha": "8a8a210b6ea17c5419de408997e3e32e8b86d6d3"
                                },
                                "initialize_inventories.py": {
                                    "sha": "63c770f8cefc176c43627acd8081c7726fa0859b"
                                },
                                "initialize_shop_demo.py": {
                                    "sha": "ed7e8a67276f265655294359ff08526296b89ddf"
                                },
                                "spinner.py": {
                                    "sha": "a6a006a261541d049b1f33e2fd0d701fa24de1df"
                                }
                            }
                        }
                    },
                    "files": {
                        "__init__.py": {
                            "sha": "e69de29bb2d1d6434b8b29ae775ad8c2e48c5391"
                        },
                        "serializers.py": {
                            "sha": "0be59d873d31b179645d1347a763c560bad22991"
                        },
                        "translation.py": {
                            "sha": "8ea4cab52cd3f4b3a4b769ce3742bb24b8e5126b"
                        }
                    }
                },
                "migrations": {
                    "dirs": {},
                    "files": {
                        "__init__.py": {
                            "sha": "e69de29bb2d1d6434b8b29ae775ad8c2e48c5391"
                        }
                    }
                },
                "static": {
                    "dirs": {
                        "{{ cookiecutter.app_name }}": {
                            "dirs": {
                                "css": {
                                    "dirs": {},
                                    "files": {
                                        "_footer.scss": {
                                            "sha": "dd590b9e796a669bdcdbc9b8a2b7cf2f7593cf14"
                                        },
                                        "_navbar.scss": {
                                            "sha": "7907490f4e7b7071103ba24033ef38754be181ff"
                                        },
                                        "_variables.scss": {
                                            "sha": "fbd69cc24e3ab84636c5eb4f567c27f3cb543174"
                                        },
                                        "default.scss": {
                                            "sha": "a979699d82f9f60da6fb4cc7afe7df613f61c1f1"
                                        }
                                    }
                                },
                                "strides": {
                                    "dirs": {},
                                    "files": {
                                        "checkout.json": {
                                            "sha": "8913216c854128d4aa77350e4834d4467f62ed7f"
                                        },
                                        "footer.json": {
                                            "sha": "5783db2b147c9403f6a98b6f4c81dcf0abfb5b15"
                                        },
                                        "home.json": {
                                            "sha": "b5b822106bbeed396e6baaba06e1ea3b11ee0aca"
                                        }
                                    }
                                }
                            },
                            "files": {
                                "django-shop-logo.png": {
                                    "sha": "7a32e76506eefd1df23a54aa91120674684bf04a"
                                },
                                "django-shop-logo.svg": {
                                    "sha": "1acd8a6a7880c4e77ce93602b8a846b47047b746"
                                }
                            }
                        }
                    },
                    "files": {}
                },
                "templates": {
                    "dirs": {
                        "{{ cookiecutter.app_name }}": {
                            "dirs": {
                                "cart": {
                                    "dirs": {},
                                    "files": {
                                        "editable.html": {
                                            "sha": "b1ff28b15e96037b7451a080bd0abcc76a434869"
                                        }
                                    }
                                },
                                "catalog": {
                                    "dirs": {},
                                    "files": {
                                        "commodity-add2cart.html": {
                                            "sha": "f5c236b312a94ce8089fe7221752f50944333428"
                                        },
                                        "commodity-detail.html": {
                                            "sha": "082c9799ce878748e453baa0d6d9ae6ae9e062f7"
                                        },
                                        "manufacturer-filter.html": {
                                            "sha": "e120e39d22de4bb67b684b91a69484ca1b77df4d"
                                        },
                                        "product-detail.html": {
                                            "sha": "2328d337fa08dfcacaf039c5c0f4cb1c2845e957"
                                        },
                                        "smartcard-detail.html": {
                                            "sha": "3511a7b96c88a15e080326f68337f813840d29d5"
                                        },
                                        "smartphone-add2cart.html": {
                                            "sha": "3c4c4a6888f51d0c7f1ec579afc0e204e2d681e4"
                                        },
                                        "smartphonemodel-detail.html": {
                                            "sha": "f3ea7c38bd6960eb983adc3392c3ff3a30b26435"
                                        }
                                    }
                                },
                                "email": {
                                    "dirs": {},
                                    "files": {
                                        "base.html": {
                                            "sha": "44c1315fd44678b9ea2a1c60ef25d1bd78309ac5"
                                        },
                                        "password-reset-body.html": {
                                            "sha": "59761e6422aac3c76f73ac227786445c15d24101"
                                        },
                                        "register-user-body.html": {
                                            "sha": "69f74515e031db58bb56fd28e7c9d851db1d94b4"
                                        }
                                    }
                                },
                                "pages": {
                                    "dirs": {},
                                    "files": {
                                        "base.html": {
                                            "sha": "752e7bd62add0e9049f8d6d95fcdacdac4e5b893"
                                        },
                                        "default.html": {
                                            "sha": "2e0e15ce78153874889ee945a0e16aa048aab5b3"
                                        },
                                        "error.html": {
                                            "sha": "75f4093eaf4b72ce5f00910d24812544402baf2f"
                                        },
                                        "navbar.html": {
                                            "sha": "28d9c03a4478c182213b89b200dd21a4051f7eda"
                                        },
                                        "test.html": {
                                            "sha": "a30d38bf729526dc4e736733abdac780ed81df73"
                                        }
                                    }
                                },
                                "print": {
                                    "dirs": {},
                                    "files": {
                                        "delivery-note.html": {
                                            "sha": "65ca5ac7638aa8ec8b317b408b86fe94363f797a"
                                        },
                                        "invoice.html": {
                                            "sha": "79e4ca50168ef65d59b7c9a6cc9df08ee87af344"
                                        }
                                    }
                                },
                                "products": {
                                    "dirs": {},
                                    "files": {
                                        "cart-product-media.html": {
                                            "sha": "c9d3c4e5e1843442f2b4a7c17683524d6d918777"
                                        },
                                        "catalog-product-media.html": {
                                            "sha": "accfe439ad8e074b8a6711984169cf4bd16b508c"
                                        },
                                        "dropdown-product-media.html": {
                                            "sha": "305bc2884aafcb3703e2383ac49fd1c309be7786"
                                        },
                                        "email-product-media.html": {
                                            "sha": "d32125b81f56601ce4fda1474713fb2634bc37db"
                                        },
                                        "order-product-media.html": {
                                            "sha": "c72eb3cad152397aea0bcf011638c2487b984605"
                                        },
                                        "print-product-media.html": {
                                            "sha": "7ba575d3fe5a57d8577869ef4d5dff78bf44f4c9"
                                        },
                                        "search-product-media.html": {
                                            "sha": "712b7dfd4ff20ec39bc2971375a15c09463b40f4"
                                        },
                                        "search-smartcard-media.html": {
                                            "sha": "d7c4ecc37b5ba1cdc453f074c5702debf409f784"
                                        },
                                        "search-smartphonemodel-media.html": {
                                            "sha": "9a4f40d5eeac1d0bada07ac9bb872725426561b2"
                                        },
                                        "watch-product-media.html": {
                                            "sha": "45728d42acf425674cabedf4bf2ed531e03ce56a"
                                        }
                                    }
                                },
                                "search": {
                                    "dirs": {
                                        "indexes": {
                                            "dirs": {},
                                            "files": {
                                                "commodity.txt": {
                                                    "sha": "d60fd7212756e6c13d2d28e64e9dcd6a796e44a9"
                                                },
                                                "product.txt": {
                                                    "sha": "3023b3c7b5d15eb8dfdacfe26fdeddf8f70d6a12"
                                                },
                                                "smartcard.txt": {
                                                    "sha": "42de171989c5e8da8d4bbce979f75412fc058e2d"
                                                },
                                                "smartphonemodel.txt": {
                                                    "sha": "c6d3c8a0baea86ef8c9278ea60a8d2afb8b57ab6"
                                                }
                                            }
                                        }
                                    },
                                    "files": {}
                                }
                            },
                            "files": {}
                        }
                    },
                    "files": {
                        "400.html": {
                            "sha": "7b7a788d936d945be0f53475c877476600011ffc"
                        },
                        "403.html": {
                            "sha": "7b7a788d936d945be0f53475c877476600011ffc"
                        },
                        "404.html": {
                            "sha": "7b7a788d936d945be0f53475c877476600011ffc"
                        }
                    }
                }
            },
            "files": {
                "__init__.py": {
                    "sha": "05334d8581f377664f1401722a68bfdf04f54934"
                },
                "admin.py": {
                    "sha": "751aa6da76ea40be842841cbf5adb680228e0328"
                },
                "apps.py": {
                    "sha": "54a0499c511b1962a2e73abe268d724500d1b07c"
                },
                "cms_apps.py": {
                    "sha": "22159bd0c9d8f907b565d7be9aa0e9504a3ad649"
                },
                "cms_wizards.py": {
                    "sha": "4fc36e96fa319becd5c683e76cfb1de2864d6306"
                },
                "filters.py": {
                    "sha": "940c81a09dad4eb1ba105bde9eccbbd480ef94b8"
                },
                "finders.py": {
                    "sha": "90790a07252867c369c8ef0f91ab1d5f84bc523f"
                },
                "forms.py": {
                    "sha": "d8cdb5c4d0b14745bf1822338d3fe8d2d3f7455d"
                },
                "models.py": {
                    "sha": "4621a40b4d64879dd4a56b0f13b6099e14587fbe"
                },
                "modifiers.py": {
                    "sha": "7f4f9e34188f746ba4a8ba356ff819a464b2560e"
                },
                "search_indexes.py": {
                    "sha": "d2da97a15bb0998089d92bba0b90ab14703eb22a"
                },
                "serializers.py": {
                    "sha": "3e917926dc5ba691ef0de91e4bdba173204a17c6"
                },
                "settings.py": {
                    "sha": "a5b669193569ad7ada06b3c573743bb2eb01215c"
                },
                "sitemap.py": {
                    "sha": "fa20ca89e240859aaac3d388bcff696d4c78c086"
                },
                "urls.py": {
                    "sha": "550cbac9a5d7d9fd8f79f2687c9aa980ef4238a1"
                }
            }
        }
    },
    "files": {
        ".coveragerc": {
            "sha": "283a4b89c7dff9492364e0b65f5d754eb0fa25c2"
        },
        ".dockerignore": {
            "sha": "44a98db19eea28307ad29fa35803140d04ca31d6"
        },
        ".editorconfig.template": {
            "sha": "0bff0df3ece090aacce8442b389ea3dc2c7a2c46"
        },
        ".gitattributes": {
            "sha": "176a458f94e0ea5272ce67c36bf30b6be9caf623"
        },
        ".gitignore": {
            "sha": "73ea9b57245c28129f41267d26ac99ec76ee90b2"
        },
        ".pylintrc": {
            "sha": "feecc1bfac39a8f99a1a50525efd4143ddb1492d"
        },
        ".travis.yml": {
            "sha": "5ca54d0007b1c3df5d9961427a7bffd721c04816"
        },
        "Pipfile": {
            "sha": "721c6c598895c1709285e8026fe9b9704dbe1820"
        },
        "README.md": {
            "sha": "c61161a7954b73d04688652b7a67e6834783bc94"
        },
        "docker-compose.yml": {
            "sha": "d2e8432667fad5e5108270f3c21b421881a509a3"
        },
        "dumpdata.sh": {
            "sha": "a65a4ade4632d2cf29d91148943fdda0270e82ba"
        },
        "manage.py": {
            "sha": "b1b9d89a08be7849e76c5ab22289981701b63964"
        },
        "package.json": {
            "sha": "3ec5f249d4e9a42a5bf2f31c21d636a8be129bd1"
        },
        "pytest.ini": {
            "sha": "595bee1e3b642576c9e9d10f12a57c8aa5b5952a"
        },
        "setup.cfg": {
            "sha": "1ec89c7896a15503a7470cb2bfcbf2b1c40d46bd"
        },
        "worker.py": {
            "sha": "973c6fff8147f8bd8f0e642d4f9a1eae256b0ef9"
        },
        "wsgi.py": {
            "sha": "0c4e224b12dbcd812d2f306c965f06c88aa6e31a"
        }
    }
}