{
    "dirs": {
        "src": {
            "dirs": {},
            "files": {
                "__init__.py": {
                    "sha": "e69de29bb2d1d6434b8b29ae775ad8c2e48c5391"
                },
                "app.py": {
                    "sha": "3f22850919f6fa22ee9a3c33cb7b21047c71d5f0"
                }
            }
        }
    },
    "files": {
        ".gitignore": {
            "sha": "4808264dbf6d0fb6792789500f8a043b3d45d886"
        },
        "README.md": {
            "sha": "5adec90dceb5e146d06eac615369040b89d9c25d"
        },
        "SampleEvent.json": {
            "sha": "090d56b167e0a8043b40b15564911b219edad76b"
        },
        "template.yaml": {
            "sha": "7df02fb1b37d5dd062ae6f78043856738f4feb83"
        }
    }
}