{
    "dirs": {
        "events": {
            "dirs": {},
            "files": {
                "event.json": {
                    "sha": "a8895423e73ea0b4a4d1786aee68d7094610cc54"
                }
            }
        },
        "{{ cookiecutter.project_name }}.Tests": {
            "dirs": {},
            "files": {
                "{{ cookiecutter.project_name }}.Tests.csproj": {
                    "sha": "31486ede5e55a5b3c659e80e151db3e5109b0b18"
                },
                "{{ cookiecutter.project_name }}Tests.cs": {
                    "sha": "05e08baa66b4b4ae279995f897b08052c1c764be"
                }
            }
        },
        "{{ cookiecutter.project_name }}": {
            "dirs": {},
            "files": {
                "Function.cs": {
                    "sha": "0aba4e4962db87ca5816f1710338a6eb22e933c9"
                },
                "{{ cookiecutter.project_name }}.csproj": {
                    "sha": "d56a59dfa4fc1eea0b1676367e0563e4562164c1"
                }
            }
        }
    },
    "files": {
        ".gitignore": {
            "sha": "af2786a14fca1b1bd5fef26930d23378dbe8f614"
        },
        "LICENSE": {
            "sha": "4ec534e03e78542df2d807a515812f7007b410e0"
        },
        "README.md": {
            "sha": "2f991c2dc043aef3fbda8a8c5c21b3beae080a2e"
        },
        "template.yaml": {
            "sha": "29d557aea1a7498918575bb0a5fbbcf7db908cba"
        },
        "{{ cookiecutter.solution_name }}.sln": {
            "sha": "ad14ee5514720309ab1a8ad6f0aebae9f69b774f"
        }
    }
}