{
    "dirs": {
        "events": {
            "dirs": {},
            "files": {
                "hello.json": {
                    "sha": "596fd561337647648060c43f864eab2857da2ea5"
                },
                "hello_name.json": {
                    "sha": "ebd3d67c722d6263302befbd5b234a6a065f69ec"
                }
            }
        },
        "hello_world": {
            "dirs": {},
            "files": {
                "__init__.py": {
                    "sha": "e69de29bb2d1d6434b8b29ae775ad8c2e48c5391"
                },
                "app.py": {
                    "sha": "c4b1bf824fce916cf4379cdcb957d07ec0a32b39"
                },
                "requirements.txt": {
                    "sha": "5c30c9237e83e633f5f9192fef2bea196fc7d423"
                }
            }
        },
        "tests": {
            "dirs": {
                "unit": {
                    "dirs": {},
                    "files": {
                        "__init__.py": {
                            "sha": "e69de29bb2d1d6434b8b29ae775ad8c2e48c5391"
                        },
                        "test_hello_function.py": {
                            "sha": "74c75f487e778015657f83a5f8670f7c60a3ed0c"
                        }
                    }
                }
            },
            "files": {
                "__init__.py": {
                    "sha": "e69de29bb2d1d6434b8b29ae775ad8c2e48c5391"
                },
                "conftest.py": {
                    "sha": "3b3ee5cacc56c24faf8e79bd517eb76e6e5f21cb"
                }
            }
        }
    },
    "files": {
        ".coveragerc": {
            "sha": "eb1b6e536cf15b5e8c6ebcc5f05e11348dc5d363"
        },
        ".gitignore": {
            "sha": "4d1a5c10026d1f5f940f27b450e25d06303d12ff"
        },
        "Makefile": {
            "sha": "54e1fe35fc7ce36602f1f9086ad03f96ddedb527"
        },
        "Pipfile": {
            "sha": "620c1c19a991a922a5fc0abb53cafa6564f277fa"
        },
        "Pipfile.lock": {
            "sha": "2618f3f2718adf34b91f63dd17e486a2419f7a33"
        },
        "README.md": {
            "sha": "d58e8fd4a0052aa8c114bcb18c6ca6494a90abc0"
        },
        "template.yaml": {
            "sha": "6678625fdcf10b8dc6d3bf7b1f671ab43542ca0d"
        }
    }
}