{
    "dirs": {
        "bin": {
            "dirs": {},
            "files": {
                "install_hooks.sh": {
                    "sha": "c7fa1430b3d10348de46fcef633ff4dad8a57df1"
                },
                "pre-push": {
                    "sha": "d26ceb15f66d5cd60cf09e1f9937d0d03832713c"
                }
            }
        },
        "tests": {
            "dirs": {},
            "files": {
                "__init__.py": {
                    "sha": "e69de29bb2d1d6434b8b29ae775ad8c2e48c5391"
                }
            }
        },
        "{{cookiecutter.package_name}}": {
            "dirs": {},
            "files": {
                "__init__.py": {
                    "sha": "67cda60d91f854baea709c1675c3d1bb35e197e4"
                },
                "__main__.py": {
                    "sha": "9b907b340d0dbc4114cc74639587087a0eea85f0"
                },
                "app.py": {
                    "sha": "b34786e96f99e55e73a9a37204783bc7d36ef557"
                },
                "config.py": {
                    "sha": "b3ce7c22742fa35c6932102a72a0d42ee8ffb39a"
                },
                "view.py": {
                    "sha": "e7b1d18b00717ba1f2682af44b2040fdab2b35f3"
                }
            }
        }
    },
    "files": {
        ".editorconfig": {
            "sha": "d3d09c1ab8b5db0d2ba206e830b2b3826184edb6"
        },
        ".gitattributes": {
            "sha": "d8758726359aefd5f67654dd4d8fff62d473b31b"
        },
        ".gitignore": {
            "sha": "dbf49822c25e991bcb1a165f1a1c7193468631b9"
        },
        ".pylintrc": {
            "sha": "6a30938266b7485fa5f99363f22a8497b099c812"
        },
        ".travis.yml": {
            "sha": "2b3829a0c0421f27c8ce2915976ba4257dcb88ec"
        },
        "Dockerfile": {
            "sha": "3c2995ff771f64cb07a88af1056ddd2df968ec4f"
        },
        "Makefile": {
            "sha": "45b8e32ba87738a976401d40ed141ad565ce067f"
        },
        "Pipfile": {
            "sha": "7341c33aab7081b40ef8fc99bf15f93f71f27b75"
        },
        "README.md": {
            "sha": "5387d559eb2d3f6dce7db78a8a3bf25e6877d110"
        },
        "requirements-dev.txt": {
            "sha": "20c232d9e24b8993d3202e9852bc74fb1175893b"
        },
        "requirements.txt": {
            "sha": "8c1c3ef1e685c64a23859a4105b6c586fc80a879"
        }
    }
}