{
    "dirs": {
        "{{ cookiecutter.formal_name }}.app": {
            "dirs": {
                "Contents": {
                    "dirs": {
                        "MacOS": {
                            "dirs": {},
                            "files": {
                                "{{ cookiecutter.formal_name }}": {
                                    "sha": "e58261e2d004f0b1ca3b3407d4d00bc5a1e9e23b"
                                }
                            }
                        },
                        "Resources": {
                            "dirs": {
                                "app": {
                                    "dirs": {},
                                    "files": {
                                        "README": {
                                            "sha": "617740975892af6218ac2619c77b8bf777befe2f"
                                        }
                                    }
                                },
                                "app_packages": {
                                    "dirs": {},
                                    "files": {
                                        "README": {
                                            "sha": "af3efa76d20921156aa53906d014e44aa297a817"
                                        }
                                    }
                                }
                            },
                            "files": {
                                "{{ cookiecutter.app_name }}.icns": {
                                    "sha": "a2ba7752ed4ef5a7517abd028af725d2c6422369"
                                }
                            }
                        }
                    },
                    "files": {
                        "Info.plist": {
                            "sha": "375e573f58541dac2d161c820df6437b3af58050"
                        }
                    }
                }
            },
            "files": {}
        }
    },
    "files": {}
}