{
    "dirs": {
        "app": {
            "dirs": {},
            "files": {
                "README": {
                    "sha": "fd8bbc3dba42fad7b19e77f169980550d9ce2e82"
                }
            }
        },
        "app_packages": {
            "dirs": {},
            "files": {
                "README": {
                    "sha": "d8d9515e45ea2ccb22e786ea80179a1f2b428cfb"
                }
            }
        },
        "{{ cookiecutter.app_name }}": {
            "dirs": {
                "Assets.xcassets": {
                    "dirs": {
                        "App Icon & Top Shelf Image.brandassets": {
                            "dirs": {
                                "App Icon - Large.imagestack": {
                                    "dirs": {
                                        "Back.imagestacklayer": {
                                            "dirs": {
                                                "Content.imageset": {
                                                    "dirs": {},
                                                    "files": {
                                                        "Contents.json": {
                                                            "sha": "19535b0670e8b2c35eb67e4bef89acade3751a22"
                                                        },
                                                        "large.png": {
                                                            "sha": "0f91e52105fd9b9cb343cd9ae72deaba6d61fb8f"
                                                        }
                                                    }
                                                }
                                            },
                                            "files": {
                                                "Contents.json": {
                                                    "sha": "da4a164c918651cdd1e11dca5cc62c333f097601"
                                                }
                                            }
                                        },
                                        "Front.imagestacklayer": {
                                            "dirs": {
                                                "Content.imageset": {
                                                    "dirs": {},
                                                    "files": {
                                                        "Contents.json": {
                                                            "sha": "19535b0670e8b2c35eb67e4bef89acade3751a22"
                                                        },
                                                        "large.png": {
                                                            "sha": "0f91e52105fd9b9cb343cd9ae72deaba6d61fb8f"
                                                        }
                                                    }
                                                }
                                            },
                                            "files": {
                                                "Contents.json": {
                                                    "sha": "da4a164c918651cdd1e11dca5cc62c333f097601"
                                                }
                                            }
                                        },
                                        "Middle.imagestacklayer": {
                                            "dirs": {
                                                "Content.imageset": {
                                                    "dirs": {},
                                                    "files": {
                                                        "Contents.json": {
                                                            "sha": "19535b0670e8b2c35eb67e4bef89acade3751a22"
                                                        },
                                                        "large.png": {
                                                            "sha": "0f91e52105fd9b9cb343cd9ae72deaba6d61fb8f"
                                                        }
                                                    }
                                                }
                                            },
                                            "files": {
                                                "Contents.json": {
                                                    "sha": "da4a164c918651cdd1e11dca5cc62c333f097601"
                                                }
                                            }
                                        }
                                    },
                                    "files": {
                                        "Contents.json": {
                                            "sha": "8bf75d9f595abbfff02ddde6b4a709477b7b00fb"
                                        }
                                    }
                                },
                                "App Icon - Small.imagestack": {
                                    "dirs": {
                                        "Back.imagestacklayer": {
                                            "dirs": {
                                                "Content.imageset": {
                                                    "dirs": {},
                                                    "files": {
                                                        "Contents.json": {
                                                            "sha": "4846cbd5bfec00b7cda6169f7084f9aed3250a21"
                                                        },
                                                        "small.png": {
                                                            "sha": "916334163aa8c657250d39dd9274eb2b69cde3d1"
                                                        }
                                                    }
                                                }
                                            },
                                            "files": {
                                                "Contents.json": {
                                                    "sha": "da4a164c918651cdd1e11dca5cc62c333f097601"
                                                }
                                            }
                                        },
                                        "Front.imagestacklayer": {
                                            "dirs": {
                                                "Content.imageset": {
                                                    "dirs": {},
                                                    "files": {
                                                        "Contents.json": {
                                                            "sha": "4846cbd5bfec00b7cda6169f7084f9aed3250a21"
                                                        },
                                                        "small.png": {
                                                            "sha": "916334163aa8c657250d39dd9274eb2b69cde3d1"
                                                        }
                                                    }
                                                }
                                            },
                                            "files": {
                                                "Contents.json": {
                                                    "sha": "da4a164c918651cdd1e11dca5cc62c333f097601"
                                                }
                                            }
                                        },
                                        "Middle.imagestacklayer": {
                                            "dirs": {
                                                "Content.imageset": {
                                                    "dirs": {},
                                                    "files": {
                                                        "Contents.json": {
                                                            "sha": "4846cbd5bfec00b7cda6169f7084f9aed3250a21"
                                                        },
                                                        "small.png": {
                                                            "sha": "916334163aa8c657250d39dd9274eb2b69cde3d1"
                                                        }
                                                    }
                                                }
                                            },
                                            "files": {
                                                "Contents.json": {
                                                    "sha": "da4a164c918651cdd1e11dca5cc62c333f097601"
                                                }
                                            }
                                        }
                                    },
                                    "files": {
                                        "Contents.json": {
                                            "sha": "8bf75d9f595abbfff02ddde6b4a709477b7b00fb"
                                        }
                                    }
                                },
                                "Top Shelf Image.imageset": {
                                    "dirs": {},
                                    "files": {
                                        "Contents.json": {
                                            "sha": "214e28ee25155e22618bfecc04f6c00306953792"
                                        },
                                        "shelf.png": {
                                            "sha": "7000539e8627f4cc786f9d8c8c48284985ee1310"
                                        }
                                    }
                                }
                            },
                            "files": {
                                "Contents.json": {
                                    "sha": "21cebabe0b84bb66a9c425e3df34a56ea7fe6869"
                                }
                            }
                        },
                        "LaunchImage.launchimage": {
                            "dirs": {},
                            "files": {
                                "Contents.json": {
                                    "sha": "53382bec8fe96af788787f3e96adeacc3a6d07e2"
                                },
                                "launch.png": {
                                    "sha": "08616a1b2996c974b9460fabd538d0be1627fdad"
                                }
                            }
                        }
                    },
                    "files": {
                        "Contents.json": {
                            "sha": "da4a164c918651cdd1e11dca5cc62c333f097601"
                        }
                    }
                },
                "Base.lproj": {
                    "dirs": {},
                    "files": {
                        "Main.storyboard": {
                            "sha": "3e6780b3eb916dd31243be6e0454656c394875ab"
                        }
                    }
                }
            },
            "files": {
                "Info.plist": {
                    "sha": "4f338601b8a403a088351880c74fea0b9988bcfe"
                },
                "main.m": {
                    "sha": "1eddf372ee7075187bdbdb660f504fcacae700da"
                }
            }
        },
        "{{ cookiecutter.formal_name }}.xcodeproj": {
            "dirs": {},
            "files": {
                "project.pbxproj": {
                    "sha": "4e697ef3dade778994acfd62f945679dbeaba036"
                }
            }
        }
    },
    "files": {}
}