{
    "dirs": {
        "src": {
            "dirs": {
                "{{ cookiecutter.module_name }}": {
                    "dirs": {
                        "resources": {
                            "dirs": {},
                            "files": {
                                "README": {
                                    "sha": "4ef279425c89c4dee1f11f5aa186f937b2eafa20"
                                }
                            }
                        }
                    },
                    "files": {
                        "__init__.py": {
                            "sha": "e69de29bb2d1d6434b8b29ae775ad8c2e48c5391"
                        },
                        "__main__.py": {
                            "sha": "3a0449cc1585490cd79c2846a72d72fbd7db1dff"
                        },
                        "app.py": {
                            "sha": "77f26741ef662765e777bba149dd6560496d2534"
                        }
                    }
                }
            },
            "files": {}
        },
        "{{ cookiecutter.test_source_dir }}": {
            "dirs": {},
            "files": {
                "__init__.py": {
                    "sha": "e69de29bb2d1d6434b8b29ae775ad8c2e48c5391"
                },
                "test_app.py": {
                    "sha": "4d955da4436782cbe2b28b1d1a2b40a0731572a4"
                },
                "{{ cookiecutter.module_name }}.py": {
                    "sha": "92ae80061dd511fa6b38256f5e89992d423a5f14"
                }
            }
        }
    },
    "files": {
        ".gitignore": {
            "sha": "f6c30e22828675f6ce0c88d4dd73a0e53ae5af17"
        },
        "CHANGELOG": {
            "sha": "5b188ae8f767d88f19344c191a4a9286a2676ea4"
        },
        "LICENSE": {
            "sha": "e994ffd2a12969045e4f2c31f38231c862a94cdc"
        },
        "README.rst": {
            "sha": "8beec42b3f6f5ce8db7a5620d1caa9fb7dd31cff"
        },
        "pyproject.toml": {
            "sha": "0e7c2755d2d1165b0a42de5aaa8fedb7f521e77c"
        }
    }
}