{
    "dirs": {
        "docs": {
            "dirs": {},
            "files": {
                "Makefile": {
                    "sha": "7dab2b193772093f62a9b4e6be9747737c0baff9"
                },
                "__init__.py": {
                    "sha": "8772c827b325541e1fb46121b7175b1087fc7e26"
                },
                "conf.py": {
                    "sha": "a121ac0016eb06009dcbf7737a2982ec3fb89692"
                },
                "deploy.rst": {
                    "sha": "1e642c7988ed69776954825a6d0116b031de03a1"
                },
                "index.rst": {
                    "sha": "3ae55a137c3ed8022a3e2ded622cdf33dc7689d9"
                },
                "install.rst": {
                    "sha": "1bc03335d440baace95b0da42afea21aa6577c81"
                },
                "make.bat": {
                    "sha": "aa1d05a275222c53c5bca6fde95376ef87fc1c58"
                }
            }
        },
        "provisioning": {
            "dirs": {
                "inventory": {
                    "dirs": {
                        "group_vars": {
                            "dirs": {},
                            "files": {
                                "all.yml": {
                                    "sha": "49e34029219db2fcbb719becd6f485ce5ced4fe2"
                                },
                                "digital_ocean.yml": {
                                    "sha": "4c523f7065415eb89c7fd2aaaa890d7c5a1bf958"
                                },
                                "vagrant.yml": {
                                    "sha": "22072c954c8c3d45437222b857f0e819066472ae"
                                }
                            }
                        }
                    },
                    "files": {
                        "production": {
                            "sha": "cdff41ebfc9988baaaf0cd29ec36ff076cc94ac1"
                        },
                        "vagrant_multi": {
                            "sha": "0e891191247fd5a09e2cc465855a173a5744be44"
                        },
                        "vagrant_single": {
                            "sha": "f14ce5364a37d827331eb810c418a5767959aecf"
                        }
                    }
                },
                "playbooks": {
                    "dirs": {
                        "roles": {
                            "dirs": {
                                "celery": {
                                    "dirs": {
                                        "tasks": {
                                            "dirs": {},
                                            "files": {
                                                "main.yml": {
                                                    "sha": "7d49cf50570dd08d08ad29475f136a327d537d4a"
                                                }
                                            }
                                        },
                                        "templates": {
                                            "dirs": {},
                                            "files": {
                                                "celerybeat.conf.j2": {
                                                    "sha": "170e8d869b0e45e085e74baacb22c376a8a6613e"
                                                },
                                                "celeryd.conf.j2": {
                                                    "sha": "b749f5199a4b823d633e0bc47eb4acdfbca2875f"
                                                }
                                            }
                                        }
                                    },
                                    "files": {}
                                },
                                "common": {
                                    "dirs": {
                                        "defaults": {
                                            "dirs": {},
                                            "files": {
                                                "main.yml": {
                                                    "sha": "77f4eff8aa3121ba90cd7a627dbdbfde51732b09"
                                                }
                                            }
                                        },
                                        "files": {
                                            "dirs": {},
                                            "files": {
                                                "50unattended-upgrades": {
                                                    "sha": "92dc0bedef5be386892cfc72bbbddf49aad1be13"
                                                },
                                                "apt_periodic": {
                                                    "sha": "5d37e9fc00773d51f0857d383f067dcb7ede5ba3"
                                                }
                                            }
                                        },
                                        "handlers": {
                                            "dirs": {},
                                            "files": {
                                                "main.yml": {
                                                    "sha": "8932c8012f7cdc9b8dccbce479dbe8829227de2b"
                                                }
                                            }
                                        },
                                        "tasks": {
                                            "dirs": {},
                                            "files": {
                                                "main.yml": {
                                                    "sha": "6fd283b1d59913a410de581d48a1d71f2560adbb"
                                                }
                                            }
                                        }
                                    },
                                    "files": {}
                                },
                                "deploy": {
                                    "dirs": {
                                        "defaults": {
                                            "dirs": {},
                                            "files": {
                                                "main.yml": {
                                                    "sha": "03fd76c75dc878015e1ed95c88dc3885ad1be30a"
                                                }
                                            }
                                        },
                                        "files": {
                                            "dirs": {},
                                            "files": {
                                                "ssh_config": {
                                                    "sha": "1b8da7d0ffc135c53377d97965b0f7301f4591d5"
                                                }
                                            }
                                        },
                                        "tasks": {
                                            "dirs": {},
                                            "files": {
                                                "main.yml": {
                                                    "sha": "88e63e3b05fc9df20807c1b3d584f003df8599bb"
                                                }
                                            }
                                        },
                                        "templates": {
                                            "dirs": {},
                                            "files": {
                                                "rs.j2": {
                                                    "sha": "17ac2ea0bcae8b0779cfaa29ad3671beab5d94f5"
                                                },
                                                "runserver_plus.conf.j2": {
                                                    "sha": "77dbd557d6f482d4b25099396dd7c4498ce5651b"
                                                }
                                            }
                                        }
                                    },
                                    "files": {}
                                },
                                "django_user": {
                                    "dirs": {
                                        "files": {
                                            "dirs": {},
                                            "files": {
                                                "bashrc": {
                                                    "sha": "83b063a32d8ce98f76b6a2a3c37e2e312a76d976"
                                                }
                                            }
                                        },
                                        "handlers": {
                                            "dirs": {},
                                            "files": {
                                                "main.yml": {
                                                    "sha": "889c02827dc5d8b7a1b1454a3eb7100a329cce08"
                                                }
                                            }
                                        },
                                        "tasks": {
                                            "dirs": {},
                                            "files": {
                                                "main.yml": {
                                                    "sha": "e8a286868358e0933f39dd8bb272431cb28a2acb"
                                                }
                                            }
                                        },
                                        "templates": {
                                            "dirs": {},
                                            "files": {
                                                "bash_aliases": {
                                                    "sha": "e08fdefe2fa7123e440d55a7a56894905bd5e92a"
                                                }
                                            }
                                        }
                                    },
                                    "files": {}
                                },
                                "nginx": {
                                    "dirs": {
                                        "tasks": {
                                            "dirs": {},
                                            "files": {
                                                "main.yml": {
                                                    "sha": "7df4f106d423a312b7d768d3935183f062276b45"
                                                }
                                            }
                                        },
                                        "templates": {
                                            "dirs": {},
                                            "files": {
                                                "nginx.j2": {
                                                    "sha": "c17171937ecc63fea3fe6bbeb7b76dd618ebe3bf"
                                                },
                                                "nginx_vhost.j2": {
                                                    "sha": "dc76cb9e4ce05c56942ba77dd88d5a9398354a75"
                                                }
                                            }
                                        }
                                    },
                                    "files": {}
                                },
                                "postgres": {
                                    "dirs": {
                                        "defaults": {
                                            "dirs": {},
                                            "files": {
                                                "main.yml": {
                                                    "sha": "7c7d31dc1e96d73c51bd19e61cfe10fc6ca913c6"
                                                }
                                            }
                                        },
                                        "files": {
                                            "dirs": {},
                                            "files": {
                                                "postgresql.conf": {
                                                    "sha": "f015173e06ac49cef57aac5cf478d8cc9c5c7e52"
                                                }
                                            }
                                        },
                                        "tasks": {
                                            "dirs": {},
                                            "files": {
                                                "main.yml": {
                                                    "sha": "838b1cc2720eae601b28eb7f2eef1a07c96ba97e"
                                                }
                                            }
                                        },
                                        "templates": {
                                            "dirs": {},
                                            "files": {
                                                "pg_hba.conf": {
                                                    "sha": "2b5baa8e1b8d089165295a6a1f89c01e460351fb"
                                                }
                                            }
                                        }
                                    },
                                    "files": {}
                                },
                                "python": {
                                    "dirs": {
                                        "defaults": {
                                            "dirs": {},
                                            "files": {
                                                "main.yml": {
                                                    "sha": "136443127dcdaf407b77930c46b6c966218f763d"
                                                }
                                            }
                                        },
                                        "tasks": {
                                            "dirs": {},
                                            "files": {
                                                "main.yml": {
                                                    "sha": "c1250079a8219b5ff52de1778cf1a58f166669be"
                                                }
                                            }
                                        }
                                    },
                                    "files": {}
                                },
                                "rabbitmq": {
                                    "dirs": {
                                        "defaults": {
                                            "dirs": {},
                                            "files": {
                                                "main.yml": {
                                                    "sha": "8c1bd1a705d7fcb9cae020466fb5e5a319733ca1"
                                                }
                                            }
                                        },
                                        "files": {
                                            "dirs": {},
                                            "files": {
                                                "rabbitmq.config": {
                                                    "sha": "038d5104de5ca96f7f6b66c0c74343001cc51f7c"
                                                }
                                            }
                                        },
                                        "tasks": {
                                            "dirs": {},
                                            "files": {
                                                "main.yml": {
                                                    "sha": "b87335f278c181b995f87e5448d5ef406e7fa84c"
                                                }
                                            }
                                        }
                                    },
                                    "files": {}
                                },
                                "redis": {
                                    "dirs": {
                                        "defaults": {
                                            "dirs": {},
                                            "files": {
                                                "main.yml": {
                                                    "sha": "df4a6fe9ea42c0f0eee0f3544ab75c559b583e28"
                                                }
                                            }
                                        },
                                        "handlers": {
                                            "dirs": {},
                                            "files": {
                                                "main.yml": {
                                                    "sha": "0c370971f0fc17f1e84707b49eeede4f7c7af33a"
                                                }
                                            }
                                        },
                                        "tasks": {
                                            "dirs": {},
                                            "files": {
                                                "main.yml": {
                                                    "sha": "824171c73b02f6c97d7260e2e421f54aecc86ce0"
                                                },
                                                "redis.yml": {
                                                    "sha": "b69c5bd1b10fd53c915141d10f97d5e42f49add5"
                                                },
                                                "redmon.yml": {
                                                    "sha": "cb9f85dbc818efe2ee48da7222350e5399cb89b0"
                                                }
                                            }
                                        },
                                        "templates": {
                                            "dirs": {},
                                            "files": {
                                                "redmon.conf.j2": {
                                                    "sha": "a6c748cec98001accbda4aef4545f7a9c8b63c70"
                                                }
                                            }
                                        }
                                    },
                                    "files": {}
                                },
                                "supervisor": {
                                    "dirs": {
                                        "defaults": {
                                            "dirs": {},
                                            "files": {
                                                "main.yml": {
                                                    "sha": "ef943e156789380221d5b7c19b1529510740df48"
                                                }
                                            }
                                        },
                                        "files": {
                                            "dirs": {},
                                            "files": {
                                                "supervisord.conf": {
                                                    "sha": "1876a693ffa12cbc78b732be05b886bc05797dfc"
                                                }
                                            }
                                        },
                                        "handlers": {
                                            "dirs": {},
                                            "files": {
                                                "main.yml": {
                                                    "sha": "1f92d12dc41492fa3a8de60964eb05f7139f3ba8"
                                                }
                                            }
                                        },
                                        "tasks": {
                                            "dirs": {},
                                            "files": {
                                                "main.yml": {
                                                    "sha": "f85c9fd21d15b36511428bab79f14061af291358"
                                                }
                                            }
                                        },
                                        "templates": {
                                            "dirs": {},
                                            "files": {
                                                "supervisord": {
                                                    "sha": "c1cd980c081f20e13cfe632c1927c98f0828c28f"
                                                }
                                            }
                                        }
                                    },
                                    "files": {}
                                },
                                "uwsgi": {
                                    "dirs": {
                                        "tasks": {
                                            "dirs": {},
                                            "files": {
                                                "main.yml": {
                                                    "sha": "ba75d04e10c88fafc837641e9bcff80386ecffcb"
                                                }
                                            }
                                        },
                                        "templates": {
                                            "dirs": {},
                                            "files": {
                                                "uwsgi.j2": {
                                                    "sha": "a8b6db7866890a2978fb6a79d0456889980778f0"
                                                },
                                                "uwsgi_project_name.conf.j2": {
                                                    "sha": "b8fe2ba31ff15a9bb3b81b55740e4fe663e0796b"
                                                }
                                            }
                                        }
                                    },
                                    "files": {}
                                }
                            },
                            "files": {}
                        }
                    },
                    "files": {
                        "bootstrap_user.yml": {
                            "sha": "77f16f709ae188e95d3c59b8c8d3e9d5d2ea8e7c"
                        },
                        "common.yml": {
                            "sha": "e9c4979a22b7a8d3930d831bec8ea0f064d08058"
                        },
                        "dbservers.yml": {
                            "sha": "02d5d7d96057c4a00e447a5766bfb81936c2bbc3"
                        },
                        "deploy.yml": {
                            "sha": "9d42f5b749172d2810bcc1e910d193053051fa94"
                        },
                        "site.yml": {
                            "sha": "9383e92ca72f8231a965753e8fd0cf7c45cde8ed"
                        },
                        "webservers.yml": {
                            "sha": "07038cf1c8e67cb093c1610ff465e3f64f67e4df"
                        }
                    }
                }
            },
            "files": {
                "README.md": {
                    "sha": "1f1671f0bcdc93d821c8838b5143cd6e2b02d02b"
                },
                "notes.txt": {
                    "sha": "61fbf5ab86b74a6365d0482a0c5b17abe4fe20f8"
                }
            }
        },
        "requirements": {
            "dirs": {},
            "files": {
                "base.txt": {
                    "sha": "43320afb549683fbd6e9e68316e29c7aa626ff70"
                },
                "local.txt": {
                    "sha": "dbd7904587a90116c2f306e9f5f12bcf22721996"
                },
                "production.txt": {
                    "sha": "009f58d98733e256b18daa5485be8ac58a35540e"
                },
                "test.txt": {
                    "sha": "1f88a9fd2f0f61b0a8ccd11e31f1c00bf804febe"
                }
            }
        },
        "{{cookiecutter.repo_name}}": {
            "dirs": {
                "config": {
                    "dirs": {},
                    "files": {
                        "__init__.py": {
                            "sha": "e69de29bb2d1d6434b8b29ae775ad8c2e48c5391"
                        },
                        "celery.py": {
                            "sha": "6d405f2af40937e4f510c86a57d244c601a433e7"
                        },
                        "settings.py": {
                            "sha": "9df021c89ea31dc2f2baedd54ddc471ce579a657"
                        },
                        "urls.py": {
                            "sha": "3d58b5dfad6629fdc04413a78dbfc73589434c7f"
                        },
                        "wsgi.py": {
                            "sha": "19da5d093ecc86a100bc08487938fba85484fde1"
                        }
                    }
                },
                "static": {
                    "dirs": {
                        "css": {
                            "dirs": {},
                            "files": {
                                "project.css": {
                                    "sha": "4162d5de53eaf6d928623c0ed7240fec7bfc7a4c"
                                }
                            }
                        },
                        "fonts": {
                            "dirs": {},
                            "files": {
                                ".gitkeep": {
                                    "sha": "e69de29bb2d1d6434b8b29ae775ad8c2e48c5391"
                                }
                            }
                        },
                        "images": {
                            "dirs": {},
                            "files": {
                                ".gitkeep": {
                                    "sha": "e69de29bb2d1d6434b8b29ae775ad8c2e48c5391"
                                }
                            }
                        },
                        "js": {
                            "dirs": {},
                            "files": {
                                "project.js": {
                                    "sha": "d26d23b9be8b969787f72d47f965266aecbfa4db"
                                }
                            }
                        },
                        "sass": {
                            "dirs": {},
                            "files": {
                                "project.scss": {
                                    "sha": "99554ec2b15b06dcd0cf6f46cfbc61c4d3ad7f08"
                                }
                            }
                        }
                    },
                    "files": {}
                },
                "templates": {
                    "dirs": {
                        "account": {
                            "dirs": {},
                            "files": {
                                "base.html": {
                                    "sha": "6703bb8b0baff1150f048ca0f4c8daffbf6f3ae9"
                                },
                                "email.html": {
                                    "sha": "2dab7e931e1397f1b386f63c7d47c7244a70249f"
                                },
                                "email_confirm.html": {
                                    "sha": "b0ab775d6188b1ddd033b78650eb5b963e9c7553"
                                },
                                "email_confirmed.html": {
                                    "sha": "97f2a82c08f57839ae6cf055808f3f66685a478b"
                                },
                                "login.html": {
                                    "sha": "92e99082ffcf5e39e59bce113521d2fdd9c2f91d"
                                },
                                "logout.html": {
                                    "sha": "cf21b87e63163fa58964884ddfa0cfc4d181ea67"
                                },
                                "password_change.html": {
                                    "sha": "9855c0f5afd7dcd54380c471b484ab6bc2b49f63"
                                },
                                "password_delete.html": {
                                    "sha": "80ef8e5f293d447573f8411aa22fca1d31ddff14"
                                },
                                "password_delete_done.html": {
                                    "sha": "c1089b4df3d1680a47eb98d81e423477e641240a"
                                },
                                "password_reset.html": {
                                    "sha": "2e6c5a6fc81dce947c396bc3e29d38d33f50e50c"
                                },
                                "password_reset_done.html": {
                                    "sha": "e954abc61d11ccb4d206806e1b53017e4f6dd783"
                                },
                                "password_reset_from_key.html": {
                                    "sha": "603c25de7e63a9a5399745daad760672cad757da"
                                },
                                "password_reset_from_key_done.html": {
                                    "sha": "9fb922e88c810c8a89496ce160e129221a99a0f4"
                                },
                                "password_set.html": {
                                    "sha": "7e2967e3773f7dc07296c3968ffb36bb670833d2"
                                },
                                "signup.html": {
                                    "sha": "92e49e221811f4a366a3bf643917637ee6931857"
                                },
                                "signup_closed.html": {
                                    "sha": "5de5361db90bff680f3f7292bf52a4c19555269a"
                                },
                                "verification_sent.html": {
                                    "sha": "0c082288cc376d852681a000d87559a75be7be82"
                                },
                                "verified_email_required.html": {
                                    "sha": "f6355fb638fcf31ae4af405b286b028dbadfd89d"
                                }
                            }
                        },
                        "avatar": {
                            "dirs": {},
                            "files": {
                                "add.html": {
                                    "sha": "077b81b5498a0731308be8f76020c2d306168888"
                                },
                                "avatar_tag.html": {
                                    "sha": "febc17f0ec763bf8b2a1412ad4a48c781ed1a143"
                                },
                                "base.html": {
                                    "sha": "6a0e6e9dba8e6208dd1bafddbf35de6161741465"
                                },
                                "change.html": {
                                    "sha": "0acbc703972c55122bf381d7c42736d6d89d55e5"
                                },
                                "confirm_delete.html": {
                                    "sha": "896b6ea4b6942f359d5594f22a38ecea0131cf70"
                                }
                            }
                        },
                        "pages": {
                            "dirs": {},
                            "files": {
                                "about.html": {
                                    "sha": "94beff9c8833babc658cb7b8836b53730ef79938"
                                },
                                "home.html": {
                                    "sha": "94beff9c8833babc658cb7b8836b53730ef79938"
                                }
                            }
                        },
                        "users": {
                            "dirs": {},
                            "files": {
                                "user_detail.html": {
                                    "sha": "508c845a15811f9cad77832af0124b0fb6d11be2"
                                },
                                "user_form.html": {
                                    "sha": "933abd11097ded75001197f6fb8471c385f6377c"
                                },
                                "user_list.html": {
                                    "sha": "f7c03fd79154ba502dbebdcc3abca6113d535db9"
                                }
                            }
                        }
                    },
                    "files": {
                        "404.html": {
                            "sha": "3ba605bfa7b2381f140bf721c5a657cb5f0d892c"
                        },
                        "500.html": {
                            "sha": "122e0813e6792ccb2a0d53b8c1225c02f72d730f"
                        },
                        "base.html": {
                            "sha": "fcf980f412f634af3842f9fa11e42d4ec5648b26"
                        }
                    }
                },
                "users": {
                    "dirs": {
                        "migrations": {
                            "dirs": {},
                            "files": {
                                "0001_initial.py": {
                                    "sha": "ca4170cf0c8b554ac9f49edef61ba55f786991db"
                                },
                                "0002_set_site_domain_and_name.py": {
                                    "sha": "d7843f2a596198f4e8fd5bf7e9a371860ea8740a"
                                },
                                "__init__.py": {
                                    "sha": "e69de29bb2d1d6434b8b29ae775ad8c2e48c5391"
                                }
                            }
                        }
                    },
                    "files": {
                        "__init__.py": {
                            "sha": "e69de29bb2d1d6434b8b29ae775ad8c2e48c5391"
                        },
                        "admin.py": {
                            "sha": "80e8e792f50b27b7053a8647b90fcbd5cf056987"
                        },
                        "forms.py": {
                            "sha": "c4f4d1fba38354ddfb7ecb592e4f5ce462d06c87"
                        },
                        "models.py": {
                            "sha": "fab73f1de3d7f1a78fe4329413dbc54fc29688ff"
                        },
                        "urls.py": {
                            "sha": "2dce0751cc097119b73edb5a76eb636bfbeb25f3"
                        },
                        "views.py": {
                            "sha": "86d0a6a9c8dd8ea8dee5e7c4955b7c07653596b9"
                        }
                    }
                }
            },
            "files": {
                "__init__.py": {
                    "sha": "33b1af28282c1b54bea72a4caad3652a0e5136f9"
                },
                "manage.py": {
                    "sha": "384bd50891ef2a3699139e048b9468f9fe4e5ea0"
                }
            }
        }
    },
    "files": {
        ".editorconfig": {
            "sha": "058a363fb27515d8c78b19ddcaa6a9ed25a1d63a"
        },
        ".gitattributes": {
            "sha": "176a458f94e0ea5272ce67c36bf30b6be9caf623"
        },
        ".gitignore": {
            "sha": "1dc7086ff3c2a6c8269d193ec727b4d1b1a9f0e5"
        },
        "CONTRIBUTORS.txt": {
            "sha": "25e9ec56f64337b324087825a6327e07a036dd61"
        },
        "Gruntfile.js": {
            "sha": "f3edc7b7249275ea0d0ac59679cc0182e1674dd0"
        },
        "LICENSE.rst": {
            "sha": "5eaf319b3f8adac30f01c6b4fc7895a7c41cd91d"
        },
        "README.rst": {
            "sha": "372466aab1813db1b2845ee4c21820335aee2171"
        },
        "Vagrantfile": {
            "sha": "8c082ed5939ec6886fc937ffbfa08fb2121aaf95"
        },
        "Vagrantfile_multi": {
            "sha": "9853d1cac82f8afa5a0bdea87318a03a3112b371"
        },
        "Vagrantfile_single": {
            "sha": "7b29fb31fbb6a42a8887f54353f084a4249b4a13"
        },
        "package.json": {
            "sha": "47dd4d559bbafae678f5f1ec46375c01cce693d1"
        },
        "requirements.txt": {
            "sha": "c7db2d3168db6b5721e4b16f0e33bb14137ed83b"
        },
        "setup.cfg": {
            "sha": "51059eda12f90dbd445c388db055e0941ccc58fd"
        },
        "setup.py": {
            "sha": "f683f9393f7dbbcee8ec35d10daa4e514b21db19"
        }
    }
}