{
    "dirs": {
        ".github": {
            "dirs": {
                "workflows": {
                    "dirs": {},
                    "files": {
                        "README.md": {
                            "sha": "28ba1547273168b483183b304e1f6531f019ccbf"
                        },
                        "example-workflow.yml": {
                            "sha": "047cfb925cae58cc24c3f5f3ee496f24d06b3ce6"
                        }
                    }
                }
            },
            "files": {}
        },
        "output": {
            "dirs": {},
            "files": {
                ".gitignore": {
                    "sha": "b165efc99190ae085fff524bccbabb8aa4b44e78"
                }
            }
        }
    },
    "files": {
        ".editorconfig": {
            "sha": "69fbfa8bc0a265115d481cbc5f6b64f7929295dc"
        },
        ".gitignore": {
            "sha": "37cd3e34a2b071012f20e547439408e6ac7650cb"
        },
        "Dockerfile": {
            "sha": "6499a1d6d2e9767385557f352d216c8875f204ba"
        },
        "README.md": {
            "sha": "7466ef5ebc949d0b688770ec84141870da6a7a95"
        },
        "action.yml": {
            "sha": "d556f72998eb1cf57155a115f8084ac1e401559a"
        },
        "entrypoint.sh": {
            "sha": "810b3341e74ed03b92021f8319f8c3d3692bb66c"
        },
        "example.env": {
            "sha": "311f169487e6a1838c34e0c8b1bc6b66d5ed61a7"
        },
        "meltano.yml": {
            "sha": "0ca9a117f1605066d3050c6e7f1374879c70ea0a"
        }
    }
}