{
    "dirs": {
        ".chalice": {
            "dirs": {},
            "files": {
                "config.json": {
                    "sha": "a62bc4bd800500958b2c5edeb33d60e23ce66d92"
                }
            }
        },
        "bin": {
            "dirs": {},
            "files": {
                "vendor_package.py": {
                    "sha": "dde15732527eeb063d020edc40de3e891f4cf79a"
                }
            }
        },
        "tests": {
            "dirs": {},
            "files": {
                "test_project.py": {
                    "sha": "22380a94af69843d0c3378809f1cb80bc08612cb"
                }
            }
        },
        "vendor": {
            "dirs": {},
            "files": {
                ".gitkeep": {
                    "sha": "e69de29bb2d1d6434b8b29ae775ad8c2e48c5391"
                }
            }
        }
    },
    "files": {
        ".gitignore": {
            "sha": "a1b4f351a01b6d8ece983c7c7b6b52deee651c0e"
        },
        "README.md": {
            "sha": "d4adc9998d7da40705ba736617bf0a46b335f9b1"
        },
        "app.py": {
            "sha": "4f38496e75e60d90e8fdda90bcb89da059418669"
        },
        "requirements-tests.txt": {
            "sha": "81c9d71f64aee5e48c066db0f6e5493e53c8933e"
        },
        "requirements.txt": {
            "sha": "7d02d0bb100599d4ba273040093fb10bb9cb9bc9"
        }
    }
}