{
    "dirs": {
        ".github": {
            "dirs": {
                "workflows": {
                    "dirs": {},
                    "files": {
                        "angularpackage.yml": {
                            "sha": "3e86bb00f14cb45e8547ea24d8cea514b685f7e6"
                        },
                        "pythonpackage.yml": {
                            "sha": "3bc3d097117ceddb5cc40da08f09e901c25667d7"
                        }
                    }
                }
            },
            "files": {}
        },
        "{{cookiecutter.angular_slug}}": {
            "dirs": {
                "e2e": {
                    "dirs": {
                        "src": {
                            "dirs": {},
                            "files": {
                                "app.e2e-spec.ts": {
                                    "sha": "d50b0a717003b937a30d094c6c7c55f59a2519cc"
                                },
                                "app.po.ts": {
                                    "sha": "b8498c26f24ea7661ad43fda1a000c7b2cef29e3"
                                }
                            }
                        }
                    },
                    "files": {
                        "protractor.conf.js": {
                            "sha": "73e4e6806cd6b451dc89181ce574c386c6c837da"
                        },
                        "tsconfig.json": {
                            "sha": "39b800f789619f0fb8063aba2e05bd5a57850e57"
                        }
                    }
                },
                "src": {
                    "dirs": {
                        "app": {
                            "dirs": {
                                "components": {
                                    "dirs": {
                                        "docs": {
                                            "dirs": {},
                                            "files": {
                                                "docs.component.html": {
                                                    "sha": "9e85756b60a8820c05f1da06006af20268b313d3"
                                                },
                                                "docs.component.scss": {
                                                    "sha": "238d2549d39ba1f5ba5954fcaf2350bd5a877730"
                                                },
                                                "docs.component.spec.ts": {
                                                    "sha": "bfe8a3717f2ae2192c58710f5f51dd1274ea1dd1"
                                                },
                                                "docs.component.ts": {
                                                    "sha": "b6835f63d9ae990c34e9312ef2eae3891d79e857"
                                                }
                                            }
                                        },
                                        "home": {
                                            "dirs": {},
                                            "files": {
                                                "home.component.html": {
                                                    "sha": "209ac225b98af23654a91ea7c9bc07ae00879ed9"
                                                },
                                                "home.component.scss": {
                                                    "sha": "e69de29bb2d1d6434b8b29ae775ad8c2e48c5391"
                                                },
                                                "home.component.spec.ts": {
                                                    "sha": "5de9a17e4a4389c218bb5a82faf096955ec4450b"
                                                },
                                                "home.component.ts": {
                                                    "sha": "46a41046d93db425864370f61e3b5d041799d0f1"
                                                }
                                            }
                                        },
                                        "login-page": {
                                            "dirs": {},
                                            "files": {
                                                "login-page.component.html": {
                                                    "sha": "d143eeb5b62943630fc97dc1f0a01a6194759711"
                                                },
                                                "login-page.component.scss": {
                                                    "sha": "e69de29bb2d1d6434b8b29ae775ad8c2e48c5391"
                                                },
                                                "login-page.component.spec.ts": {
                                                    "sha": "fe42df4c1ee6988ea318bae33c7496d59ae22c6d"
                                                },
                                                "login-page.component.ts": {
                                                    "sha": "77e184f0fe8a40d66a4ef2098a36d01a37a69fec"
                                                }
                                            }
                                        },
                                        "menu": {
                                            "dirs": {},
                                            "files": {
                                                "menu.component.html": {
                                                    "sha": "c08345f2af04bb5b1d8384fbb733d024f5276cb3"
                                                },
                                                "menu.component.scss": {
                                                    "sha": "eb59ff0c1af9d9fe555c1ee692e41911c1417dd6"
                                                },
                                                "menu.component.spec.ts": {
                                                    "sha": "beb2d9b6cdb96a8007f6d47cde6d6cad895813ab"
                                                },
                                                "menu.component.ts": {
                                                    "sha": "11da4b7d5c0a5c4211712146c32c06c93360f029"
                                                }
                                            }
                                        },
                                        "register": {
                                            "dirs": {},
                                            "files": {
                                                "register.component.html": {
                                                    "sha": "d6ec90b6f1c5942af14ba8ac5a30a6fe2b41706d"
                                                },
                                                "register.component.scss": {
                                                    "sha": "e69de29bb2d1d6434b8b29ae775ad8c2e48c5391"
                                                },
                                                "register.component.spec.ts": {
                                                    "sha": "6c19551bf9c857aafe04cfd5214040cf7058c4b9"
                                                },
                                                "register.component.ts": {
                                                    "sha": "5c4b2f779b1042a5af3152a7cad574503fa1a372"
                                                }
                                            }
                                        },
                                        "status": {
                                            "dirs": {},
                                            "files": {
                                                "status.component.html": {
                                                    "sha": "c870116a07947a23d90694f112a834cbb429db78"
                                                },
                                                "status.component.scss": {
                                                    "sha": "e69de29bb2d1d6434b8b29ae775ad8c2e48c5391"
                                                },
                                                "status.component.spec.ts": {
                                                    "sha": "de504e888f3d807b0a96a857ae10bcf54b221992"
                                                },
                                                "status.component.ts": {
                                                    "sha": "1772c676dbba4ed32b419cefa90885f2328245ca"
                                                }
                                            }
                                        },
                                        "user-profile": {
                                            "dirs": {},
                                            "files": {
                                                "user-profile.component.html": {
                                                    "sha": "9807ba2b4511168d2bbcf2da635e0b16519e344a"
                                                },
                                                "user-profile.component.scss": {
                                                    "sha": "e69de29bb2d1d6434b8b29ae775ad8c2e48c5391"
                                                },
                                                "user-profile.component.spec.ts": {
                                                    "sha": "e683b969b7fd0e49f1caf5ac88501a33ced6b852"
                                                },
                                                "user-profile.component.ts": {
                                                    "sha": "9ed5e49916d4445f75fefea34559cf48b1009583"
                                                }
                                            }
                                        }
                                    },
                                    "files": {}
                                },
                                "interceptors": {
                                    "dirs": {},
                                    "files": {
                                        "auth-interceptor.ts": {
                                            "sha": "e57b8d111cf6a8fce11599c8cab880ee1668419f"
                                        }
                                    }
                                },
                                "interfaces": {
                                    "dirs": {},
                                    "files": {
                                        "istatus.ts": {
                                            "sha": "70ec11d0c70cbde3677f3d7ed4a1bd08b09bf7fb"
                                        },
                                        "token.ts": {
                                            "sha": "68c90b55c47cae993d00c6b21c2abbe965eae3cc"
                                        },
                                        "user.ts": {
                                            "sha": "85595eebba51694c7121f78f2766a9b95604d535"
                                        }
                                    }
                                },
                                "services": {
                                    "dirs": {},
                                    "files": {
                                        "api.service.spec.ts": {
                                            "sha": "a2572fd2ac96d9faa942c63b01f4fa82fedf8d30"
                                        },
                                        "api.service.ts": {
                                            "sha": "e8f2979a283bee348f87a803a8b63569ce225228"
                                        },
                                        "auth-service.service.spec.ts": {
                                            "sha": "6c1efe947c0f0e90ad1a6db211fcf801aaeb81ba"
                                        },
                                        "auth-service.service.ts": {
                                            "sha": "5bd4a7f4408822b28a4c88d1de13668c4857fc70"
                                        },
                                        "global-state.service.spec.ts": {
                                            "sha": "308676548268a92576cccc78bae77b4ad56ca76f"
                                        },
                                        "global-state.service.ts": {
                                            "sha": "58926bd15efd68e8eaae234e1e833003c98db1a7"
                                        }
                                    }
                                }
                            },
                            "files": {
                                "angular-material.module.ts": {
                                    "sha": "642b1cb050877545b1b626932f06164422cc2627"
                                },
                                "app-routing.module.ts": {
                                    "sha": "7c252ba01e41502c9e2cfdd60f0758ecaa299619"
                                },
                                "app.component.html": {
                                    "sha": "dfd492106958cac3f6ff700972ed923c6c9993a4"
                                },
                                "app.component.scss": {
                                    "sha": "e69de29bb2d1d6434b8b29ae775ad8c2e48c5391"
                                },
                                "app.component.spec.ts": {
                                    "sha": "7d3a54707daaf22cfada2b29e2ca48cfb033b100"
                                },
                                "app.component.ts": {
                                    "sha": "b384eddfd377208acc4a6b80a614273c51c74e70"
                                },
                                "app.module.ts": {
                                    "sha": "d3f94692c44d8829d9ecb96885a1b36ec17fd9c2"
                                }
                            }
                        },
                        "assets": {
                            "dirs": {},
                            "files": {
                                ".gitkeep": {
                                    "sha": "e69de29bb2d1d6434b8b29ae775ad8c2e48c5391"
                                }
                            }
                        },
                        "environments": {
                            "dirs": {},
                            "files": {
                                "environment.prod.ts": {
                                    "sha": "3612073bc31cd4c1f5d6cbb00318521e9a61bd8a"
                                },
                                "environment.ts": {
                                    "sha": "7b4f817adb754769ca126a939d48ac4b0850489d"
                                }
                            }
                        }
                    },
                    "files": {
                        "favicon.ico": {
                            "sha": "997406ad22c29aae95893fb3d666c30258a09537"
                        },
                        "index.html": {
                            "sha": "13a1110f632ae7d96fa33114ad40009c91f71151"
                        },
                        "main.ts": {
                            "sha": "c7b673cf44b388e9989fe908b78d7d73cd2e1409"
                        },
                        "polyfills.ts": {
                            "sha": "aa665d6b8740860e1d67de37a26ab362ef8ba974"
                        },
                        "styles.scss": {
                            "sha": "a3727586a4c890cbe887b1b7a1faeeb6788c6ba3"
                        },
                        "test.ts": {
                            "sha": "16317897b1c50a3a71bc775a8d6429f2b4c6cf98"
                        }
                    }
                }
            },
            "files": {
                ".editorconfig": {
                    "sha": "e89330a618c137cdaccde46f87923736cc04dfb4"
                },
                ".gitignore": {
                    "sha": "86d943a9b2e8f3bb69fbe37fd8363962646b1d92"
                },
                "Dockerfile": {
                    "sha": "381a31b534e706ed681dd8b1426b432d208b81c4"
                },
                "README.md": {
                    "sha": "11f7a53b3fda8f662cab09c1448e27e1af9f8fae"
                },
                "angular.json": {
                    "sha": "0bb5787cdc8d69b4b0e875057741cc517d40e4bf"
                },
                "browserslist": {
                    "sha": "80848532e47d58cc7a4b618f600b438960f9f045"
                },
                "karma.conf.js": {
                    "sha": "5122c5f00b584a1440a8d1150043e9a933bb2b55"
                },
                "package-lock.json": {
                    "sha": "03558ad681d35dc06b7f105dbf401ba7d7807493"
                },
                "package.json": {
                    "sha": "d98e0864de94c27e89cf437b8ce9edb8b8264233"
                },
                "tsconfig.app.json": {
                    "sha": "565a11a2156b8307120e25ba35a89bf17a094f26"
                },
                "tsconfig.json": {
                    "sha": "30956ae7ea265edf9bdc17001d75457e51ebe107"
                },
                "tsconfig.spec.json": {
                    "sha": "6400fde7d544029c82e13d368a6b69d6664fe857"
                },
                "tslint.json": {
                    "sha": "f0adae98002bc69c91eb549a00bb2b0850c22341"
                }
            }
        },
        "{{cookiecutter.python_slug}}": {
            "dirs": {
                "src": {
                    "dirs": {
                        "{{cookiecutter.python_slug}}": {
                            "dirs": {
                                "tools": {
                                    "dirs": {},
                                    "files": {
                                        "__init__.py": {
                                            "sha": "e69de29bb2d1d6434b8b29ae775ad8c2e48c5391"
                                        },
                                        "example.py": {
                                            "sha": "e224bf17efae815af897fe361aa0413545aeb322"
                                        }
                                    }
                                }
                            },
                            "files": {
                                "__init__.py": {
                                    "sha": "aacbebcd686dfb218630ac101f0d5488e6c6ff67"
                                },
                                "app.py": {
                                    "sha": "372b48957e2609ce1209e2805fdf7143a578e31e"
                                }
                            }
                        }
                    },
                    "files": {}
                },
                "tests": {
                    "dirs": {},
                    "files": {
                        ".gitkeep": {
                            "sha": "e69de29bb2d1d6434b8b29ae775ad8c2e48c5391"
                        },
                        "test_import.py": {
                            "sha": "e2d148a63613c71f3983b206358b48f0c89bbf52"
                        }
                    }
                }
            },
            "files": {
                ".gitignore": {
                    "sha": "77be43e4b3be6fe7c42ff6272bf59f41811a0361"
                },
                ".pylintrc": {
                    "sha": "4165db7f7ca643d315547586cc81aca340a478f5"
                },
                "Dockerfile": {
                    "sha": "035bc1476dce632b2668907475eb1aaefb82a1a7"
                },
                "MANIFEST.in": {
                    "sha": "0311125f1dbd80d957fb3ba8fdaa288a87ee0d1d"
                },
                "mypy.ini": {
                    "sha": "7237979de33782fc1856d852cc426938fcfbde11"
                },
                "reinstall.ps1": {
                    "sha": "8280852226b1f8348a3369e73cebcc0ba27ef388"
                },
                "requirements.txt": {
                    "sha": "443e6c03a18c6eb301cd1180d314d26f6d067c0f"
                },
                "setup.py": {
                    "sha": "342d4153e644170793cafd2cf21d79473af47916"
                }
            }
        }
    },
    "files": {
        ".gitignore": {
            "sha": "d169aad37cf6c5e997d35d0710fd0eb94c00c299"
        },
        ".gitlab-ci.yml": {
            "sha": "6cba98c71a3fdb710112a3e13f93393754c7e968"
        },
        "README.md": {
            "sha": "b941c75b67df1cf6e25a104b4dea9744ecb1cee9"
        },
        "docker-compose-develop.yml": {
            "sha": "d5bff83c07706c2a41013b5995fefa690fecd2ab"
        },
        "docker-compose-local.yml": {
            "sha": "00bb34a2eadf45f366cf1ab2bc9931602d0da1e3"
        },
        "docker-compose-prod.yml": {
            "sha": "ade01cb133f3a557e3bd9becef759e3421f44e87"
        }
    }
}