{
    "dirs": {
        "backend": {
            "dirs": {
                "app": {
                    "dirs": {
                        "alembic": {
                            "dirs": {
                                "versions": {
                                    "dirs": {},
                                    "files": {
                                        "91979b40eb38_create_users_table.py": {
                                            "sha": "af661b44f50d04c718741ca2fe72dd22e6c142f2"
                                        }
                                    }
                                }
                            },
                            "files": {
                                "README": {
                                    "sha": "98e4f9c44effe479ed38c66ba922e7bcc672916f"
                                },
                                "__init__.py": {
                                    "sha": "e69de29bb2d1d6434b8b29ae775ad8c2e48c5391"
                                },
                                "env.py": {
                                    "sha": "5cbeca0620bd06fc3781d7fdb6fdf8825b91836b"
                                },
                                "script.py.mako": {
                                    "sha": "2c0156303a8df3ffdc9de87765bf801bf6bea4a5"
                                }
                            }
                        },
                        "api": {
                            "dirs": {
                                "api_v1": {
                                    "dirs": {
                                        "routers": {
                                            "dirs": {
                                                "tests": {
                                                    "dirs": {},
                                                    "files": {
                                                        "__init__.py": {
                                                            "sha": "e69de29bb2d1d6434b8b29ae775ad8c2e48c5391"
                                                        },
                                                        "test_auth.py": {
                                                            "sha": "3e73790a27fa6ebc1e430a13314c67805d998ab2"
                                                        },
                                                        "test_users.py": {
                                                            "sha": "5f285b0302f5cdd63f42a3576ea7c291fc063bdc"
                                                        }
                                                    }
                                                }
                                            },
                                            "files": {
                                                "__init__.py": {
                                                    "sha": "e69de29bb2d1d6434b8b29ae775ad8c2e48c5391"
                                                },
                                                "auth.py": {
                                                    "sha": "05247f58b4f120327cc7931fc549368c5654b956"
                                                },
                                                "users.py": {
                                                    "sha": "06167e27eef7eeab4d16515344565cce979a6375"
                                                }
                                            }
                                        }
                                    },
                                    "files": {
                                        "__init__.py": {
                                            "sha": "e69de29bb2d1d6434b8b29ae775ad8c2e48c5391"
                                        }
                                    }
                                },
                                "dependencies": {
                                    "dirs": {},
                                    "files": {
                                        "__init__.py": {
                                            "sha": "e69de29bb2d1d6434b8b29ae775ad8c2e48c5391"
                                        }
                                    }
                                }
                            },
                            "files": {
                                "__init__.py": {
                                    "sha": "e69de29bb2d1d6434b8b29ae775ad8c2e48c5391"
                                }
                            }
                        },
                        "core": {
                            "dirs": {},
                            "files": {
                                "__init__.py": {
                                    "sha": "e69de29bb2d1d6434b8b29ae775ad8c2e48c5391"
                                },
                                "auth.py": {
                                    "sha": "0b404b2feafd398bc0c6e27d0acb9788a5d2c68d"
                                },
                                "celery_app.py": {
                                    "sha": "8355ef0d14c8f80c3890eae5cae6e065e9004eea"
                                },
                                "config.py": {
                                    "sha": "767499049c84e59e386516160f123d2447979011"
                                },
                                "security.py": {
                                    "sha": "70f99f347c376165f8f8df69f5df87e1ab4a9c50"
                                }
                            }
                        },
                        "db": {
                            "dirs": {},
                            "files": {
                                "__init__.py": {
                                    "sha": "e69de29bb2d1d6434b8b29ae775ad8c2e48c5391"
                                },
                                "crud.py": {
                                    "sha": "f11b3633f61b5282089dba33009859bdccfd7205"
                                },
                                "models.py": {
                                    "sha": "4744d4cf9dadb55078c1d90120854118df653865"
                                },
                                "schemas.py": {
                                    "sha": "0dfcc4569d9b49efac2c2eefd6ca4d4dc7fe3bd9"
                                },
                                "session.py": {
                                    "sha": "d7e2f6c5b73f916ea87ad22ebf33c00d45a698f8"
                                }
                            }
                        },
                        "tests": {
                            "dirs": {},
                            "files": {
                                "__init__.py": {
                                    "sha": "e69de29bb2d1d6434b8b29ae775ad8c2e48c5391"
                                },
                                "test_main.py": {
                                    "sha": "024cf9e5bc10e86f605698ed9de754207bf4bdec"
                                },
                                "test_tasks.py": {
                                    "sha": "7f49f1ca4908d6f54ddf5a561dde8a7fc62924d1"
                                }
                            }
                        }
                    },
                    "files": {
                        "__init__.py": {
                            "sha": "e69de29bb2d1d6434b8b29ae775ad8c2e48c5391"
                        },
                        "alembic.ini": {
                            "sha": "bfcc3c7f987b7a7e2454aab14439fc8099a25639"
                        },
                        "initial_data.py": {
                            "sha": "b41a523d09bf9f5a35ee05e3154035268a15bbf7"
                        },
                        "main.py": {
                            "sha": "b3f1c58ebb6fd9f3694e5e65e2b27085f2c60405"
                        },
                        "tasks.py": {
                            "sha": "c17d5063562d7f1651c1cae09bdf7754053c76f1"
                        }
                    }
                }
            },
            "files": {
                "Dockerfile": {
                    "sha": "10aef33a5dd6238cc9ef94aeabadeff6d7a78a69"
                },
                "alembic.ini": {
                    "sha": "53e6f13f8115b2e01673ab0bb312315a099648bd"
                },
                "conftest.py": {
                    "sha": "ecd831dc170ef82348a928bfb0f9b2f84daf969a"
                },
                "pyproject.toml": {
                    "sha": "627a23c90c5940ff7cd27edf300547d0dd033ea7"
                },
                "requirements.txt": {
                    "sha": "7f8389d31ba3d5ea00b6d7e93ebbf5a7992424b0"
                }
            }
        },
        "frontend": {
            "dirs": {
                "public": {
                    "dirs": {},
                    "files": {
                        "favicon.ico": {
                            "sha": "bcd5dfd67cd0361b78123e95c2dd96031f27f743"
                        },
                        "index.html": {
                            "sha": "aa069f27cbd9d53394428171c3989fd03db73c76"
                        },
                        "logo192.png": {
                            "sha": "fc44b0a3796c0e0a64c3d858ca038bd4570465d9"
                        },
                        "logo512.png": {
                            "sha": "a4e47a6545bc15971f8f63fba70e4013df88a664"
                        },
                        "manifest.json": {
                            "sha": "080d6c77ac21bb2ef88a6992b2b73ad93daaca92"
                        },
                        "robots.txt": {
                            "sha": "e9e57dc4d41b9b46e05112e9f45b7ea6ac0ba15e"
                        }
                    }
                },
                "src": {
                    "dirs": {
                        "__tests__": {
                            "dirs": {},
                            "files": {
                                "home.test.tsx": {
                                    "sha": "ef03bdef2c1c2668a80a1499fdcce5223ad1c270"
                                },
                                "login.test.tsx": {
                                    "sha": "1dae198d10fd3cd128004204e4dc59f083543aa0"
                                }
                            }
                        },
                        "admin": {
                            "dirs": {
                                "Users": {
                                    "dirs": {},
                                    "files": {
                                        "UserCreate.tsx": {
                                            "sha": "466a5182d8f2fb7967d3874a9228b98eb3ce9603"
                                        },
                                        "UserEdit.tsx": {
                                            "sha": "7925d192cb1ab4590d8bc3955796f8d6ec9d34e9"
                                        },
                                        "UserList.tsx": {
                                            "sha": "dce27f7e496a26363ed9d4bd45e1598ccba15805"
                                        },
                                        "index.ts": {
                                            "sha": "999f7e002a8cb2fc721ba41e33ca52adc232f086"
                                        }
                                    }
                                }
                            },
                            "files": {
                                "Admin.tsx": {
                                    "sha": "daa12188490c6b5e28756385f46140a3516aa201"
                                },
                                "authProvider.ts": {
                                    "sha": "1e0fe3ae5f59a076ca1b0789327979313e8d51cb"
                                },
                                "index.ts": {
                                    "sha": "c956a8fd6b1a28eaf68521f4fef76f494d34309b"
                                }
                            }
                        },
                        "config": {
                            "dirs": {},
                            "files": {
                                "index.tsx": {
                                    "sha": "ccf59e2894ec74e2832eef97a17117b40fbdef55"
                                }
                            }
                        },
                        "utils": {
                            "dirs": {},
                            "files": {
                                "api.ts": {
                                    "sha": "6b7e2f0aef663bac18bf14e5ca4ca16817865024"
                                },
                                "auth.ts": {
                                    "sha": "bbcf39ebc846dc885a40f7230bb62c45b62bb64d"
                                },
                                "index.ts": {
                                    "sha": "abb0c9d6158040f4155a737c73484305745d0192"
                                }
                            }
                        },
                        "views": {
                            "dirs": {},
                            "files": {
                                "Home.tsx": {
                                    "sha": "2a239743d3f81152098b29317efb1a3b477e6c36"
                                },
                                "Login.tsx": {
                                    "sha": "26298c8a9bc9a6bcabab23bb7a7982dece06ea0b"
                                },
                                "PrivateRoute.tsx": {
                                    "sha": "285fc5fdf2b1f036fe8dbf373b1a835d2b525ddf"
                                },
                                "Protected.tsx": {
                                    "sha": "078414ad371653542aa81a4d175d9a0cce8227ca"
                                },
                                "SignUp.tsx": {
                                    "sha": "0ede11ee413d199dfec93403923a31f8bf88c100"
                                },
                                "index.ts": {
                                    "sha": "797586c5d362f1cfaa72c69dc8a28915419134b0"
                                }
                            }
                        }
                    },
                    "files": {
                        "App.tsx": {
                            "sha": "f41354b708ff99ff53cd5825e274ba054b4405cc"
                        },
                        "Routes.tsx": {
                            "sha": "44cf96d25c9ea1063aa3031bcc1ab8040036fa53"
                        },
                        "decs.d.ts": {
                            "sha": "5557bb84ccab5ffec25bc4fda4ab314fae8ce632"
                        },
                        "index.css": {
                            "sha": "ec2585e8c0bb8188184ed1e0703c4c8f2a8419b0"
                        },
                        "index.tsx": {
                            "sha": "9a6816b7649c63c5707c35426c6a314c0d5e3690"
                        },
                        "logo.svg": {
                            "sha": "6b60c1042f58d9fabb75485aa3624dddcf633b5c"
                        },
                        "react-app-env.d.ts": {
                            "sha": "6431bc5fc6b2c932dfe5d0418fc667b86c18b9fc"
                        }
                    }
                }
            },
            "files": {
                ".dockerignore": {
                    "sha": "25c8fdbaba62c31aacfa2307975b06fbfd017485"
                },
                ".eslintrc.js": {
                    "sha": "428e42223aae5daa4f9f740c18fd154d089f2ab9"
                },
                ".prettierrc.js": {
                    "sha": "158883bfeab3b28d1617d1a82e5d1b413f226cfa"
                },
                "Dockerfile": {
                    "sha": "d398ff4f8680b888b0f2b0f43171b3d8cc56a1a7"
                },
                "README.md": {
                    "sha": "54ef09430b11a9e551ddfe1107287e168c6f0e11"
                },
                "package.json": {
                    "sha": "14dd1f813559ee0ae49dda85d6c70af78ab39874"
                },
                "run.sh": {
                    "sha": "5d2b8435464fbf51e1fe10e9c87ac65953e9f6d5"
                },
                "tsconfig.json": {
                    "sha": "4a41017b011c498f80bed3d552370326a7529864"
                }
            }
        },
        "nginx": {
            "dirs": {},
            "files": {
                "nginx.conf": {
                    "sha": "853b5c01a99d1a8cc9233afa061729f096444da2"
                }
            }
        },
        "scripts": {
            "dirs": {},
            "files": {
                "build.sh": {
                    "sha": "77a36455576e50f44c62f7abdbf5ce5afe2d0af1"
                },
                "test.sh": {
                    "sha": "9f1d0d33e96e7d390c6c921f7e65e5256b3fe508"
                },
                "test_backend.sh": {
                    "sha": "b5fb2c2ec3f35008e8d8fdd86a0581c2d1093c94"
                }
            }
        }
    },
    "files": {
        ".prettierignore": {
            "sha": "412c2574750fd57f23cb37a1a0088ea238b810c9"
        },
        "README.md": {
            "sha": "0c77e443a6c9ba896ca187a81c5cd1c9534d5c80"
        },
        "docker-compose.yml": {
            "sha": "3209ed8353f822bf343d604e1ec74c6680f1cdd2"
        }
    }
}