{
    "dirs": {
        ".devcontainer": {
            "dirs": {},
            "files": {
                "Dockerfile": {
                    "sha": "8c8245098e87856ebc4886dbd5d4103c03731190"
                },
                "devcontainer.json": {
                    "sha": "946e237badb205ec672979bf79a70b5ccb0cd668"
                },
                "docker-compose.yml": {
                    "sha": "9a0abd1551720d7583d764597da88dddb3621c0a"
                }
            }
        },
        "tests": {
            "dirs": {},
            "files": {
                "__init__.py": {
                    "sha": "e69de29bb2d1d6434b8b29ae775ad8c2e48c5391"
                },
                "conftest.py": {
                    "sha": "30451af67c8970cbc7ea9091234b2eb1f1e2ddae"
                }
            }
        },
        "{{cookiecutter.app_name}}": {
            "dirs": {},
            "files": {
                "__init__.py": {
                    "sha": "c1d20e76e24de13d97d193ef614cde4a914b094b"
                },
                "__main__.py": {
                    "sha": "35bd26086bfb7f74b7aeeb88cdc2d47f443fbe5e"
                }
            }
        }
    },
    "files": {
        ".dockerignore": {
            "sha": "3598c3003fd48a614bd5497a5133ad42f7467081"
        },
        ".gitignore": {
            "sha": "17d2f565827d9fbdbb2b840df5765a30701468a8"
        },
        "Dockerfile": {
            "sha": "e69de29bb2d1d6434b8b29ae775ad8c2e48c5391"
        },
        "Makefile": {
            "sha": "44e16ca540be11594bf4c7fd0567fef431c48ca2"
        },
        "README.md": {
            "sha": "12bfa797c40bbc9c99ff244a8d696939db21ac41"
        },
        "pyproject.toml": {
            "sha": "795f3446b09ecf7669ea2d9550f3b3421d7591ab"
        }
    }
}