{
    "dirs": {
        "cmake": {
            "dirs": {
                "modules": {
                    "dirs": {},
                    "files": {
                        "CMakeCPackOptions.cmake.in": {
                            "sha": "434d9b0160130aa5d78b6d6adb95500878f33ad7"
                        },
                        "CMakeMacroParseArguments.cmake": {
                            "sha": "c028eeae9a623452b7adfac17381f70d49bee0df"
                        },
                        "CTestCustom.cmake": {
                            "sha": "48c3263121b89ed1da0314cf1a7b9a820c96afa5"
                        },
                        "CaptureCommandLine.cmake": {
                            "sha": "3ca9ae62fcc5b8ab08860c8c306e81dba7cfc48b"
                        },
                        "CheckCXXCompilerFlag.cmake": {
                            "sha": "4dfba140be72dc0abe72b39d5cffd1b441148ef3"
                        },
                        "CheckCompiler.cmake": {
                            "sha": "71f628f7f648d5943765ed4a6c9f410b1b9dfb5f"
                        },
                        "RootBuildOptions.cmake": {
                            "sha": "558e7a621b3f21bab53bcb119629c1bf55680a6e"
                        },
                        "RootCPack.cmake": {
                            "sha": "0ea8f22bb6c88962f050366a11edb54dbea00d28"
                        },
                        "RootCTest.cmake": {
                            "sha": "0c0281a05b7a69a7c92ec11775fc28fb0e1a1c20"
                        },
                        "RootConfiguration.cmake": {
                            "sha": "e34fadca7264ed2a669cba23f89104cac965e667"
                        },
                        "RootInstallDirs.cmake": {
                            "sha": "b5cf3f5305abcdc3f34812c05d7ab5f76b142d80"
                        },
                        "RootNewMacros.cmake": {
                            "sha": "7117cadd9d9d2656cf260d80e56bf3ce21d9298c"
                        },
                        "RootTestDriver.cmake": {
                            "sha": "a6c2c4c9995c6d4b51c26501a019d64467f27867"
                        },
                        "SearchInstalledSoftware.cmake": {
                            "sha": "278b232351c6c450cbbf97d0b4ab8162e507b583"
                        },
                        "SetUpLinux.cmake": {
                            "sha": "2404f11502f8a17f2a0c89da97dd6e27cb5167b6"
                        },
                        "SetUpMacOS.cmake": {
                            "sha": "37d76df0a2200c8135dc562f040453057cc6f0c5"
                        },
                        "SetUpWindows.cmake": {
                            "sha": "1f6afdee47ff1e93be7479b05aa447830cdb9388"
                        },
                        "WriteConfigCint.cmake": {
                            "sha": "d110167b6944f43f0c6eb42175433d61efa322e7"
                        }
                    }
                }
            },
            "files": {
                "FindCppyy.cmake": {
                    "sha": "590dacaaf79fd3a90c2ae519781b84f538bddcf1"
                },
                "FindLibClang.cmake": {
                    "sha": "54b1650bc24e73362cf525e90a6af6fc659fd2f2"
                },
                "ROOTConfig-targets-release.cmake": {
                    "sha": "a5da22083050ced3702a6fd26c043925ad0c6a85"
                },
                "ROOTConfig-targets.cmake": {
                    "sha": "00a1c833ebadb349ad1ff1bc52c11702684f603f"
                },
                "ROOTConfig-version.cmake": {
                    "sha": "d3b82b2b4bfa718b92510b55504879ce10a5e41f"
                },
                "ROOTConfig.cmake": {
                    "sha": "971f2f47aaa322cee0f8365bb7dc911c5f4e864d"
                },
                "ROOTUseFile.cmake": {
                    "sha": "2994639ff49a83dc4c0b16924c6d91f76041ba7f"
                }
            }
        },
        "pkg_templates": {
            "dirs": {},
            "files": {
                "MANIFEST.in.in": {
                    "sha": "f026f315712c15bfef64d01c93a825eecc5fdfbc"
                },
                "__init__.py.in": {
                    "sha": "9bedbf7b617b0c81a2927612ec06c773bf380f72"
                },
                "setup.cfg.in": {
                    "sha": "aa76baec67fa241ff577ee65d5b5f39ef874b347"
                },
                "setup.py.in": {
                    "sha": "03236e752bf464a373a7015852b079f7db0217db"
                },
                "test_bindings.py.in": {
                    "sha": "945db21d30f3afb8c07ab950c4ce099a3fd6fbb5"
                }
            }
        },
        "py": {
            "dirs": {
                "pythonizors": {
                    "dirs": {},
                    "files": {
                        "__init__.py": {
                            "sha": "e69de29bb2d1d6434b8b29ae775ad8c2e48c5391"
                        }
                    }
                },
                "tests": {
                    "dirs": {},
                    "files": {
                        "__init__.py": {
                            "sha": "e69de29bb2d1d6434b8b29ae775ad8c2e48c5391"
                        },
                        "test_{{cookiecutter.cpp_lib_name}}.py": {
                            "sha": "ed9bcc60b92a9c0d3b41bf2e23f0cfbfc8d17168"
                        }
                    }
                }
            },
            "files": {
                "initializor.py": {
                    "sha": "79b05b9c8c91acae53849674e84400c0f8f637d8"
                }
            }
        },
        "src": {
            "dirs": {
                "{{cookiecutter.cpp_lib_name}}": {
                    "dirs": {},
                    "files": {
                        "{{cookiecutter.cpp_lib_name}}.cpp": {
                            "sha": "3e69e66e7603b36d3d46b69f8927b3f643b1850b"
                        },
                        "{{cookiecutter.cpp_lib_name}}.hh": {
                            "sha": "265f2228acc88599a3fe82e6debf4a9f1a051a94"
                        }
                    }
                }
            },
            "files": {}
        }
    },
    "files": {
        ".CMakeLists.txt.swp": {
            "sha": "4a5bbd5bbc524d9faacb55fca0344c1951a68c43"
        },
        ".gitkeep": {
            "sha": "e69de29bb2d1d6434b8b29ae775ad8c2e48c5391"
        },
        ".travis.yml": {
            "sha": "e86323cd706e63c9426385d39c3ce9d935a3a838"
        },
        "CMakeLists.txt": {
            "sha": "7adb4060b33e129eb4d5391d46ecaddece4bbd86"
        },
        "LICENSE": {
            "sha": "4d6bdbe996d2eaa53d503fbf6f140e78ce780e50"
        },
        "README.md": {
            "sha": "7a404a4ca8c1a79e30a145100a62387bec97921e"
        },
        "README.rst": {
            "sha": "bd4a9719aab53815bea16232fdf6b7057b7b64d0"
        },
        "interface.hh": {
            "sha": "532c0ff386bf248b789d79127b7516acb7c4cafe"
        },
        "manifest.cmake": {
            "sha": "763fb817474c112e8c921faff7f4ef1c70abb6be"
        },
        "selection.xml": {
            "sha": "0f06a42df790b746042d8538f3994ee2d3b3225e"
        }
    }
}