{
    "dirs": {
        "tests": {
            "dirs": {},
            "files": {
                "test_{{cookiecutter.package_name}}.py": {
                    "sha": "8242f1b15f8c7ea0b39ab76589171a773937ba3c"
                }
            }
        },
        "{{cookiecutter.package_name}}": {
            "dirs": {
                "static": {
                    "dirs": {},
                    "files": {
                        "styles.css": {
                            "sha": "a789dc8da5d95fe4ba1d6d5f835a15199da1179c"
                        }
                    }
                },
                "templates": {
                    "dirs": {},
                    "files": {
                        "index.html": {
                            "sha": "f495e49f4312b14fa4f603b9e1942be846cabff7"
                        }
                    }
                }
            },
            "files": {
                "__init__.py": {
                    "sha": "8d96d1fc33e914afb69c5c2073acfb3b2b56bcf1"
                },
                "defaults.py": {
                    "sha": "b0c12d12067e509ca4a98f3ea0f404643a931235"
                },
                "logging.py": {
                    "sha": "ddcffaa78e6a05658595148b4e0b1c8ea4b8c0d5"
                },
                "views.py": {
                    "sha": "6103cf321236fc7086d96c2b650c5817f764018d"
                }
            }
        }
    },
    "files": {
        ".gitignore": {
            "sha": "38fba3a1f052cc1d4497504e51d9e242fb5471d5"
        },
        "Makefile": {
            "sha": "d2edf11dfc933f52c290da58b8a0995dc2dbf83c"
        },
        "README.md": {
            "sha": "577f28f47b86c2bcc6ecb748e3e9402b157e60ce"
        },
        "pyproject.toml": {
            "sha": "1b8be8e79556f4db5e2bd09078ef9aa7a0c93e52"
        },
        "setup.cfg": {
            "sha": "4fa72e572821a2c40abdfd56d470d3db86749649"
        },
        "setup.py": {
            "sha": "6b2d448c74b420b80d2fe4c3d0d9643ff277e834"
        }
    }
}