{
    "dirs": {
        "tests": {
            "dirs": {},
            "files": {
                "__init__.py": {
                    "sha": "e69de29bb2d1d6434b8b29ae775ad8c2e48c5391"
                },
                "test_cli.py": {
                    "sha": "123a9a93f753f212300cc5af03d1b3ccc2e11231"
                }
            }
        },
        "{{cookiecutter.app_slug}}": {
            "dirs": {},
            "files": {
                "__init__.py": {
                    "sha": "e69de29bb2d1d6434b8b29ae775ad8c2e48c5391"
                },
                "__main__.py": {
                    "sha": "c5af3a3d954786bed562671074598a44e0781b67"
                },
                "cli.py": {
                    "sha": "60ba9b9ca020236bea8815cb52fdccff2f8173d0"
                }
            }
        }
    },
    "files": {
        ".gitignore": {
            "sha": "de7d4a825a023f4143d70dfe6b2b421b8fd0a9c8"
        },
        ".pre-commit-config.yaml": {
            "sha": "01d73c4797ca5171b02ef065d56e5cdf1679a692"
        },
        "Dockerfile": {
            "sha": "5178141fa7cb7ff09ffcce2ff6f90b119a67de1c"
        },
        "README.md": {
            "sha": "7905bf0faddaf51a9a4d38963703d57114dc262b"
        },
        "poetry.lock": {
            "sha": "d346f9b6a88f52b7efc8c83b629e215750a461a9"
        },
        "pyproject.toml": {
            "sha": "0441adf0c69e454d61d913eadc4c176e6db951c3"
        }
    }
}