{
    "dirs": {
        "BitAdminFileService": {
            "dirs": {
                "Properties": {
                    "dirs": {},
                    "files": {
                        "launchSettings.json": {
                            "sha": "854e2e4a9952da3252bb5141fb93d4baf44b4a48"
                        }
                    }
                }
            },
            "files": {
                "BitAdminFileService.csproj": {
                    "sha": "453994604b7176a72df78bb66ded887fea263365"
                },
                "FileServiceController.cs": {
                    "sha": "b44ee55a4b3784a20806e021f122143bcde98b7c"
                },
                "LogHelper.cs": {
                    "sha": "e01cbe0402efdf0793a7bdce797ea98bab343756"
                },
                "Program.cs": {
                    "sha": "44b8a6611d433add68bc9991c977f46ea99ea6a6"
                },
                "Startup.cs": {
                    "sha": "13561e8f7d8e1031e4f4747baa8c24bc5968192a"
                }
            }
        },
        "BitAdminService": {
            "dirs": {
                "Helpers": {
                    "dirs": {},
                    "files": {
                        "LogHelper.cs": {
                            "sha": "d3b9ab2980b7d5f8b91b763603b301974908a327"
                        },
                        "SqlHelper.cs": {
                            "sha": "8b93170f46c9771e1c757d08f3ff35b283e1be18"
                        }
                    }
                },
                "Jobs": {
                    "dirs": {},
                    "files": {
                        "HelloJob.cs": {
                            "sha": "2a310f0193dc9f497314e845de7198af19ccaac3"
                        }
                    }
                },
                "Properties": {
                    "dirs": {},
                    "files": {
                        "AssemblyInfo.cs": {
                            "sha": "62a76bd50181314e5bf8b1d836f3ee49665fa216"
                        }
                    }
                },
                "Services": {
                    "dirs": {},
                    "files": {
                        "BitAdminService.Designer.cs": {
                            "sha": "09f1180c367c32a8dfdb48a0a7a137770ee451e8"
                        },
                        "BitAdminService.cs": {
                            "sha": "9e9bda49b30f6d4c25b93c13392d0104c29a4289"
                        },
                        "IPCServer.cs": {
                            "sha": "6450db639a1c5f210247214e0063f7c0895523ca"
                        }
                    }
                }
            },
            "files": {
                "App.config": {
                    "sha": "432ddc24cb34778cedfc69469192015b9499ffb6"
                },
                "BitAdminService.csproj": {
                    "sha": "41f3e6891e4d64008a57f059ac535aa9a883c931"
                },
                "Program.cs": {
                    "sha": "6524aa578730109c50b696aea79aa0966f043835"
                },
                "ServiceManagerForm.Designer.cs": {
                    "sha": "c7160c81139cead55c9eadc965ef03fe5484876a"
                },
                "ServiceManagerForm.cs": {
                    "sha": "26925a566c342af519fd7e1efac5d666f5d73448"
                },
                "ServiceManagerForm.resx": {
                    "sha": "6d10d0bcdd67d09bbdd67cf1a40d7598a3acb644"
                },
                "favicon.ico": {
                    "sha": "e4ab404188ca141a126e13d3473c6492c278fa38"
                },
                "install.txt": {
                    "sha": "ecf9f56a9b1232e05d8ffe3f45b3dacca851aa0e"
                },
                "packages.config": {
                    "sha": "0eea3a2bd99fc15489f61860af5722ca04dd2cf5"
                }
            }
        },
        "{{cookiecutter.project_name}}": {
            "dirs": {
                "App_Data": {
                    "dirs": {
                        "Framework": {
                            "dirs": {},
                            "files": {
                                "bitadmin.mssql.datas.sql": {
                                    "sha": "2fe99bfa9d2a158a01c30fbb471cba50323d4b93"
                                },
                                "bitadmin.mssql.tables.sql": {
                                    "sha": "5df357d192bf453867b6c82b94da7fa153efe751"
                                }
                            }
                        },
                        "Workflow": {
                            "dirs": {},
                            "files": {
                                "bitadmin.mssql.workflow.datas.sql": {
                                    "sha": "20ffa54c3c55362affb940d41a713e329b13bc0e"
                                },
                                "bitadmin.mssql.workflow.tables.sql": {
                                    "sha": "0ef696b4257100b8614be7f1a5388acf8a5646b5"
                                }
                            }
                        }
                    },
                    "files": {
                        "ef-cmd.txt": {
                            "sha": "5df6784506c5771926d75262736b8ae45ff054c1"
                        }
                    }
                },
                "BLL": {
                    "dirs": {},
                    "files": {
                        "FaceCompareBLL.cs": {
                            "sha": "c1a95b2ad84afd9656dae3fbae6eec87412974ad"
                        }
                    }
                },
                "Controllers": {
                    "dirs": {
                        "Framework": {
                            "dirs": {
                                "AI": {
                                    "dirs": {},
                                    "files": {
                                        "FaceCompareController.cs": {
                                            "sha": "37616df1ccc84b14c24810900988c8ea96f8cb35"
                                        }
                                    }
                                },
                                "Auth": {
                                    "dirs": {},
                                    "files": {
                                        "ADController.cs": {
                                            "sha": "b4b33d3ca5fc1024971ea72d202a1f8135194c8b"
                                        },
                                        "AccountController.cs": {
                                            "sha": "e8598aaad7caf4eb447ccb50bf479434f7df81c9"
                                        },
                                        "AppController.cs": {
                                            "sha": "1081dc7d864e8f86b5efa04ec4b2f3452f7f6603"
                                        },
                                        "QQController.cs": {
                                            "sha": "6ca74a5667d8b22658a646e26d71dd334e246070"
                                        },
                                        "SMSController.cs": {
                                            "sha": "1219a7deb7bf0fe9f1cdfa39e244454d6bed3cd2"
                                        },
                                        "WebController.cs": {
                                            "sha": "37ffd1c58d88ccf5bbe6d672c1006010e95f4c86"
                                        },
                                        "WeixinController.cs": {
                                            "sha": "dd22c043c57d7e7c0cc867c9a909e89fd4c9e61e"
                                        }
                                    }
                                },
                                "Extend": {
                                    "dirs": {},
                                    "files": {
                                        "GeneratingController.cs": {
                                            "sha": "5afed31c07facc523325a38fe850faedc5baab1c"
                                        },
                                        "ReadmeController.cs": {
                                            "sha": "6206961cc16194cc22836b1c994f6dfd01e542ce"
                                        }
                                    }
                                },
                                "System": {
                                    "dirs": {},
                                    "files": {
                                        "DevelopController.cs": {
                                            "sha": "56694c3ea11bc07a9b026157af9ac0c03268e84d"
                                        },
                                        "FileServiceController.cs": {
                                            "sha": "194318faf0549b0f9f5c2d20837e9f1a07cd2f84"
                                        },
                                        "PickerController.cs": {
                                            "sha": "afd21492b93c8548f53260d42c2c3212a25d624e"
                                        },
                                        "SystemController.cs": {
                                            "sha": "d73211ac3dd2bc3d71fd701df945f29ddaa2ea69"
                                        }
                                    }
                                },
                                "Weixin": {
                                    "dirs": {},
                                    "files": {
                                        "WeixinMPController.cs": {
                                            "sha": "db222790b6552c9613e06d0fe6b67e8e778ebd0d"
                                        },
                                        "WeixinWorkController.cs": {
                                            "sha": "f38cb5b7e2a2e668599c6d9d4a4c95078036dcc0"
                                        }
                                    }
                                }
                            },
                            "files": {
                                "UEditorController.cs": {
                                    "sha": "26051da31e79adc985f42e4790ff2f714b0418b6"
                                }
                            }
                        },
                        "Services": {
                            "dirs": {},
                            "files": {
                                "BitServiceController.cs": {
                                    "sha": "f2b4547fbe927fde2104d4eab01b071af214ae22"
                                },
                                "PrototypingController.cs": {
                                    "sha": "e9c7a55416c8e1a8efe6f1c92cf16bb02fd17d00"
                                },
                                "QRCodeController.cs": {
                                    "sha": "ed6818d43eed8c0c3f8c9604c2239b97169cb4df"
                                }
                            }
                        },
                        "Templates": {
                            "dirs": {},
                            "files": {
                                "ExampleController.cs": {
                                    "sha": "281fec3ae89086d1c186729a701762115da5f220"
                                },
                                "WorkFlowTempController.cs": {
                                    "sha": "e836ba3091e655d2b2883a79f87f59d871e8e3be"
                                }
                            }
                        },
                        "WorkFlow": {
                            "dirs": {},
                            "files": {
                                "WorkflowController.cs": {
                                    "sha": "a0e9cfe33d224f29321cdd5e5be1405d14c9ec22"
                                }
                            }
                        }
                    },
                    "files": {}
                },
                "Helpers": {
                    "dirs": {
                        "AI": {
                            "dirs": {},
                            "files": {
                                "FaceCompareHelper.cs": {
                                    "sha": "de31bfe8b5a3cd3cad740920ca9e742ef6e35ec7"
                                }
                            }
                        },
                        "Data": {
                            "dirs": {},
                            "files": {
                                "ExcelHelper.cs": {
                                    "sha": "15653236b052420907ca59002d567c54ad5dc187"
                                },
                                "SqlHelper.cs": {
                                    "sha": "ecbd5dad42fd73ed545f5b7a653fb5f231dc4852"
                                }
                            }
                        },
                        "Framework": {
                            "dirs": {},
                            "files": {
                                "AdminSuite.cs": {
                                    "sha": "ad6d70dc60a4ac5d487c6a897be3d6f7da331470"
                                },
                                "EncryptHelper.cs": {
                                    "sha": "d66bb4869068446eebaa44da4c38407b15372d4e"
                                },
                                "HttpContext.cs": {
                                    "sha": "50a27cdb62e39478173329f3245540e340ed09cb"
                                },
                                "HttpHelper.cs": {
                                    "sha": "25fcf452e37b2bf6c7e04e075fcc976c9b5a0da1"
                                },
                                "LogHelper.cs": {
                                    "sha": "92b2be9918866819461b7ba8fb0987d3b69bcec7"
                                },
                                "SSOClient.cs": {
                                    "sha": "1b71dc5dc38581203b88fd4f47a083f15a295993"
                                },
                                "VerifyHelper.cs": {
                                    "sha": "cbab9d4b743da2a34956df8f2b42646f9862afa0"
                                }
                            }
                        },
                        "Lib": {
                            "dirs": {
                                "UEditor": {
                                    "dirs": {
                                        "Handlers": {
                                            "dirs": {},
                                            "files": {
                                                "ConfigHandler.cs": {
                                                    "sha": "8cbd1f472aadd0c944c6bd402eedfa3c8a27c8f2"
                                                },
                                                "CrawlerHandler.cs": {
                                                    "sha": "ec8945ce433fe28a3c54933abab4a22adee4ef3a"
                                                },
                                                "FileHandler.cs": {
                                                    "sha": "93ec29eb2dfdb866df7386611733d8dd9a7c6ace"
                                                },
                                                "Handler.cs": {
                                                    "sha": "42356a8a1f8a0726c6ca14b73776fff54828c968"
                                                },
                                                "ListFileHandler.cs": {
                                                    "sha": "b1e02084bfae4e5713bfcba8deab04ce82188cc8"
                                                },
                                                "NotSupportedHandler.cs": {
                                                    "sha": "c8af3444f13d96379e484d56765dc6a4e832f506"
                                                },
                                                "UploadHandler.cs": {
                                                    "sha": "254e52a823dc3b38a10454c577321f2c8fe88f7f"
                                                }
                                            }
                                        }
                                    },
                                    "files": {
                                        "Config.cs": {
                                            "sha": "d4f593991479ecf8c638b2d87ad52de692125618"
                                        },
                                        "PathFormatter.cs": {
                                            "sha": "95681926c903f07744cab170c5d283690c01c6ea"
                                        },
                                        "UEditorActionCollection.cs": {
                                            "sha": "511fed2e588de493ecd97a91f6c950f7a57d1a1a"
                                        },
                                        "UEditorService.cs": {
                                            "sha": "16377ff002b33ccac15d4b39ddf477af724554be"
                                        },
                                        "UEditorServiceExtension.cs": {
                                            "sha": "871cc4a1d8344f3cf68885961175ccfe43685ef5"
                                        }
                                    }
                                }
                            },
                            "files": {}
                        },
                        "Message": {
                            "dirs": {},
                            "files": {
                                "BitNoticeService.cs": {
                                    "sha": "c61311c7dcc9ab34bd378e968296c13d5443ace7"
                                },
                                "EmailService.cs": {
                                    "sha": "8ad19470db40cc13a55072db673b1a60d90824c9"
                                },
                                "IgetuiService.cs": {
                                    "sha": "cf447e399ec44ba3afa4b33f22794fe789918ed8"
                                },
                                "SMSService.cs": {
                                    "sha": "341f0416a93d2106625c4ec00f1b7229f8c1c084"
                                }
                            }
                        },
                        "System": {
                            "dirs": {},
                            "files": {
                                "BitmapHelper.cs": {
                                    "sha": "d48612e1c66a2ff12b5d633956e204cc9ed04548"
                                },
                                "DateTimeHelper.cs": {
                                    "sha": "4b4be7d037678a33ef377b3e905454cfa9588c83"
                                }
                            }
                        },
                        "Video": {
                            "dirs": {},
                            "files": {
                                "VideoHelper.cs": {
                                    "sha": "4223c17efeacf6692afab11a9c2d993fae46d4b6"
                                }
                            }
                        },
                        "Weixin": {
                            "dirs": {},
                            "files": {
                                "WeixinMPHelper.cs": {
                                    "sha": "2cedfc69ee839c18883e4619959cb90fab4d5ea7"
                                },
                                "WeixinWorkHelper.cs": {
                                    "sha": "434f7eb5ff75e632d5d8f3b913d6b3fc26dc7589"
                                }
                            }
                        }
                    },
                    "files": {}
                },
                "Models": {
                    "dirs": {},
                    "files": {
                        "DataContext.cs": {
                            "sha": "8726490bd91bb23d49537048d24da9accc031ed1"
                        },
                        "FlowBills.cs": {
                            "sha": "a04b18f9389eda94a600e63b90505035aaf032f1"
                        },
                        "FlowBillsRecord.cs": {
                            "sha": "e6cb5364914cfb6ef6135a3979c08a6b4ad53288"
                        },
                        "FlowBillsRecordUser.cs": {
                            "sha": "eabfaeb2ccd0a37bc240bc58e4b751291047c811"
                        },
                        "FlowMain.cs": {
                            "sha": "46e060e4153fae9b7eeafb79b53054abfcd94919"
                        },
                        "FlowOrderCodes.cs": {
                            "sha": "a3d7656b4e1800e544110f083e72be9d0d806bc5"
                        },
                        "FlowStep.cs": {
                            "sha": "d39e2365325875c75ae784fef4aa48095bf28d54"
                        },
                        "FlowStepPath.cs": {
                            "sha": "f42afc9cb40215a21d81c2e9878da61d8d4998d3"
                        },
                        "GeneralExample.cs": {
                            "sha": "7e5bedafe355984da57bce103ad04d554dd64e69"
                        },
                        "SysAttachment.cs": {
                            "sha": "c9304ac400f6f188069ea494953dc9ac6dbff513"
                        },
                        "SysDepartment.cs": {
                            "sha": "752bd3d98eddee94bc7cba8e9768931a76f0a63d"
                        },
                        "SysDictionary.cs": {
                            "sha": "75248ae759c7b8fe6f5f6bc276f7b1e86f2045eb"
                        },
                        "SysLeader.cs": {
                            "sha": "8dbfe4499948c75e517605d0a66c2904a9f1c6ff"
                        },
                        "SysLog.cs": {
                            "sha": "5f1b9fc9e80c0b9b9942ae62ab49b5bd3d1cc1ee"
                        },
                        "SysModule.cs": {
                            "sha": "45e8a2d0556ce0eff60acf0f604ee8a38054224a"
                        },
                        "SysModulePage.cs": {
                            "sha": "840edce2c2f9b0ee511d962b4f867d0943289ed9"
                        },
                        "SysOperation.cs": {
                            "sha": "9957602adc64c2069cf51e5fea57bd456edd31d0"
                        },
                        "SysPageOperation.cs": {
                            "sha": "8e9ae911c3f181aa8083003b5ced51960597bd7f"
                        },
                        "SysQueue.cs": {
                            "sha": "8097210399514a54b286de5c1dcbc0da2c4fd826"
                        },
                        "SysQueueHistory.cs": {
                            "sha": "d37e834c052fc5679ee7661a5753feaafb0299f9"
                        },
                        "SysRole.cs": {
                            "sha": "4c27083cfe955f6fa279d7c375753060ebef3fb6"
                        },
                        "SysRoleOperatePower.cs": {
                            "sha": "25ed49b20c07c7ace4749b97742b848e46f22e31"
                        },
                        "SysRoleUser.cs": {
                            "sha": "9e5ed9009b03a75f910eb7205559f0242a41b367"
                        },
                        "SysServer.cs": {
                            "sha": "e0bc66f318069c7ecc0c876de4ce630c4f9b429b"
                        },
                        "SysSmsCode.cs": {
                            "sha": "90f7ebed18c03037b2b15510bd83399b6c3559d0"
                        },
                        "SysUser.cs": {
                            "sha": "432244abf61abe9fd47351763ea0e31f742bf17b"
                        },
                        "SysUserClientId.cs": {
                            "sha": "fdc051d5adb3776f00b1b54558aae5e4ef49f46b"
                        },
                        "SysUserFaceFeature.cs": {
                            "sha": "f33d44c4b3ca681267021be39edf22f330890598"
                        },
                        "SysUserOpenId.cs": {
                            "sha": "8f16535a440843a54bfbdb51e68d5fb6a46bbd67"
                        }
                    }
                },
                "Properties": {
                    "dirs": {},
                    "files": {
                        "launchSettings.json": {
                            "sha": "c60344266fe47a62b469200272c8578dffb0c47b"
                        }
                    }
                },
                "wwwroot": {
                    "dirs": {
                        "css": {
                            "dirs": {
                                "framework": {
                                    "dirs": {},
                                    "files": {
                                        "BitAdmin.css": {
                                            "sha": "16dd3f2837529ef6eba5606a37a99a9046784d5d"
                                        },
                                        "bitadmin-suite.css": {
                                            "sha": "3334c9a0ab18d040b6d4a3348ffaf1ef7fd8bcf9"
                                        }
                                    }
                                },
                                "lib": {
                                    "dirs": {},
                                    "files": {
                                        "fileupload.css": {
                                            "sha": "1782599d63c5782450a60447d2c5970262eae93d"
                                        },
                                        "fileupload.min.css": {
                                            "sha": "861fa400f02b37d3619f1ad0806eee4ab2dc1278"
                                        },
                                        "jedate.css": {
                                            "sha": "55458e8417d048c4f68ff0a654da111597e20513"
                                        },
                                        "jedate.min.css": {
                                            "sha": "078b275e70c06eb37cef0ca248caff8dfc6e111e"
                                        },
                                        "spop.css": {
                                            "sha": "f8cf4bcfec5ef3629ba1ba5b608f07e7644de494"
                                        },
                                        "spop.min.css": {
                                            "sha": "f38cad873dc5b8beb89bd32079a02fdf55a56482"
                                        },
                                        "spop.scss": {
                                            "sha": "1a356e888bcf1b20cc78f5401152d62dbd76ee6f"
                                        }
                                    }
                                },
                                "workflow": {
                                    "dirs": {},
                                    "files": {
                                        "flowdesign.css": {
                                            "sha": "53f217686c6adbc075c6d9df586b2fec8c7031fa"
                                        },
                                        "workflow.css": {
                                            "sha": "00c1f6be1a8854851a611956ad01651f2300a100"
                                        }
                                    }
                                }
                            },
                            "files": {}
                        },
                        "images": {
                            "dirs": {
                                "account": {
                                    "dirs": {},
                                    "files": {
                                        "qq.png": {
                                            "sha": "b83226541b2a55b9fdbc6216e0518a16c876a418"
                                        },
                                        "weibo.png": {
                                            "sha": "1bc17ff29f7e2a659d9f028a5e51618805ec9505"
                                        },
                                        "weixin.png": {
                                            "sha": "a807a7ee95a2fb58b4dd7d9797c4baad87550d81"
                                        }
                                    }
                                },
                                "home": {
                                    "dirs": {},
                                    "files": {
                                        "user.jpg": {
                                            "sha": "3c6510fe77abc78147f7eb46f3ca82e85935aae3"
                                        }
                                    }
                                },
                                "lib": {
                                    "dirs": {
                                        "singleupload": {
                                            "dirs": {},
                                            "files": {
                                                "upload.png": {
                                                    "sha": "e441c423c3bf0769402fa80c7136294918d65e0c"
                                                }
                                            }
                                        }
                                    },
                                    "files": {}
                                },
                                "workflow": {
                                    "dirs": {},
                                    "files": {
                                        "glyphicons-halflings-white.png": {
                                            "sha": "3bf6484a29d8da269f9bc874b25493a45fae3bae"
                                        },
                                        "glyphicons-halflings.png": {
                                            "sha": "a9969993201f9cee63cf9f49217646347297b643"
                                        }
                                    }
                                }
                            },
                            "files": {}
                        },
                        "js": {
                            "dirs": {
                                "framework": {
                                    "dirs": {},
                                    "files": {
                                        "BitAdmin.js": {
                                            "sha": "79247abd505fa7395b9e22c3b2e64347bc157b71"
                                        },
                                        "bitadmin-fileupload.js": {
                                            "sha": "ada565e4b710a53e5c526ed05c9d555944c79241"
                                        },
                                        "bitadmin-frame.js": {
                                            "sha": "2818adbdc973c17f0264442af302b08a98473f4a"
                                        },
                                        "bitadmin-suite-tools.js": {
                                            "sha": "a926d608ba1fd83b7ffe1fb30bf6f68a6baad54e"
                                        },
                                        "bitadmin-suite.js": {
                                            "sha": "e95945ff778d637c38ce227e6f068e14f95a392f"
                                        },
                                        "bitadmin-workflow.js": {
                                            "sha": "fde6f91ad557fcd51d9074134e5947e75dcaeea3"
                                        }
                                    }
                                },
                                "lib": {
                                    "dirs": {},
                                    "files": {
                                        "jquery.fileupload.js": {
                                            "sha": "b4ea423e920c8bb58b803d1c2795064704d37c35"
                                        },
                                        "jquery.fileupload.min.js": {
                                            "sha": "2bb192527c1d16d1f9697d1719fc5667d68c2cec"
                                        },
                                        "jquery.jedate.js": {
                                            "sha": "29612080fa3fd07c23ed1ef8f84f760d7006abd8"
                                        },
                                        "singleupload.js": {
                                            "sha": "3a6b9e987d9380a277dbcf33c01ae6cccd1e767a"
                                        },
                                        "spop.js": {
                                            "sha": "558c7cbc8823fd39eb2e664b71f73dd6be046937"
                                        },
                                        "spop.min.js": {
                                            "sha": "57be039c481940e7a184c0b65625fbf446dc6478"
                                        }
                                    }
                                },
                                "workflow": {
                                    "dirs": {},
                                    "files": {
                                        "attribute.js": {
                                            "sha": "8be6931f7e05668cfb285c51acc0567a5806141a"
                                        },
                                        "jquery.contextmenu.r2.js": {
                                            "sha": "779578f5dfd451a01466c4b33b5615e92eecab14"
                                        },
                                        "jquery.jsPlumb-1.3.16-all-min.js": {
                                            "sha": "48b4cc5abf1b332f862248600af821ef34fcc95f"
                                        },
                                        "leipi.flowdesign.v3.js": {
                                            "sha": "fb716e1812e65c086b9f5c651d30c743c3b9ee96"
                                        }
                                    }
                                }
                            },
                            "files": {}
                        },
                        "lib": {
                            "dirs": {},
                            "files": {
                                "ueditor.zip": {
                                    "sha": "766d56ce7eb007de1948f8be344136ffc6202ae9"
                                }
                            }
                        },
                        "pages": {
                            "dirs": {
                                "account": {
                                    "dirs": {},
                                    "files": {
                                        "bind.html": {
                                            "sha": "9f737d622be08f07028c4ce02566a147806cc7b3"
                                        },
                                        "login.html": {
                                            "sha": "6c12c5a8a2e4811797428b4503b79d96c69f63a7"
                                        }
                                    }
                                },
                                "develop": {
                                    "dirs": {},
                                    "files": {
                                        "dictionary.html": {
                                            "sha": "82a1599026b3ef2cddab25bc5c876c9439ed3db3"
                                        },
                                        "generating.html": {
                                            "sha": "618ed94291b94509d5475ec6910dc5f6dbee45ee"
                                        },
                                        "menu.html": {
                                            "sha": "8874408e10ead269eac57fdaf4fece003f080cbe"
                                        },
                                        "operation.html": {
                                            "sha": "cc8265f83eee9cf2be548404421b0e9773478ba2"
                                        },
                                        "prototypingexample.html": {
                                            "sha": "6e6ad52ae84d040fecc7a53e793606769caa5ff9"
                                        }
                                    }
                                },
                                "error": {
                                    "dirs": {},
                                    "files": {
                                        "403.html": {
                                            "sha": "ac7d93f0a7f2b66820b324ab004a2ceeb59d6516"
                                        },
                                        "404.html": {
                                            "sha": "1fe9e9f4bb24d17a5af780f557a8019d6b67f861"
                                        },
                                        "error.html": {
                                            "sha": "23957895353544915c83046c1486f3f321efe8e0"
                                        },
                                        "false.html": {
                                            "sha": "ee91f89e05fcde0c34993e9627b7db2f32544230"
                                        }
                                    }
                                },
                                "home": {
                                    "dirs": {},
                                    "files": {
                                        "index.html": {
                                            "sha": "2989ed6095c5fed8d2188c72c987a2da8178d248"
                                        },
                                        "readme.html": {
                                            "sha": "2ed791b70e2e728b6a1316e3a9046143c2241f71"
                                        },
                                        "summary.html": {
                                            "sha": "955774bc2227ea1e3bb8d7c967260b8fd88054ab"
                                        }
                                    }
                                },
                                "picker": {
                                    "dirs": {},
                                    "files": {
                                        "modulepicker.html": {
                                            "sha": "ceeda81ca9575091d0fff8b49d57ece049bd20f0"
                                        },
                                        "oupicker.html": {
                                            "sha": "6a58b170bd80dca855f2d02c0ef7e7e89bd4077b"
                                        },
                                        "userpicker.html": {
                                            "sha": "5c8266caa3cd85f0eff201d66e3035387d3b841a"
                                        }
                                    }
                                },
                                "shared": {
                                    "dirs": {},
                                    "files": {
                                        "layout.html": {
                                            "sha": "36a28c8b5a94fb49c12472142ffde2f11dcda990"
                                        }
                                    }
                                },
                                "system": {
                                    "dirs": {},
                                    "files": {
                                        "department.html": {
                                            "sha": "76747c0cea70cb0170a5eb0adfb8f1a714b8fb76"
                                        },
                                        "flowdesign.html": {
                                            "sha": "a706115459e443ebbd89cd58da9c25bc4e25bc40"
                                        },
                                        "flowsetting.html": {
                                            "sha": "1fb0a8ab78f0b702bdd1467ec5a8aaf18d9c63dc"
                                        },
                                        "log.html": {
                                            "sha": "dd3e92d86257700c60cec80e6acb8323ccab81ff"
                                        },
                                        "role.html": {
                                            "sha": "091338ab7616935e4b5aa295e24417f91a7f0861"
                                        },
                                        "roleOperate.html": {
                                            "sha": "87ba8882515a2af7b084ef1cca4e0705820e298e"
                                        },
                                        "user.html": {
                                            "sha": "18584674148ec1a60ed4ddb4368a585211859d41"
                                        }
                                    }
                                },
                                "templates": {
                                    "dirs": {},
                                    "files": {
                                        "exampleRedirect.html": {
                                            "sha": "86862c9d24b088f27c50217e56092cd9b2e84e74"
                                        },
                                        "exampleRedirectEdit.html": {
                                            "sha": "d9ad05b007eb682e3cc56ca9ba0819e10249ca0b"
                                        },
                                        "exampleone.html": {
                                            "sha": "193a4931be5e67a676404475735d15fb47cbb8b7"
                                        }
                                    }
                                },
                                "workbench": {
                                    "dirs": {},
                                    "files": {
                                        "done.html": {
                                            "sha": "06834382b8b616438485feb0ff92e49f35e12a25"
                                        },
                                        "read.html": {
                                            "sha": "0907caeba33172abb321ce40a5b79c2e4bf7aa15"
                                        },
                                        "todo.html": {
                                            "sha": "460b6906f29b83edcb2b4a2aa027618737a47214"
                                        },
                                        "toread.html": {
                                            "sha": "18cc749e5d685a5b3e636353a1a848a4d0b45123"
                                        }
                                    }
                                },
                                "workflow": {
                                    "dirs": {},
                                    "files": {
                                        "flowHandle.html": {
                                            "sha": "51fd9cc3cbaad3610fccd05f17bc957f2f90ff0a"
                                        },
                                        "flowhistory.html": {
                                            "sha": "f9b4cc114026bc924ee0df6326c487ac3bdb410e"
                                        }
                                    }
                                },
                                "workflowexample": {
                                    "dirs": {},
                                    "files": {
                                        "Example.html": {
                                            "sha": "cbe32ec5d184c68712cbf297e02b8d488d34e097"
                                        },
                                        "ExampleEdit.html": {
                                            "sha": "056c64bbbec4e114a604dfb74baac0b66463f505"
                                        },
                                        "ExampleFive.html": {
                                            "sha": "b2e00ae49e6791a0a9da94591d266080c3a90d8b"
                                        },
                                        "ExampleFour.html": {
                                            "sha": "c62e06e9a0e8f26c103ae0e8810b852c004ea5d3"
                                        },
                                        "ExampleOne.html": {
                                            "sha": "8a8d5673e003a0f483f082fa0f426ed95aa79a2b"
                                        },
                                        "ExampleTab.html": {
                                            "sha": "ff13870765efecb71f1d0048fae67624260ad3da"
                                        },
                                        "ExampleThree.html": {
                                            "sha": "29d13f911d18d7b0b6a95aced2936b5feac27553"
                                        },
                                        "ExampleTwo.html": {
                                            "sha": "9765628dba119a09e6408eae259a61f3d15f3e6c"
                                        }
                                    }
                                }
                            },
                            "files": {}
                        },
                        "weixin": {
                            "dirs": {
                                "account": {
                                    "dirs": {},
                                    "files": {
                                        "bind.html": {
                                            "sha": "e23d998efe444630ab926cee02f02abdfd00594e"
                                        },
                                        "login.html": {
                                            "sha": "e9ae83d23aca6c83e9b4aa8dbd7ff0f926d56f72"
                                        }
                                    }
                                },
                                "error": {
                                    "dirs": {},
                                    "files": {
                                        "error.html": {
                                            "sha": "c07c6692cf4bc8ec3ce5dd9b2e5d7d5ab3570049"
                                        }
                                    }
                                },
                                "home": {
                                    "dirs": {},
                                    "files": {
                                        "index.html": {
                                            "sha": "c9812e2470e865628bd2514ee6e886d9cf3a5323"
                                        }
                                    }
                                },
                                "templates": {
                                    "dirs": {},
                                    "files": {
                                        "exampleone.html": {
                                            "sha": "d7966ef6beb231d3b09470def280ae00466368df"
                                        },
                                        "exampletow.html": {
                                            "sha": "3f9bc9046699ab4e724edd63a1428ec76ac9d164"
                                        }
                                    }
                                }
                            },
                            "files": {}
                        },
                        "work": {
                            "dirs": {
                                "account": {
                                    "dirs": {},
                                    "files": {
                                        "login.html": {
                                            "sha": "5cf6d1b5e52b22e84c937be6fa5d7fa535f8514c"
                                        }
                                    }
                                },
                                "templates": {
                                    "dirs": {},
                                    "files": {
                                        "exampleone.html": {
                                            "sha": "0685f9592b5e6e882538f108d432f72ebca70945"
                                        },
                                        "exampletow.html": {
                                            "sha": "12372a5ef93485dc15359be4888eabac2916c30e"
                                        }
                                    }
                                }
                            },
                            "files": {}
                        }
                    },
                    "files": {
                        "favicon.ico": {
                            "sha": "1050dcab27bd40a037c187fa2db242cb1ad7e50d"
                        }
                    }
                }
            },
            "files": {
                "LICENSE": {
                    "sha": "94a9ed024d3859793618152ea559a168bbcbb5e2"
                },
                "Program.cs": {
                    "sha": "c663f683956303858c65ebf2b4b8812b089ada17"
                },
                "README.md": {
                    "sha": "4e3b2bc3aac3410cbf3570d52446f8c9d66b5f22"
                },
                "Startup.cs": {
                    "sha": "63596cbdd777c662430394bdaf331f47b8202643"
                },
                "appsettings.json": {
                    "sha": "ec1d28c0f282e7d7e4b0451e57fecf135de07b18"
                },
                "config.json": {
                    "sha": "a85b908f608c4ec3e95fa6e59b5ef3ffb1d42db6"
                },
                "libman.json": {
                    "sha": "d2898c03688c73feea9f8e32222047791b30eecf"
                },
                "{{cookiecutter.project_name}}.csproj": {
                    "sha": "b7f131a848a7a0ab45fcd92418bc453de6dd8c48"
                }
            }
        }
    },
    "files": {
        "{{cookiecutter.project_name}}.sln": {
            "sha": "b5e907043449380052b4dda499cbaa08f1c6c6e8"
        }
    }
}