{
    "dirs": {
        "docs": {
            "dirs": {
                "source": {
                    "dirs": {},
                    "files": {
                        "conf.py": {
                            "sha": "ebbb57b07ace680dbaaa6b7f143422f3b2a2e7e1"
                        },
                        "index.rst": {
                            "sha": "d841a148f7981fca6c05bc1d592625f75159f4cd"
                        }
                    }
                }
            },
            "files": {
                "Makefile": {
                    "sha": "b8d05b15e3bb7fa5959209bc8650f5775698c08c"
                }
            }
        },
        "speech_assets": {
            "dirs": {
                "custom_slot_types": {
                    "dirs": {},
                    "files": {
                        ".gitkeep": {
                            "sha": "e69de29bb2d1d6434b8b29ae775ad8c2e48c5391"
                        }
                    }
                }
            },
            "files": {
                "intent_schema.json": {
                    "sha": "6cf3c56acbead4cf747277ba587cd854fb4e0309"
                },
                "sample_utterances.txt": {
                    "sha": "e69de29bb2d1d6434b8b29ae775ad8c2e48c5391"
                }
            }
        }
    },
    "files": {
        ".gitignore": {
            "sha": "fbe3dc8a01804ac06adf2c7c58a3008dd4e5871a"
        },
        "README.rst": {
            "sha": "b14dc3093f5a9b82876b9f505c3a4d40e02307e2"
        },
        "requirements.txt": {
            "sha": "55144e7af6a9918573bd08c29eedc86fe275d0ea"
        },
        "templates.yaml": {
            "sha": "a4430b228ba1d0d66f8daec1d5a93f6fc6df957e"
        },
        "{{ cookiecutter.repo_name }}.py": {
            "sha": "543acfd781416768d8f64dd2e4fb3d86f1b53881"
        }
    }
}