{
    "dirs": {
        ".ipynb_checkpoints": {
            "dirs": {},
            "files": {
                "1-Data_Prep-checkpoint.ipynb": {
                    "sha": "3f502ace45b030f9159fea730dd6b9121f2cba0d"
                },
                "2-EDA-checkpoint.ipynb": {
                    "sha": "0f4e24f690393967529e30eaad5ea887a50998c6"
                }
            }
        },
        "data": {
            "dirs": {
                "external": {
                    "dirs": {},
                    "files": {
                        ".gitkeep": {
                            "sha": "e69de29bb2d1d6434b8b29ae775ad8c2e48c5391"
                        }
                    }
                },
                "interim": {
                    "dirs": {},
                    "files": {
                        ".gitkeep": {
                            "sha": "e69de29bb2d1d6434b8b29ae775ad8c2e48c5391"
                        }
                    }
                },
                "processed": {
                    "dirs": {},
                    "files": {
                        ".gitkeep": {
                            "sha": "e69de29bb2d1d6434b8b29ae775ad8c2e48c5391"
                        }
                    }
                },
                "raw": {
                    "dirs": {},
                    "files": {
                        ".gitkeep": {
                            "sha": "e69de29bb2d1d6434b8b29ae775ad8c2e48c5391"
                        }
                    }
                }
            },
            "files": {}
        },
        "reports": {
            "dirs": {},
            "files": {
                ".gitkeep": {
                    "sha": "e69de29bb2d1d6434b8b29ae775ad8c2e48c5391"
                }
            }
        }
    },
    "files": {
        "1-Data_Prep.ipynb": {
            "sha": "3f502ace45b030f9159fea730dd6b9121f2cba0d"
        },
        "2-EDA.ipynb": {
            "sha": "0f4e24f690393967529e30eaad5ea887a50998c6"
        }
    }
}