{
    "dirs": {
        ".github": {
            "dirs": {
                "workflows": {
                    "dirs": {},
                    "files": {
                        "ci.yml": {
                            "sha": "e09ef9ed3d9961f6b589e16538809b2cc338afbd"
                        }
                    }
                }
            },
            "files": {}
        },
        "docs": {
            "dirs": {
                "source": {
                    "dirs": {
                        "_static": {
                            "dirs": {},
                            "files": {
                                ".gitignore": {
                                    "sha": "e69de29bb2d1d6434b8b29ae775ad8c2e48c5391"
                                }
                            }
                        },
                        "api": {
                            "dirs": {},
                            "files": {
                                "index.rst": {
                                    "sha": "0bc5b2ee860362df17662784df5fde14311f0dcc"
                                }
                            }
                        },
                        "dev": {
                            "dirs": {},
                            "files": {
                                "index.rst": {
                                    "sha": "8bbcbcf511e987950e2df7e818c0f047cef1be8f"
                                }
                            }
                        },
                        "user": {
                            "dirs": {},
                            "files": {
                                "index.rst": {
                                    "sha": "211ae70c19daaa397c147b119508a559acc5cf74"
                                }
                            }
                        }
                    },
                    "files": {
                        "conf.py": {
                            "sha": "8e8acc5c31a67bf52849347e5bd8258b532839de"
                        },
                        "index.rst": {
                            "sha": "099c8ab4af2025dfc84e14edb44263bfe8d3a748"
                        }
                    }
                }
            },
            "files": {
                "Makefile": {
                    "sha": "8838ab793e21b99f1a3c4efcb6993ac3bf31e492"
                }
            }
        },
        "examples": {
            "dirs": {},
            "files": {
                "quickstart.py": {
                    "sha": "66b00d81e7a0cdd8c1b79ea703527ec3d73e48f3"
                }
            }
        },
        "src": {
            "dirs": {
                "{{cookiecutter.package_name}}": {
                    "dirs": {},
                    "files": {
                        "__init__.py": {
                            "sha": "319ab2ffa6e09d7504e1af6db51f571c24ada82d"
                        }
                    }
                }
            },
            "files": {}
        },
        "tests": {
            "dirs": {},
            "files": {
                "__init__.py": {
                    "sha": "dc575d107f1047ea86b6a6bfbe307c2edb9d4921"
                },
                "test-dist.bash": {
                    "sha": "3ccde376376bc2ecd9ab4ccafd96357b9212fdd5"
                },
                "test_examples.py": {
                    "sha": "a2089e1355262e2a684cbf1147cfde8346e1df84"
                },
                "test_version.py": {
                    "sha": "c3dad6250ac086495ce0b917a183721405bdc90d"
                }
            }
        }
    },
    "files": {
        ".coveragerc": {
            "sha": "a366412f2bcda394c63af2aeae5dd459d0a3f5f6"
        },
        ".gitignore": {
            "sha": "38513ddbbdfe3a3b6e3db8b5ce80ece9aa78531d"
        },
        ".pylintrc": {
            "sha": "50b124b6ed09345d574f2326f21a4eebd8f393a8"
        },
        "CHANGELOG.rst": {
            "sha": "ab712db644d7611ae0714a8c7bd82e3dc2537e61"
        },
        "CONTRIBUTING.rst": {
            "sha": "b40480b1866265e34bfb03b54ea2a027b161c0ff"
        },
        "License": {
            "sha": "7a00374aa2a80333e884f810e50fed2093d0ff66"
        },
        "Makefile": {
            "sha": "eb986dc4ac82d882b1d8c0849ff94e3fbaca554f"
        },
        "README.rst": {
            "sha": "377bad55a132b697d22f3a065bbc054759a13b34"
        },
        "mypi.ini": {
            "sha": "ef615eee2e8b97fbdf8a18381d69e06c3fef8a2a"
        },
        "requirements.dev.txt": {
            "sha": "2a426eca303379f794627279e00d432d36142dad"
        },
        "requirements.txt": {
            "sha": "e69de29bb2d1d6434b8b29ae775ad8c2e48c5391"
        },
        "setup.py": {
            "sha": "76bafb9c64070e621b2bcff1f176b163d58d5d24"
        }
    }
}