{
    "dirs": {
        ".github": {
            "dirs": {
                "workflows": {
                    "dirs": {},
                    "files": {
                        "backend.yml": {
                            "sha": "768cf599bb18982328ee408eb36461820a4ce7e1"
                        },
                        "frontend.yml": {
                            "sha": "dcf57f20bc5973e46f6849473bfb4f8faa17bd3c"
                        },
                        "manual_deploy.yml": {
                            "sha": "817850366b37d449dd9d005f5f544a3f66d9a701"
                        },
                        "varnish.yml": {
                            "sha": "61754bc8815a5d41b6f2465b9ee8b68e3b1a6eaa"
                        }
                    }
                }
            },
            "files": {}
        },
        ".vscode": {
            "dirs": {},
            "files": {
                "settings.json": {
                    "sha": "04f8089d5328b0507cd1f516c490a1553b597936"
                }
            }
        },
        "backend": {
            "dirs": {
                "scripts": {
                    "dirs": {},
                    "files": {
                        "create_site.py": {
                            "sha": "6bb7af081143d0346f7fb09a5909331930f14168"
                        }
                    }
                },
                "src": {
                    "dirs": {
                        "{{ cookiecutter.python_package_name }}": {
                            "dirs": {
                                "src": {
                                    "dirs": {
                                        "{{ cookiecutter.python_package_name }}": {
                                            "dirs": {
                                                "behaviors": {
                                                    "dirs": {},
                                                    "files": {
                                                        "__init__.py": {
                                                            "sha": "e69de29bb2d1d6434b8b29ae775ad8c2e48c5391"
                                                        },
                                                        "configure.zcml": {
                                                            "sha": "e6626aafcd2ab8acdc1006a77cc7b48c3e71edf5"
                                                        }
                                                    }
                                                },
                                                "browser": {
                                                    "dirs": {
                                                        "static": {
                                                            "dirs": {},
                                                            "files": {
                                                                ".gitkeep": {
                                                                    "sha": "e69de29bb2d1d6434b8b29ae775ad8c2e48c5391"
                                                                }
                                                            }
                                                        }
                                                    },
                                                    "files": {
                                                        "__init__.py": {
                                                            "sha": "e69de29bb2d1d6434b8b29ae775ad8c2e48c5391"
                                                        },
                                                        "configure.zcml": {
                                                            "sha": "2f5fff497a1f258574d222270fb7f91f130583f8"
                                                        }
                                                    }
                                                },
                                                "content": {
                                                    "dirs": {},
                                                    "files": {
                                                        "__init__.py": {
                                                            "sha": "e69de29bb2d1d6434b8b29ae775ad8c2e48c5391"
                                                        }
                                                    }
                                                },
                                                "indexers": {
                                                    "dirs": {},
                                                    "files": {
                                                        "__init__.py": {
                                                            "sha": "e69de29bb2d1d6434b8b29ae775ad8c2e48c5391"
                                                        },
                                                        "configure.zcml": {
                                                            "sha": "5b52c2ea2e115bc0e3c73e53cd3d2c28decb9a64"
                                                        }
                                                    }
                                                },
                                                "locales": {
                                                    "dirs": {
                                                        "{{ cookiecutter.__locales_language }}": {
                                                            "dirs": {
                                                                "LC_MESSAGES": {
                                                                    "dirs": {},
                                                                    "files": {
                                                                        "{{ cookiecutter.python_package_name }}.po": {
                                                                            "sha": "d72769a5b1378860ec90e63a3cb98749d61876f4"
                                                                        }
                                                                    }
                                                                }
                                                            },
                                                            "files": {}
                                                        }
                                                    },
                                                    "files": {
                                                        "__init__.py": {
                                                            "sha": "e69de29bb2d1d6434b8b29ae775ad8c2e48c5391"
                                                        },
                                                        "update.py": {
                                                            "sha": "483e0798c0d219261e9176e1f9edf3266dd3b30c"
                                                        },
                                                        "{{ cookiecutter.python_package_name }}.pot": {
                                                            "sha": "6286849127abfd70683ff0112d037a325dd0489d"
                                                        }
                                                    }
                                                },
                                                "profiles": {
                                                    "dirs": {
                                                        "default": {
                                                            "dirs": {
                                                                "registry": {
                                                                    "dirs": {},
                                                                    "files": {
                                                                        "plone.base.interfaces.controlpanel.IMailSchema.xml": {
                                                                            "sha": "432faf5b1e79719f7460ff4fb0d87c43a7219496"
                                                                        },
                                                                        "plone.base.interfaces.controlpanel.ISiteSchema.xml": {
                                                                            "sha": "a56e860c9c2bae82faad9842a5a461171063156f"
                                                                        },
                                                                        "plone.cachepurging.interfaces.ICachePurgingSettings.xml": {
                                                                            "sha": "42efc619b447916e178601302dcc631e16afc13a"
                                                                        },
                                                                        "plone.caching.interfaces.ICacheSettings.xml": {
                                                                            "sha": "a2d984a8a9c5f7cda2915f0b5f8a31c57c843648"
                                                                        },
                                                                        "plone.i18n.interfaces.ILanguageSchema.xml": {
                                                                            "sha": "e53b68ce0e0052b1176339da2b2d9f785e9accb9"
                                                                        }
                                                                    }
                                                                },
                                                                "types": {
                                                                    "dirs": {},
                                                                    "files": {
                                                                        ".gitkeep": {
                                                                            "sha": "e69de29bb2d1d6434b8b29ae775ad8c2e48c5391"
                                                                        }
                                                                    }
                                                                }
                                                            },
                                                            "files": {
                                                                "actions.xml": {
                                                                    "sha": "6c0deb3f3f1a6ceebb557b9687b351e7ce6baa92"
                                                                },
                                                                "browserlayer.xml": {
                                                                    "sha": "50903af26eb279827c417a63e69c9cf0058e6828"
                                                                },
                                                                "catalog.xml": {
                                                                    "sha": "388f539032d0a49208fec7b250160321a80ea56f"
                                                                },
                                                                "metadata.xml": {
                                                                    "sha": "c526cdb8271fcc46e8cc60c72f934028bce2ac5f"
                                                                },
                                                                "theme.xml": {
                                                                    "sha": "a328066e7afd2bafb79d4693bebe2aa9d0ab1ebe"
                                                                },
                                                                "types.xml": {
                                                                    "sha": "087e0871009dbabe1eee88e9086157cbca791318"
                                                                }
                                                            }
                                                        },
                                                        "initial": {
                                                            "dirs": {},
                                                            "files": {
                                                                "metadata.xml": {
                                                                    "sha": "227ab2187ec9595c5f03c9adaa5706a07c8bffa0"
                                                                }
                                                            }
                                                        },
                                                        "uninstall": {
                                                            "dirs": {},
                                                            "files": {
                                                                "browserlayer.xml": {
                                                                    "sha": "297a801004d3cb61355ec8422d6e052c5f932c4f"
                                                                }
                                                            }
                                                        }
                                                    },
                                                    "files": {}
                                                },
                                                "serializers": {
                                                    "dirs": {},
                                                    "files": {
                                                        "__init__.py": {
                                                            "sha": "e69de29bb2d1d6434b8b29ae775ad8c2e48c5391"
                                                        },
                                                        "configure.zcml": {
                                                            "sha": "fb8b7931563c4d3f4d25cf5365f638271e2dea26"
                                                        }
                                                    }
                                                },
                                                "services": {
                                                    "dirs": {},
                                                    "files": {
                                                        "__init__.py": {
                                                            "sha": "e69de29bb2d1d6434b8b29ae775ad8c2e48c5391"
                                                        },
                                                        "configure.zcml": {
                                                            "sha": "fb8b7931563c4d3f4d25cf5365f638271e2dea26"
                                                        }
                                                    }
                                                },
                                                "setuphandlers": {
                                                    "dirs": {
                                                        "images": {
                                                            "dirs": {},
                                                            "files": {
                                                                "plone-foundation.png": {
                                                                    "sha": "9516c4c6392f24444bec95824f40fcf6bf3a0631"
                                                                }
                                                            }
                                                        }
                                                    },
                                                    "files": {
                                                        "__init__.py": {
                                                            "sha": "d82a6654a39e5ac37359ecae7576f76e708afa38"
                                                        },
                                                        "content.py": {
                                                            "sha": "4a39337cc6d32365f893e219a2b16d9b97e9512a"
                                                        },
                                                        "contents.json": {
                                                            "sha": "4aa958b62303d1cd4349b4f102842aab1163e8da"
                                                        },
                                                        "home.json": {
                                                            "sha": "900f41ba217a2605eeaaf8fced61e7859bdd9b0f"
                                                        },
                                                        "users.json": {
                                                            "sha": "31f7160e11be17e3aae7784ae9b688f82e56396f"
                                                        },
                                                        "users.py": {
                                                            "sha": "b3e4720c9a7df0731890852a9c842548d5c9ef58"
                                                        }
                                                    }
                                                },
                                                "subscribers": {
                                                    "dirs": {},
                                                    "files": {
                                                        "__init__.py": {
                                                            "sha": "e69de29bb2d1d6434b8b29ae775ad8c2e48c5391"
                                                        },
                                                        "configure.zcml": {
                                                            "sha": "fb8b7931563c4d3f4d25cf5365f638271e2dea26"
                                                        }
                                                    }
                                                },
                                                "tests": {
                                                    "dirs": {},
                                                    "files": {
                                                        "__init__.py": {
                                                            "sha": "e69de29bb2d1d6434b8b29ae775ad8c2e48c5391"
                                                        },
                                                        "test_setup.py": {
                                                            "sha": "6705d1a3c3992c159374c8c68f64d48d437ca201"
                                                        }
                                                    }
                                                },
                                                "upgrades": {
                                                    "dirs": {},
                                                    "files": {
                                                        "__init__.py": {
                                                            "sha": "e69de29bb2d1d6434b8b29ae775ad8c2e48c5391"
                                                        },
                                                        "configure.zcml": {
                                                            "sha": "fedb72ada16d975f913962bcbfe9be15bd4f7835"
                                                        }
                                                    }
                                                },
                                                "vocabularies": {
                                                    "dirs": {},
                                                    "files": {
                                                        "__init__.py": {
                                                            "sha": "e69de29bb2d1d6434b8b29ae775ad8c2e48c5391"
                                                        },
                                                        "configure.zcml": {
                                                            "sha": "8e0169746a7c8683559b0dd7e27a3ce4adbf6327"
                                                        }
                                                    }
                                                }
                                            },
                                            "files": {
                                                "__init__.py": {
                                                    "sha": "1590fa14986614f9e66c6c668e56abca6b93779a"
                                                },
                                                "configure.zcml": {
                                                    "sha": "963f7b18243757922242c8611ab2e6f94e936a93"
                                                },
                                                "dependencies.zcml": {
                                                    "sha": "3c111d6722b54f74d578d81ba8a294e2a616d4f9"
                                                },
                                                "interfaces.py": {
                                                    "sha": "63e3414b3eb283a1d0b5a8a7ed9b1eff98289985"
                                                },
                                                "permissions.zcml": {
                                                    "sha": "2abc49fe5a50002d312d10a80c329d31c2cff8b4"
                                                },
                                                "profiles.zcml": {
                                                    "sha": "4362c509ed2ff47ca1bff876450657d675d299ef"
                                                },
                                                "testing.py": {
                                                    "sha": "974015f3d60413dc42c2cdd9883c1e1d4a9ec80b"
                                                }
                                            }
                                        }
                                    },
                                    "files": {}
                                },
                                "tests": {
                                    "dirs": {
                                        "setup": {
                                            "dirs": {},
                                            "files": {
                                                "__init__.py": {
                                                    "sha": "e69de29bb2d1d6434b8b29ae775ad8c2e48c5391"
                                                },
                                                "test_setup_install.py": {
                                                    "sha": "848a861ef50ba4cc759d0567414ffcee548ddef0"
                                                },
                                                "test_setup_uninstall.py": {
                                                    "sha": "90a782d7ea77e6eb8562079ccd4561fdf6cdade0"
                                                }
                                            }
                                        }
                                    },
                                    "files": {
                                        "__init__.py": {
                                            "sha": "e69de29bb2d1d6434b8b29ae775ad8c2e48c5391"
                                        },
                                        "conftest.py": {
                                            "sha": "c0fa9fa886428cae1e2d992bc5c4ea09d2036524"
                                        }
                                    }
                                }
                            },
                            "files": {
                                "CHANGES.md": {
                                    "sha": "645a0a8ca3c2cace943a983d70fd71f8414ec31d"
                                },
                                "CONTRIBUTORS.md": {
                                    "sha": "3f84a5f31c5292640aa963279a8f99d643692071"
                                },
                                "LICENSE.GPL": {
                                    "sha": "d159169d1050894d3ea3b98e1c965c4058208fe1"
                                },
                                "LICENSE.md": {
                                    "sha": "17fe87d26007882ea52a4567bd71457723ecaaac"
                                },
                                "MANIFEST.in": {
                                    "sha": "b0844873f9cd5eb6b1d091592678d41898e907ba"
                                },
                                "README.md": {
                                    "sha": "2b8377f5e6a7ed3e158354d835fdcbea3df02b98"
                                },
                                "setup.py": {
                                    "sha": "5b629e734b00e8bddf4996678618be0b44866df3"
                                }
                            }
                        }
                    },
                    "files": {}
                }
            },
            "files": {
                ".dockerignore": {
                    "sha": "91cbf575426a2cad946f30fba43191932c3d3ae8"
                },
                ".gitattributes": {
                    "sha": "b07d5f4e6e7ad641901d2d11a718b851b8c1412a"
                },
                ".gitignore": {
                    "sha": "50b35108d3362a8378a3410131af4a154cc358e8"
                },
                "Dockerfile": {
                    "sha": "0a463b3329b23254ab166ef5a500e6e5491504bd"
                },
                "Dockerfile.acceptance": {
                    "sha": "ff06e3d41c86222af0a47517f3feee52f5693801"
                },
                "Makefile": {
                    "sha": "5413542d84e4554e766b721e4b50bbf09c3f987d"
                },
                "constraints.txt": {
                    "sha": "bdb7517400eacab8648c5d823e37fbfdf0428fd1"
                },
                "instance.yaml": {
                    "sha": "3dc403850fd70a0bec707c5d19f62c02bb4a7dc9"
                },
                "mx.ini": {
                    "sha": "0012cb44c91e10904e1428f90088187652b8e27a"
                },
                "pyproject.toml": {
                    "sha": "4fcae60b6bf9956cca31954946f55fe75b69e89a"
                },
                "requirements-docker.txt": {
                    "sha": "da44320081751eb60cfa8a601d697a2ee68d17b5"
                },
                "requirements.txt": {
                    "sha": "5747767d1cddc15544e3c33f18c0acb06a836160"
                },
                "version.txt": {
                    "sha": "36bef1fb752c3ee65120be452f9efefff2fc9236"
                }
            }
        },
        "devops": {
            "dirs": {
                "etc": {
                    "dirs": {
                        "docker": {
                            "dirs": {
                                "daemon": {
                                    "dirs": {},
                                    "files": {
                                        "daemon.json.j2": {
                                            "sha": "3c6a42c67c88497d43ee301c34b9e1f5adaafb23"
                                        }
                                    }
                                },
                                "systemd": {
                                    "dirs": {},
                                    "files": {
                                        "http-proxy.conf.j2": {
                                            "sha": "861d269b25d2b91622cfbda4f749fe9659112245"
                                        }
                                    }
                                }
                            },
                            "files": {}
                        },
                        "keys": {
                            "dirs": {},
                            "files": {
                                ".gitkeep": {
                                    "sha": "e69de29bb2d1d6434b8b29ae775ad8c2e48c5391"
                                }
                            }
                        }
                    },
                    "files": {}
                },
                "inventory": {
                    "dirs": {
                        "group_vars": {
                            "dirs": {
                                "all": {
                                    "dirs": {},
                                    "files": {
                                        "base.yml": {
                                            "sha": "1dc2e8413c72b034530a95e6e2fecab0cdc499b5"
                                        },
                                        "docker.yml": {
                                            "sha": "64894c8df0620ad2e2a3f98ed43579d4f0365f1d"
                                        },
                                        "packages.yml": {
                                            "sha": "06dd0e892569743062374e9f74177b9ce727b33f"
                                        },
                                        "projects.yml": {
                                            "sha": "cb026fad7dcd315d4344950a1123316f4a3aa339"
                                        },
                                        "sshd.yml": {
                                            "sha": "be9e35109858972dfc33612be2e666705358fe99"
                                        },
                                        "swap.yml": {
                                            "sha": "d10390f9db6fbbd6148c5190d2ab09fcb7f396d6"
                                        },
                                        "swarm.yml": {
                                            "sha": "12f3637b369d0474a573919737a2055c8e97fe94"
                                        },
                                        "ufw.yml": {
                                            "sha": "a1140e65890d0c5f53228e21c07fd9f1a5245396"
                                        },
                                        "users.yml": {
                                            "sha": "446e5cd48dd660812c2494b403c750c85689de94"
                                        }
                                    }
                                }
                            },
                            "files": {}
                        }
                    },
                    "files": {
                        "hosts.yml": {
                            "sha": "0c07f2cedb063215dbc858c532c855fe3220597d"
                        }
                    }
                },
                "playbooks": {
                    "dirs": {},
                    "files": {
                        "setup.yml": {
                            "sha": "9a0b4831b636becab1f4432d75407efb75e5483b"
                        }
                    }
                },
                "requirements": {
                    "dirs": {},
                    "files": {
                        "collections.yml": {
                            "sha": "0d11afd2649aac4d4bf0f7e7a77a32b3bfa6c96c"
                        },
                        "requirements.txt": {
                            "sha": "59a28070222fbf750215cd4ac99178944eddd29f"
                        },
                        "roles.yml": {
                            "sha": "c1c699c0285bd4d5a9db5ebeeee61decd5b7bb15"
                        }
                    }
                },
                "stacks": {
                    "dirs": {},
                    "files": {
                        "{{ cookiecutter.hostname }}.yml": {
                            "sha": "fd51100d95926dd1ffc8e8e176a24e312b34f0d1"
                        }
                    }
                },
                "tasks": {
                    "dirs": {
                        "base": {
                            "dirs": {},
                            "files": {
                                "task_base_packages.yml": {
                                    "sha": "743aa5826a75f61ed233851fc5f1a67c7f1e40bc"
                                },
                                "task_base_python.yml": {
                                    "sha": "9eaf1c7effb4d134de9a2e84cf50b4f706fccc5c"
                                },
                                "task_docker.yml": {
                                    "sha": "2462c25bbe2d3ed7b9272a9a005b9f712a92ba5d"
                                },
                                "task_hostname.yml": {
                                    "sha": "da16164a5084d99efa26b053db02a7df4dec53d3"
                                },
                                "task_ufw.yml": {
                                    "sha": "94d895f0c41c3a5e5b9032cbc662e5617f3ea4f9"
                                }
                            }
                        },
                        "handlers": {
                            "dirs": {},
                            "files": {
                                "common.yml": {
                                    "sha": "6303fc234a4a4318a09b51656aa0a4a86cc5ff43"
                                }
                            }
                        },
                        "swarm": {
                            "dirs": {},
                            "files": {
                                "task_swarm.yml": {
                                    "sha": "7fd55d09cc3d5b0f5b0ec67dcb58c934448dbaaa"
                                }
                            }
                        }
                    },
                    "files": {}
                },
                "varnish": {
                    "dirs": {
                        "etc": {
                            "dirs": {},
                            "files": {
                                "varnish.vcl": {
                                    "sha": "b86acac79ed101fa657957440861a04e9a903163"
                                }
                            }
                        }
                    },
                    "files": {
                        "Dockerfile": {
                            "sha": "75b78875ca478a6d7bd232605dee45d506d4e4e7"
                        }
                    }
                }
            },
            "files": {
                ".env_dist": {
                    "sha": "9a6b7936a1082207ab856a95b50a34a96f212ec9"
                },
                ".env_gha": {
                    "sha": "84bf745ebd02a4d1b9984189de01372a25540fae"
                },
                ".gitignore": {
                    "sha": "a115ed8d678783f38836a2fd57142208a918bab2"
                },
                "Makefile": {
                    "sha": "b4a12879811eb8ba1cb62da62c443745ac855f96"
                },
                "README-GHA.md": {
                    "sha": "64e31463a8d811d4748700724d0910c2f22aca35"
                },
                "README-GITLAB.md": {
                    "sha": "ea13973f14f977b3eafc705cb7715ae469ad2502"
                },
                "README.md": {
                    "sha": "cedc043785d33d41cff144bece7b5cb0726b8d7a"
                },
                "ansible.cfg": {
                    "sha": "fbb968dc9a6c35d7cf4d28a26598b316a3b03cc4"
                }
            }
        },
        "frontend": {
            "dirs": {},
            "files": {
                ".dockerignore.default": {
                    "sha": "be3a7a008ce18449828b484b5ebea9012db2ee80"
                },
                "Dockerfile.default": {
                    "sha": "5b0a57dcf8a9793768e3ec2f8f075d374d49287e"
                },
                "Makefile.default": {
                    "sha": "383de64d4ddb3344949efb48f5fc133378263b59"
                }
            }
        }
    },
    "files": {
        ".editorconfig": {
            "sha": "eafc18ed889cd4716d02f06bcf60ec6a4d306a20"
        },
        ".gitignore": {
            "sha": "eaec0195846641bed14b4872c96d02f9a2cf08d8"
        },
        ".gitlab-ci.yml": {
            "sha": "c3456a7ecac08061d28585664c3abca646f75305"
        },
        "CHANGELOG.md": {
            "sha": "a9446261ee16b47db272e026be4b92a52b8ba4ae"
        },
        "Makefile": {
            "sha": "6b7331216bb2927a63ec451dd4a335461c496381"
        },
        "README.md": {
            "sha": "e7d13f468a36a7026d077f8c42da95717dc0c14d"
        },
        "docker-compose.yml": {
            "sha": "a2a94d4376451bed1dd2aa72517601d8e5e38c70"
        },
        "version.txt": {
            "sha": "3eefcb9dd5b38e2c1dc061052455dd97bcd51e6c"
        }
    }
}