{
    "dirs": {
        ".devcontainer": {
            "dirs": {},
            "files": {
                "bash_history": {
                    "sha": "e69de29bb2d1d6434b8b29ae775ad8c2e48c5391"
                },
                "bashrc.override.sh": {
                    "sha": "bedddf64b03a5286b5c9c99d53eece86adf0d9e8"
                },
                "devcontainer.json": {
                    "sha": "5604b8a851cdc64443c323f5dc210aac8ee2d9c9"
                }
            }
        },
        ".envs": {
            "dirs": {
                ".local": {
                    "dirs": {},
                    "files": {
                        ".django": {
                            "sha": "ef581a1c09cec7a41acb81f985b6dc3ebebcc860"
                        },
                        ".postgres": {
                            "sha": "f190db8e68a2121ef5f5a9f0f754a58559cf662b"
                        }
                    }
                },
                ".production": {
                    "dirs": {},
                    "files": {
                        ".django": {
                            "sha": "07ffd7112f79fa7ca031d2f9e40ca03f7867c11b"
                        },
                        ".postgres": {
                            "sha": "f190db8e68a2121ef5f5a9f0f754a58559cf662b"
                        }
                    }
                }
            },
            "files": {}
        },
        ".github": {
            "dirs": {
                "workflows": {
                    "dirs": {},
                    "files": {
                        "ci.yml": {
                            "sha": "83625e481e9ed4ed2c4a6a75bcca11a290afbd5c"
                        }
                    }
                }
            },
            "files": {
                "dependabot.yml": {
                    "sha": "45f35a28e519058a7cb6c7190109f89a42234ed0"
                }
            }
        },
        ".idea": {
            "dirs": {
                "runConfigurations": {
                    "dirs": {},
                    "files": {
                        "docker_compose_up_django.xml": {
                            "sha": "0eabd93c807172787db315d6a78f0fc17e143b68"
                        },
                        "docker_compose_up_docs.xml": {
                            "sha": "6134cf9177779ecb490f743f2adfd1cad49ee3a9"
                        },
                        "merge_production_dotenvs_in_dotenv.xml": {
                            "sha": "cf2c5dd89dbe6bff5b7beaf178f3b5b3b69ca68d"
                        },
                        "migrate.xml": {
                            "sha": "b457c5f55bf4af18e729138c3117e18ebfc7e2bf"
                        },
                        "pytest___.xml": {
                            "sha": "08f76c454debadd2c513df2bfd0538f72ebe2a58"
                        },
                        "pytest__users.xml": {
                            "sha": "574361fea4ef509c97a932bb5ace77f4194dffa3"
                        },
                        "runserver.xml": {
                            "sha": "2a348a2e7fa0f3651d9517a38aa7fe0477d107a7"
                        },
                        "runserver_plus.xml": {
                            "sha": "242f861a64584fe44d8c53a04150ff546964eac9"
                        }
                    }
                }
            },
            "files": {
                "misc.xml": {
                    "sha": "10af178fd4c432703bc9cb892c727729aa46a2cb"
                },
                "modules.xml": {
                    "sha": "1418fcddfb5953ca3221f0caa82d096fc36c1ce4"
                },
                "vcs.xml": {
                    "sha": "5ace414d826e6c93413b72a6e835ff1e7b23264b"
                },
                "webResources.xml": {
                    "sha": "452953740b9d1b96937f0e94df2aa28086a97519"
                },
                "workspace.xml": {
                    "sha": "deb28ba1b8942c566a35b302613eb15010f1e0f3"
                },
                "{{cookiecutter.project_slug}}.iml": {
                    "sha": "fe1aeae52f994565803ead1993423b49efe0c6c9"
                }
            }
        },
        "bin": {
            "dirs": {},
            "files": {
                "post_compile": {
                    "sha": "16719f493ce36dedb5bc0d911ef8834f12572705"
                }
            }
        },
        "compose": {
            "dirs": {
                "local": {
                    "dirs": {
                        "django": {
                            "dirs": {
                                "celery": {
                                    "dirs": {
                                        "beat": {
                                            "dirs": {},
                                            "files": {
                                                "start": {
                                                    "sha": "8adc4891a69d0b97345e49fe1cac91d546d5ad06"
                                                }
                                            }
                                        },
                                        "flower": {
                                            "dirs": {},
                                            "files": {
                                                "start": {
                                                    "sha": "f8377adaef3e275c58f250124015c73f7e7ecfa2"
                                                }
                                            }
                                        },
                                        "worker": {
                                            "dirs": {},
                                            "files": {
                                                "start": {
                                                    "sha": "183a801591519db400b66f41d815e60f882938e3"
                                                }
                                            }
                                        }
                                    },
                                    "files": {}
                                }
                            },
                            "files": {
                                "Dockerfile": {
                                    "sha": "40cea6841798b168b0c2a98a7093c83a452dfe0d"
                                },
                                "start": {
                                    "sha": "ec57dc8e446f6bdaed7201832fbbe8d0c705bb06"
                                }
                            }
                        },
                        "docs": {
                            "dirs": {},
                            "files": {
                                "Dockerfile": {
                                    "sha": "789585281f94a89090c35983b0144e72f9c78f11"
                                },
                                "start": {
                                    "sha": "96a94f5663eea48e1b08c96b290f101633c367e8"
                                }
                            }
                        },
                        "node": {
                            "dirs": {},
                            "files": {
                                "Dockerfile": {
                                    "sha": "990652a3cd356ad9d380b0b5cb1d6a8cfc3a9cf5"
                                }
                            }
                        }
                    },
                    "files": {}
                },
                "production": {
                    "dirs": {
                        "aws": {
                            "dirs": {
                                "maintenance": {
                                    "dirs": {},
                                    "files": {
                                        "download": {
                                            "sha": "12871a773b708ff46bd17631fd88ff4953fef8c6"
                                        },
                                        "upload": {
                                            "sha": "2f577824ef3d4a770d27e5e1c4ff9f860b1beba6"
                                        }
                                    }
                                }
                            },
                            "files": {
                                "Dockerfile": {
                                    "sha": "2c820984d0d1af6f71f11b2fb83e83df9e43a03a"
                                }
                            }
                        },
                        "django": {
                            "dirs": {
                                "celery": {
                                    "dirs": {
                                        "beat": {
                                            "dirs": {},
                                            "files": {
                                                "start": {
                                                    "sha": "42ddca91050784d70baaf359dad7825f15a022d8"
                                                }
                                            }
                                        },
                                        "flower": {
                                            "dirs": {},
                                            "files": {
                                                "start": {
                                                    "sha": "c0b1cbe5d4590f41e6f193055cf25dd0e306134e"
                                                }
                                            }
                                        },
                                        "worker": {
                                            "dirs": {},
                                            "files": {
                                                "start": {
                                                    "sha": "af0c8f7b5227666ab85b59a60471668d74fcc070"
                                                }
                                            }
                                        }
                                    },
                                    "files": {}
                                }
                            },
                            "files": {
                                "Dockerfile": {
                                    "sha": "dccb81fc08c4c849ba35e21ce94367c2486b335d"
                                },
                                "entrypoint": {
                                    "sha": "fe9a0133f8be3040ad8770bdaf07bc3193ad226a"
                                },
                                "start": {
                                    "sha": "38fc29b552ea90d6f85f9f7531ed44a4119a7256"
                                }
                            }
                        },
                        "nginx": {
                            "dirs": {},
                            "files": {
                                "Dockerfile": {
                                    "sha": "ec2ad35cb6213661672a0686b0471e61daebe477"
                                },
                                "default.conf": {
                                    "sha": "562dba86c529a1776bf7cb4613049e993d9ddbb0"
                                }
                            }
                        },
                        "postgres": {
                            "dirs": {
                                "maintenance": {
                                    "dirs": {
                                        "_sourced": {
                                            "dirs": {},
                                            "files": {
                                                "constants.sh": {
                                                    "sha": "6ca4f0ca9c64f449bf3774f3e3d90a274f2261d0"
                                                },
                                                "countdown.sh": {
                                                    "sha": "e6cbfb6ffc2996031dae959b1ebf3e1f71b77551"
                                                },
                                                "messages.sh": {
                                                    "sha": "f6be756e97d36815e2f7d606438375c14371bfc5"
                                                },
                                                "yes_no.sh": {
                                                    "sha": "fd9cae161435e5292a26785ccc7a09551801b6de"
                                                }
                                            }
                                        }
                                    },
                                    "files": {
                                        "backup": {
                                            "sha": "f72304c05c8ddb422718bd0af0b2d09c36a6b9cb"
                                        },
                                        "backups": {
                                            "sha": "a18937d625b000b3b6052766af10e79e2f04a5f4"
                                        },
                                        "restore": {
                                            "sha": "c68f17d71aee0f4e2e67825695226de45c04e486"
                                        },
                                        "rmbackup": {
                                            "sha": "fdfd20e1481221208f2e8b25d2f847b0c2ef3dca"
                                        }
                                    }
                                }
                            },
                            "files": {
                                "Dockerfile": {
                                    "sha": "5da8982f4e9b726ad4f5df6db45cc6bb850e0f7b"
                                }
                            }
                        },
                        "traefik": {
                            "dirs": {},
                            "files": {
                                "Dockerfile": {
                                    "sha": "7ec39ad202ce46524f99ad4222f5c999b29c17b0"
                                },
                                "traefik.yml": {
                                    "sha": "f5d9e52fcd493be7ea22a6319295529acf4a1c3e"
                                }
                            }
                        }
                    },
                    "files": {}
                }
            },
            "files": {}
        },
        "config": {
            "dirs": {
                "settings": {
                    "dirs": {},
                    "files": {
                        "__init__.py": {
                            "sha": "e69de29bb2d1d6434b8b29ae775ad8c2e48c5391"
                        },
                        "base.py": {
                            "sha": "22876096c15595ed61b5e42a0875efba0e316c8f"
                        },
                        "local.py": {
                            "sha": "f63151239f629bf08681f884844ec0777cfedd0a"
                        },
                        "production.py": {
                            "sha": "8ef7b57c8c01e39cee89061f6a5abd79e216ae89"
                        },
                        "test.py": {
                            "sha": "43464ab3f63cac2f8fec353f3dd79ce0262cbe53"
                        }
                    }
                }
            },
            "files": {
                "__init__.py": {
                    "sha": "480655af172a99204415ebd6ed76cf5a1caed71d"
                },
                "api_router.py": {
                    "sha": "d4de098fc877a5378ad948873a71c0e06a53456c"
                },
                "asgi.py": {
                    "sha": "302db261382523fcfdbc09bf06d7d57e2bdf272b"
                },
                "celery_app.py": {
                    "sha": "836429078a6bc656eefb5b71b9fdc06e6eee6d7a"
                },
                "urls.py": {
                    "sha": "8f9b5e426afcc608452b9e931a22569841b62232"
                },
                "websocket.py": {
                    "sha": "81adfbc664215c36e2208ab0254b81f1a64297b7"
                },
                "wsgi.py": {
                    "sha": "cc82dd7f3d710305ee36d9d3d78fb4d030f61a22"
                }
            }
        },
        "docs": {
            "dirs": {
                "pycharm": {
                    "dirs": {
                        "images": {
                            "dirs": {},
                            "files": {
                                "1.png": {
                                    "sha": "06908a12545a069f24490835777674c4c02fcd8a"
                                },
                                "2.png": {
                                    "sha": "1fb8cf1e20c6dfaa542a1c91942a7a1bd96ea96a"
                                },
                                "3.png": {
                                    "sha": "32c93351bed8e97ef9cdcdd4eace0e6411cbaa42"
                                },
                                "4.png": {
                                    "sha": "cf07f9d83c37d5d95d57c36a7accf1bf195c731c"
                                },
                                "7.png": {
                                    "sha": "4f8807e3aa35eadb54537f5e7a05b3552fd7df1f"
                                },
                                "8.png": {
                                    "sha": "05946f2c3d602d2b6e0b2d79beee2699fb57323c"
                                },
                                "f1.png": {
                                    "sha": "2d8c4b6cc1d5c53fa377137a6c1a9523893631a4"
                                },
                                "f2.png": {
                                    "sha": "b123a478f441a7e076f4f4deb3e2015b80014833"
                                },
                                "f3.png": {
                                    "sha": "713ab543efb99b38f13ebb32a71ac922106ba6e0"
                                },
                                "f4.png": {
                                    "sha": "11668ecdcc6c32124c04bed93e8942db2638c783"
                                },
                                "issue1.png": {
                                    "sha": "1bb68eeec6a536d5fd9285696d23100484cb5fd5"
                                },
                                "issue2.png": {
                                    "sha": "174f6fdf3f8a1d7e510f56de24813c571ad8bb82"
                                }
                            }
                        }
                    },
                    "files": {
                        "configuration.rst": {
                            "sha": "148854c649ced2fb61df66fbe7e0f4d4309e33ce"
                        }
                    }
                }
            },
            "files": {
                "Makefile": {
                    "sha": "9e0e4d6c066a953f86f651353333f5e6d9cd80f9"
                },
                "__init__.py": {
                    "sha": "8772c827b325541e1fb46121b7175b1087fc7e26"
                },
                "conf.py": {
                    "sha": "02bd02a0c16b2f1ddc1335a1f278c9c0c4978fcc"
                },
                "howto.rst": {
                    "sha": "944c2b731863046020ea4be591b51ae218494707"
                },
                "index.rst": {
                    "sha": "10b1c936ff4bf9163d65038ef1cedff8344ba1aa"
                },
                "make.bat": {
                    "sha": "fbf6eb45f29b5e92e21fbab6e3533ee5a2e481d0"
                },
                "users.rst": {
                    "sha": "6cf6455622cfa33e6dda7aa9e92eab8df0add10d"
                }
            }
        },
        "locale": {
            "dirs": {
                "en_US": {
                    "dirs": {
                        "LC_MESSAGES": {
                            "dirs": {},
                            "files": {
                                "django.po": {
                                    "sha": "6a4aa2e0b52d9b162df06006d367bd742f9a4b9e"
                                }
                            }
                        }
                    },
                    "files": {}
                },
                "fr_FR": {
                    "dirs": {
                        "LC_MESSAGES": {
                            "dirs": {},
                            "files": {
                                "django.po": {
                                    "sha": "67434d505c2a8304bfbab506f0d114e255c0da79"
                                }
                            }
                        }
                    },
                    "files": {}
                },
                "pt_BR": {
                    "dirs": {
                        "LC_MESSAGES": {
                            "dirs": {},
                            "files": {
                                "django.po": {
                                    "sha": "1681e0f57d59e70b4bc058ebdcca4a4cbfbf6e5f"
                                }
                            }
                        }
                    },
                    "files": {}
                }
            },
            "files": {
                "README.md": {
                    "sha": "9ee59d3ef1d6dcda6b7ce31eb9d9c661075ec218"
                }
            }
        },
        "requirements": {
            "dirs": {},
            "files": {
                "base.txt": {
                    "sha": "bdd9cc1e061f4a0853e269d7671a9069a65256ba"
                },
                "local.txt": {
                    "sha": "c4b14aabfd8a7cadc2597ac78151309c1d175ab8"
                },
                "production.txt": {
                    "sha": "0f46f2252e6796106f77b99cf63de21eac256ed3"
                }
            }
        },
        "tests": {
            "dirs": {},
            "files": {
                "__init__.py": {
                    "sha": "e69de29bb2d1d6434b8b29ae775ad8c2e48c5391"
                },
                "test_merge_production_dotenvs_in_dotenv.py": {
                    "sha": "c0e68f60ac08b4b94e14eb7cfac8fe621b0105ba"
                }
            }
        },
        "utility": {
            "dirs": {},
            "files": {
                "install_os_dependencies.sh": {
                    "sha": "ec9372fd8deda38db6a2db0992d6acd2c9d6ef77"
                },
                "install_python_dependencies.sh": {
                    "sha": "e09ebf6f857c63b7d73c79f1b6259835c9acaebf"
                },
                "requirements-bionic.apt": {
                    "sha": "0e1a6572ce874157ddf1ac2b1ff6dca339704270"
                },
                "requirements-bookworm.apt": {
                    "sha": "f24f6f3dac23f79e8d0d0cd983ade40768c1bc27"
                },
                "requirements-bullseye.apt": {
                    "sha": "e8e36b631fbd738b204cf9c715d2a903793c5fac"
                },
                "requirements-buster.apt": {
                    "sha": "f2c81962d5ffe0faf63cda803bcfcec4224a6569"
                },
                "requirements-focal.apt": {
                    "sha": "f400b419697b18077580c0c09ad7aa948aa1e517"
                },
                "requirements-jammy.apt": {
                    "sha": "ea52472a161bd214c326a74cf06248b781eb148b"
                },
                "requirements-jessie.apt": {
                    "sha": "ebf0e583ee63c702027f32fccc27556cd7ebeb96"
                },
                "requirements-noble.apt": {
                    "sha": "f24f6f3dac23f79e8d0d0cd983ade40768c1bc27"
                },
                "requirements-stretch.apt": {
                    "sha": "979eca31370b0039024d5d88c7e9667ed27bbc41"
                },
                "requirements-trusty.apt": {
                    "sha": "954f7837553a91c181a27a2273d3689c01b6f9a0"
                },
                "requirements-xenial.apt": {
                    "sha": "1784e40c605fdfaf87400c5ee50aa0f5480b4b86"
                }
            }
        },
        "webpack": {
            "dirs": {},
            "files": {
                "common.config.js": {
                    "sha": "d95434dbd9e2687837ed78e6d581e9c4cc8e09b4"
                },
                "dev.config.js": {
                    "sha": "7c774185ea30dc994120a0cbe41e1de6fcda0cf7"
                },
                "prod.config.js": {
                    "sha": "868d26dddd32986d28e6a80ecbd36791543b4444"
                }
            }
        },
        "{{cookiecutter.project_slug}}": {
            "dirs": {
                "contrib": {
                    "dirs": {
                        "sites": {
                            "dirs": {
                                "migrations": {
                                    "dirs": {},
                                    "files": {
                                        "0001_initial.py": {
                                            "sha": "fd76afb25c696afafce7a0ae8d518f3ff475e8e5"
                                        },
                                        "0002_alter_domain_unique.py": {
                                            "sha": "4a44a6a920ed44dfecde47ffa3608dc64de92a70"
                                        },
                                        "0003_set_site_domain_and_name.py": {
                                            "sha": "df7f47729ee85238e671a9c479b22750991c691d"
                                        },
                                        "0004_alter_options_ordering_domain.py": {
                                            "sha": "f7118ca81a64318023c6f86e4904b3df0227a3a8"
                                        },
                                        "__init__.py": {
                                            "sha": "6b5912444ad11e8eab2a6b3b8327eb3169051385"
                                        }
                                    }
                                }
                            },
                            "files": {
                                "__init__.py": {
                                    "sha": "6b5912444ad11e8eab2a6b3b8327eb3169051385"
                                }
                            }
                        }
                    },
                    "files": {
                        "__init__.py": {
                            "sha": "6b5912444ad11e8eab2a6b3b8327eb3169051385"
                        }
                    }
                },
                "static": {
                    "dirs": {
                        "css": {
                            "dirs": {},
                            "files": {
                                "project.css": {
                                    "sha": "f1d543daf193e0e06df03603a606819244394ca5"
                                }
                            }
                        },
                        "fonts": {
                            "dirs": {},
                            "files": {
                                ".gitkeep": {
                                    "sha": "e69de29bb2d1d6434b8b29ae775ad8c2e48c5391"
                                }
                            }
                        },
                        "images": {
                            "dirs": {
                                "favicons": {
                                    "dirs": {},
                                    "files": {
                                        "favicon.ico": {
                                            "sha": "e1c1dd1a32a3a077c41a21e52bc7fb5ac90d3afb"
                                        }
                                    }
                                }
                            },
                            "files": {}
                        },
                        "js": {
                            "dirs": {},
                            "files": {
                                "project.js": {
                                    "sha": "930fa54a2c250f3ef4ac4dffe2ecc9752cf2e58a"
                                },
                                "vendors.js": {
                                    "sha": "093840f8764eb2536d0c04539f8cd99cb6490449"
                                }
                            }
                        },
                        "sass": {
                            "dirs": {},
                            "files": {
                                "custom_bootstrap_vars.scss": {
                                    "sha": "e69de29bb2d1d6434b8b29ae775ad8c2e48c5391"
                                },
                                "project.scss": {
                                    "sha": "43435aca87ce12ad694fbf74e99d43060ab70574"
                                }
                            }
                        }
                    },
                    "files": {}
                },
                "templates": {
                    "dirs": {
                        "account": {
                            "dirs": {},
                            "files": {
                                "base_manage_password.html": {
                                    "sha": "515f5244ad0310b4843864748028ad7077a35413"
                                }
                            }
                        },
                        "allauth": {
                            "dirs": {
                                "elements": {
                                    "dirs": {},
                                    "files": {
                                        "alert.html": {
                                            "sha": "090c2cbf6cfaa4bc517eb051f89204c9ebdc6d5c"
                                        },
                                        "badge.html": {
                                            "sha": "7093939da29c176bccd9adf2ebe9668a5ae84a63"
                                        },
                                        "button.html": {
                                            "sha": "1c0ae4b999a1b281f2b1cc5c58c002121b8c45bb"
                                        },
                                        "field.html": {
                                            "sha": "8585f7a4df9dffda5dc4857cadc3e58cc70e2a6f"
                                        },
                                        "fields.html": {
                                            "sha": "6a2f3c2cb69a3cf564998d2d9262726e85595587"
                                        },
                                        "panel.html": {
                                            "sha": "ce179b587d356e9b054c9702414fb62be26e1537"
                                        },
                                        "table.html": {
                                            "sha": "7ceb9234d30a192a8f2b879d8a4dd3644c7adaf4"
                                        }
                                    }
                                },
                                "layouts": {
                                    "dirs": {},
                                    "files": {
                                        "entrance.html": {
                                            "sha": "96ba424998ac4021f515020fdd52eac03dd4c823"
                                        },
                                        "manage.html": {
                                            "sha": "b7ff36ba2d49995ad9d095315674e466bbae3833"
                                        }
                                    }
                                }
                            },
                            "files": {}
                        },
                        "pages": {
                            "dirs": {},
                            "files": {
                                "about.html": {
                                    "sha": "3d301eeaddfd56a5a20e13564a0cfd50b0dd5209"
                                },
                                "home.html": {
                                    "sha": "3d301eeaddfd56a5a20e13564a0cfd50b0dd5209"
                                }
                            }
                        },
                        "users": {
                            "dirs": {},
                            "files": {
                                "user_detail.html": {
                                    "sha": "2dc7bfdc7a942b173de3cea182bca866c0047718"
                                },
                                "user_form.html": {
                                    "sha": "bd1299a6d8b338f6afc86f1ec7d78b0742108e5f"
                                }
                            }
                        }
                    },
                    "files": {
                        "403.html": {
                            "sha": "d90b33f9b35d823dad3ec19092a01cc40ff4ecf9"
                        },
                        "403_csrf.html": {
                            "sha": "d90b33f9b35d823dad3ec19092a01cc40ff4ecf9"
                        },
                        "404.html": {
                            "sha": "621596412407a78d5b8e7f39c6956f804c0c038b"
                        },
                        "500.html": {
                            "sha": "8903201640d0a45be11430637ede38f63744aa4e"
                        },
                        "base.html": {
                            "sha": "ec873c8014ff58467263c251ab86481531d36944"
                        }
                    }
                },
                "users": {
                    "dirs": {
                        "api": {
                            "dirs": {},
                            "files": {
                                "__init__.py": {
                                    "sha": "e69de29bb2d1d6434b8b29ae775ad8c2e48c5391"
                                },
                                "serializers.py": {
                                    "sha": "51e0859f36eac5f6e0c4ebaa523672fea7c27c2c"
                                },
                                "views.py": {
                                    "sha": "7a521cdfe48ae18013b1a3455f19bb444c51e35d"
                                }
                            }
                        },
                        "migrations": {
                            "dirs": {},
                            "files": {
                                "0001_initial.py": {
                                    "sha": "cee6676bc8122e22f09a3a73e3d13aa641b56aca"
                                },
                                "__init__.py": {
                                    "sha": "e69de29bb2d1d6434b8b29ae775ad8c2e48c5391"
                                }
                            }
                        },
                        "tests": {
                            "dirs": {
                                "api": {
                                    "dirs": {},
                                    "files": {
                                        "__init__.py": {
                                            "sha": "e69de29bb2d1d6434b8b29ae775ad8c2e48c5391"
                                        },
                                        "test_openapi.py": {
                                            "sha": "cb3f19d3da17ef9dc3037ac4d76a0a59e418d927"
                                        },
                                        "test_urls.py": {
                                            "sha": "b445b611d698ded9f4f55ee3e80efdfa91976b54"
                                        },
                                        "test_views.py": {
                                            "sha": "0198b1309d873c3b4d69ae54765fba1114b78a52"
                                        }
                                    }
                                }
                            },
                            "files": {
                                "__init__.py": {
                                    "sha": "e69de29bb2d1d6434b8b29ae775ad8c2e48c5391"
                                },
                                "factories.py": {
                                    "sha": "d3115d9d7e5170f3c3872d768beab35dd6a3fa51"
                                },
                                "test_admin.py": {
                                    "sha": "3e6a41a94b98243c0b1e6cf24ec836dcef18768a"
                                },
                                "test_forms.py": {
                                    "sha": "17d0d72a1ab3b2f88f22ac55b9744b290ed0cc0a"
                                },
                                "test_managers.py": {
                                    "sha": "e3553ab4b9cc93549d0e241cfd7413b5799c216b"
                                },
                                "test_models.py": {
                                    "sha": "76d89ce3f986792222fe826170a2b0c6a7ae0b3e"
                                },
                                "test_tasks.py": {
                                    "sha": "d3f610139955959b02f6afc19faab47fc266edd6"
                                },
                                "test_urls.py": {
                                    "sha": "aaacb05a142c6ded71111e4f7568f635ded2d511"
                                },
                                "test_views.py": {
                                    "sha": "136daa402694afeaa980c66a55aba203511a6488"
                                }
                            }
                        }
                    },
                    "files": {
                        "__init__.py": {
                            "sha": "e69de29bb2d1d6434b8b29ae775ad8c2e48c5391"
                        },
                        "adapters.py": {
                            "sha": "484f686ad094132edb3f462b6e5455885cd33b0a"
                        },
                        "admin.py": {
                            "sha": "40086de7f725448174bb3267219f6a452fdaf804"
                        },
                        "apps.py": {
                            "sha": "5c3d4fe08b7f79d380a291c6745e267331dc67fd"
                        },
                        "context_processors.py": {
                            "sha": "e2633aecde997f14c48575da077052bd373363da"
                        },
                        "forms.py": {
                            "sha": "35a70101eef36e9aaaeb7515fd1611a72a2ff78f"
                        },
                        "managers.py": {
                            "sha": "d8beaa48e18a09c2a1c162de67266478ea06bed8"
                        },
                        "models.py": {
                            "sha": "4a870cc28570e51f4506de1bdfeae578f809111b"
                        },
                        "tasks.py": {
                            "sha": "ca51cd7401b10ac31984e1927f3c7fdf480731f6"
                        },
                        "urls.py": {
                            "sha": "74d65da1e27b7717d2eb976b9d928a09ec8c1852"
                        },
                        "views.py": {
                            "sha": "e7655f123425217f924e1362b5d450ec12973def"
                        }
                    }
                }
            },
            "files": {
                "__init__.py": {
                    "sha": "fb65327098dc8ead5dd2469e6bd2e5825d6779eb"
                },
                "conftest.py": {
                    "sha": "8d3af053bfb77f539d96b08c9d3116dfc71c9362"
                }
            }
        }
    },
    "files": {
        ".dockerignore": {
            "sha": "a602416cde313838b0a6e443d42e51c861ab7809"
        },
        ".drone.yml": {
            "sha": "20d6fb1bbd713041fd47e80dc079be00460fd965"
        },
        ".editorconfig": {
            "sha": "4aa03505b692e7ceaa64c7a1aa0a70fa07cd44de"
        },
        ".gitattributes": {
            "sha": "176a458f94e0ea5272ce67c36bf30b6be9caf623"
        },
        ".gitignore": {
            "sha": "1bd36b92904be81daa30e251bbfa4a086936c085"
        },
        ".gitlab-ci.yml": {
            "sha": "9c7cd5367289b12289b2acef76e109bc5ef7d467"
        },
        ".pre-commit-config.yaml": {
            "sha": "0b0f6e96004e29e1b554ad7dfb8db3c09b0be231"
        },
        ".python-version": {
            "sha": "e4fba2183587225f216eeada4c78dfab6b2e65f5"
        },
        ".readthedocs.yml": {
            "sha": "556438876be30fd9243fd0cfd041b2bf230dd2ff"
        },
        ".travis.yml": {
            "sha": "97f9f60a27c16926a490f18512b00544864dd3df"
        },
        "CONTRIBUTORS.txt": {
            "sha": "82a80bfc17103625afaf06009bf4ebb4c77bdce0"
        },
        "COPYING": {
            "sha": "94a9ed024d3859793618152ea559a168bbcbb5e2"
        },
        "LICENSE": {
            "sha": "812fa0fa63a1dd6872ca83f7ab80243c45e7bf01"
        },
        "Procfile": {
            "sha": "6424e048d371654feb922441a1bd7489335febf8"
        },
        "README.md": {
            "sha": "9ee864afbd638aafd5519b54592fa4a25b50b85c"
        },
        "docker-compose.docs.yml": {
            "sha": "215b6c3b77ba796295130966b185c1b538d836ea"
        },
        "docker-compose.local.yml": {
            "sha": "eced08ee8c2e58b3601fb5d78675136136bd04d3"
        },
        "docker-compose.production.yml": {
            "sha": "d0d06338df2372c4fe7fab6622410a337f4c8e5f"
        },
        "gulpfile.mjs": {
            "sha": "70d4e5e2f23b61d2cd15fea66463216cfa0f582d"
        },
        "justfile": {
            "sha": "38ef8dd47ffa1cb588d15ee214864e3b1a280a65"
        },
        "manage.py": {
            "sha": "d6c4f110fe63bfa8ed24f3042778a64e4dd2a22d"
        },
        "merge_production_dotenvs_in_dotenv.py": {
            "sha": "35139fb2e2d941830d0e1530335203d75c3d0163"
        },
        "package.json": {
            "sha": "d0458179be09a59fb5aaf340f057c1b3c18897dc"
        },
        "pyproject.toml": {
            "sha": "eaead446c24849be520287fe82978bf4eb91ed1e"
        },
        "requirements.txt": {
            "sha": "c1b500c2b4112795c84cd98d56e7de73a2da79fd"
        }
    }
}