{
    "dirs": {
        ".github": {
            "dirs": {
                "workflows": {
                    "dirs": {},
                    "files": {
                        "build-main.yml": {
                            "sha": "c0f8014789d177f1d00e869659148b5bee47cbdf"
                        },
                        "check-pr.yml": {
                            "sha": "2dd87653f87ed2dbfda0ad97dbefd8d893d5b22a"
                        },
                        "deploy-infra.yml": {
                            "sha": "ecc78d8c32cc53d54bf3970334c0682ede2923ce"
                        },
                        "deploy-web.yml": {
                            "sha": "6fd95aa54603c3ed08931f8f9d29b07f4a9c5e35"
                        },
                        "event-gather-pipeline.yml": {
                            "sha": "201ee2e825f322fd91881be3bd08df00f1428155"
                        },
                        "event-index-pipeline.yml": {
                            "sha": "d129fcc61d595173753c6b46062ebef1142a5dde"
                        },
                        "process-special-event.yml": {
                            "sha": "90203184b4893120eebcee8ef1509df6e131b4a9"
                        },
                        "run-script.yml": {
                            "sha": "eb9ec9996f59520e32dbb05833874176b0dcd85d"
                        }
                    }
                }
            },
            "files": {
                "dependabot.yml": {
                    "sha": "9c85e93eb2aad13c4ea1c2871fe92a67ca065159"
                }
            }
        },
        "SETUP": {
            "dirs": {},
            "files": {
                "README.md": {
                    "sha": "8c945d940ef18ff8ddccd7f1ee6bcf8b9b4836f2"
                }
            }
        },
        "admin-docs": {
            "dirs": {
                "resources": {
                    "dirs": {},
                    "files": {
                        "backfill-event-gather.png": {
                            "sha": "c489642c5e84e13248b3070011b53b82ce3aadbe"
                        },
                        "cookiecutter-interrupt.png": {
                            "sha": "a826d62bd90a3ddeee1a2ae0141213878b730fee"
                        },
                        "example-custom-event.py": {
                            "sha": "0be06cdb3dce4fb03e53353ed77d2a7fb78ec933"
                        },
                        "special-event-gather.png": {
                            "sha": "f70611fc8058fe5b42ba6988eb5af68d4179c1ae"
                        },
                        "update-and-git-status.png": {
                            "sha": "3835ba79f7f832cd0da96ea376b3882cc8bf2980"
                        },
                        "vs-code-status.png": {
                            "sha": "e6cd59cca4eae5ad110b9cd4f4cfb8e3e5e5cabd"
                        },
                        "workflows.png": {
                            "sha": "9bb1c0eee015b7bda152c7751bca60b323aaeb42"
                        }
                    }
                }
            },
            "files": {
                "adding-analytics.md": {
                    "sha": "1fbacb75d512f3bf0863642660f7bc262016035a"
                },
                "customizing-automated-pipelines.md": {
                    "sha": "e290041b5458369bf936dcbb8e162dde40f594c2"
                },
                "manual-event-gather.md": {
                    "sha": "06ba656703990c181be313effa7a307e4aba605f"
                },
                "running-extra-scripts.md": {
                    "sha": "131313da351f95f9f36ef4dfdfde13638566bcbe"
                },
                "updating-to-new-cookiecutter-releases.md": {
                    "sha": "95d9a1a47849cc0d801f6c587206d4bf8ab66693"
                }
            }
        },
        "infra": {
            "dirs": {},
            "files": {
                "requirements.txt": {
                    "sha": "175b3982cb837897f39ac7118ce49832f5ea7cc4"
                }
            }
        },
        "python": {
            "dirs": {
                "cdp_{{ cookiecutter.python_municipality_slug }}_backend": {
                    "dirs": {},
                    "files": {
                        "__init__.py": {
                            "sha": "1da5a545d4f4f26af01f2d681703244e370494da"
                        },
                        "scraper.py": {
                            "sha": "b50f8dbc52278a7621143647972b12bce576dbea"
                        }
                    }
                }
            },
            "files": {
                "event-gather-config.json": {
                    "sha": "c43f4b80fb18338de4c28bae5f36239807fde3b6"
                },
                "event-index-config.json": {
                    "sha": "c03aa32ff460e29bb2ff1f84cb80f5251dfec632"
                },
                "setup.cfg": {
                    "sha": "f2efdeb58d8e14e9f61443cac8cad4e90c8fec3a"
                },
                "setup.py": {
                    "sha": "f4969ebac6ccd41c745c9f6778fd360e2051d04e"
                }
            }
        },
        "web": {
            "dirs": {
                "public": {
                    "dirs": {},
                    "files": {
                        "cdp-og-seo.png": {
                            "sha": "e4d25798719238a2ecbbf39a308ad7fa99ed968f"
                        },
                        "cdp-twitter-seo.png": {
                            "sha": "13522938cd09d3662b71d4399761d433483ebdcf"
                        },
                        "favicon.ico": {
                            "sha": "3d1c6e450e60477c816b319c842bbc0002dbd244"
                        },
                        "index.html": {
                            "sha": "559e661f8f3f1b879b4937b26bff1e390a215b4b"
                        },
                        "manifest.json": {
                            "sha": "671cfa2b976bb76bac08aa3755ae58dbc73c5402"
                        },
                        "robots.txt": {
                            "sha": "01b0f9a10733b39c3bbeba1ccb1521d866f8e3a5"
                        }
                    }
                },
                "src": {
                    "dirs": {},
                    "files": {
                        "index.jsx": {
                            "sha": "3fb46f9f9744f165f9dc7f8003955239b13928e2"
                        }
                    }
                }
            },
            "files": {
                ".gitignore": {
                    "sha": "2f6c81ac9327af108d1b8d8915475953efa430a4"
                },
                "package.json": {
                    "sha": "4e2695501e3da2a7123920927e08ff300bd558bb"
                }
            }
        }
    },
    "files": {
        ".editorconfig": {
            "sha": "09084781604b5dcda0c479d976554ae78e6f85f7"
        },
        ".gitignore": {
            "sha": "04e1031920440afb20f39664028152b7e1453c4a"
        },
        "CODE_OF_CONDUCT.md": {
            "sha": "c2b3dea1a6a66196cd3f406eeed6a90e2b8c68d0"
        },
        "Justfile": {
            "sha": "d614b64df91f5133fe21107d6ff0b08a0041ab1c"
        },
        "LICENSE": {
            "sha": "20f42bb52b2bdb5c1459433f119b4f2158852b92"
        },
        "README.md": {
            "sha": "533188f1fe25518b4030e2f65480edcab811e3a9"
        },
        "cookiecutter.yaml": {
            "sha": "7333a0b07f463c71f7e2b47e543591f075d5d8ce"
        }
    }
}