{
    "dirs": {
        "data": {
            "dirs": {
                "0_external": {
                    "dirs": {},
                    "files": {
                        "README.md": {
                            "sha": "c6b6018acfe53809afaa7a47b01e9279ca63e6be"
                        }
                    }
                },
                "0_raw": {
                    "dirs": {},
                    "files": {
                        "README.md": {
                            "sha": "60526cddd227241c042585d9165602dc03ac7ad8"
                        }
                    }
                },
                "1_interim": {
                    "dirs": {},
                    "files": {
                        "README.md": {
                            "sha": "08f6e52e434c67e1c5ffd7839446f6b3dc662b00"
                        }
                    }
                },
                "2_final": {
                    "dirs": {},
                    "files": {
                        "README.md": {
                            "sha": "2a775896e7bc232dcc09e8fc937505839e881eb9"
                        }
                    }
                }
            },
            "files": {
                ".gitignore": {
                    "sha": "7c9d611b59248fe868a3cf04d80ded04fee40d8e"
                }
            }
        },
        "docs": {
            "dirs": {
                "data_dictionaries": {
                    "dirs": {},
                    "files": {
                        "README.md": {
                            "sha": "b94398ce91b0838324a18382ad74b91288ddd872"
                        }
                    }
                },
                "references": {
                    "dirs": {},
                    "files": {
                        "README.md": {
                            "sha": "66efd87eee669cdde880d73171480067201e5d54"
                        }
                    }
                }
            },
            "files": {
                "_config.yml": {
                    "sha": "f980e760b6f0d3cceb7d08da4fdf373e6feeb9df"
                },
                "index.md": {
                    "sha": "d9d6892d8b3479c71723b656615e45b3e15cebc5"
                }
            }
        },
        "notebooks": {
            "dirs": {},
            "files": {
                "README.md": {
                    "sha": "ee0a544e8a9e8ca4e264eb0f989d580a0f305553"
                }
            }
        },
        "output": {
            "dirs": {
                "features": {
                    "dirs": {},
                    "files": {
                        "README.md": {
                            "sha": "c488a4086b07e7909e1fcabbac9f2db4339a7f80"
                        }
                    }
                },
                "models": {
                    "dirs": {},
                    "files": {
                        "README.md": {
                            "sha": "6fc10fde91b5d0b27cab56c3b6e3f6aa2e7e5881"
                        }
                    }
                },
                "reports": {
                    "dirs": {
                        "figures": {
                            "dirs": {},
                            "files": {
                                "README.md": {
                                    "sha": "68b62a30a9b41be8581950dd55d60c39d2a62501"
                                }
                            }
                        }
                    },
                    "files": {
                        "README.md": {
                            "sha": "e8dac4a793747ee40851e8af81b01b71b667328f"
                        }
                    }
                }
            },
            "files": {
                ".gitignore": {
                    "sha": "7c9d611b59248fe868a3cf04d80ded04fee40d8e"
                }
            }
        },
        "pipelines": {
            "dirs": {
                "tests": {
                    "dirs": {
                        "fixtures": {
                            "dirs": {},
                            "files": {
                                "input.json": {
                                    "sha": "e69de29bb2d1d6434b8b29ae775ad8c2e48c5391"
                                },
                                "output.json": {
                                    "sha": "e69de29bb2d1d6434b8b29ae775ad8c2e48c5391"
                                }
                            }
                        }
                    },
                    "files": {
                        "test_pipelines.py": {
                            "sha": "e69de29bb2d1d6434b8b29ae775ad8c2e48c5391"
                        }
                    }
                },
                "{{ cookiecutter.repo_name }}": {
                    "dirs": {},
                    "files": {
                        "__init__.py": {
                            "sha": "e69de29bb2d1d6434b8b29ae775ad8c2e48c5391"
                        },
                        "etl.py": {
                            "sha": "e69de29bb2d1d6434b8b29ae775ad8c2e48c5391"
                        },
                        "features.py": {
                            "sha": "e69de29bb2d1d6434b8b29ae775ad8c2e48c5391"
                        },
                        "train.py": {
                            "sha": "e69de29bb2d1d6434b8b29ae775ad8c2e48c5391"
                        },
                        "visualize.py": {
                            "sha": "e69de29bb2d1d6434b8b29ae775ad8c2e48c5391"
                        }
                    }
                }
            },
            "files": {
                "Pipfile": {
                    "sha": "da0a90fa92f4fc04be4d041f66c18bbd4b0d46f0"
                },
                "README.md": {
                    "sha": "731f8e7e570ce39cd2643b827e88df03c1e2d93e"
                },
                "pipelines.py": {
                    "sha": "e69de29bb2d1d6434b8b29ae775ad8c2e48c5391"
                }
            }
        },
        "serve": {
            "dirs": {
                "tests": {
                    "dirs": {
                        "fixtures": {
                            "dirs": {},
                            "files": {
                                "input.json": {
                                    "sha": "e69de29bb2d1d6434b8b29ae775ad8c2e48c5391"
                                },
                                "output.json": {
                                    "sha": "e69de29bb2d1d6434b8b29ae775ad8c2e48c5391"
                                }
                            }
                        }
                    },
                    "files": {
                        "test_app.py": {
                            "sha": "e69de29bb2d1d6434b8b29ae775ad8c2e48c5391"
                        }
                    }
                }
            },
            "files": {
                "Dockerfile": {
                    "sha": "17f86930f6610a5e5dab085a2d154c95ec6ca866"
                },
                "Pipfile": {
                    "sha": "9eb3ee15db0bc934c90fd822bbc5c55c2c684c75"
                },
                "README.md": {
                    "sha": "392f46430899b3e264a05167d022c5fa2480f567"
                },
                "app.py": {
                    "sha": "c28030a04dd4b1bd0020ed0907cb42c5a14f6205"
                }
            }
        }
    },
    "files": {
        ".gitignore": {
            "sha": "9be5c2735b8b4813e8eb3544821462e2ae8eb6fd"
        },
        "LICENSE": {
            "sha": "8b2e66a2290b6407cb691be733307a5dbe53b1e2"
        },
        "Pipfile": {
            "sha": "5fd1547b24993a05bd134afa2df517e6c614fb79"
        },
        "README.md": {
            "sha": "d9d6892d8b3479c71723b656615e45b3e15cebc5"
        }
    }
}