{
    "dirs": {
        ".husky": {
            "dirs": {},
            "files": {
                "pre-commit": {
                    "sha": "3de68c3260ca2fbc64d94b94e3a57ed87aaa1e61"
                }
            }
        },
        "apps": {
            "dirs": {
                "web": {
                    "dirs": {
                        "app": {
                            "dirs": {
                                "api": {
                                    "dirs": {
                                        "auth": {
                                            "dirs": {
                                                "google": {
                                                    "dirs": {
                                                        "callback": {
                                                            "dirs": {},
                                                            "files": {
                                                                "route.ts": {
                                                                    "sha": "55300a26c7b2270216aecdc60bb4aa9c88396af5"
                                                                }
                                                            }
                                                        }
                                                    },
                                                    "files": {}
                                                }
                                            },
                                            "files": {}
                                        }
                                    },
                                    "files": {}
                                },
                                "login": {
                                    "dirs": {},
                                    "files": {
                                        "page.tsx": {
                                            "sha": "93788d3c9ce146d95e2c187af7ea81d026bbd7e1"
                                        }
                                    }
                                },
                                "types": {
                                    "dirs": {},
                                    "files": {
                                        "user.ts": {
                                            "sha": "28de6064ecd5a0dcb50cae76ed23765198a85d4b"
                                        }
                                    }
                                }
                            },
                            "files": {
                                "layout.tsx": {
                                    "sha": "8b13f81e502c862514ded46094299bee96f62772"
                                },
                                "page.tsx": {
                                    "sha": "cdb62f522bee5ef6d2d74aee78ee7e560257c3ce"
                                }
                            }
                        },
                        "components": {
                            "dirs": {
                                "users": {
                                    "dirs": {},
                                    "files": {
                                        "login-form.tsx": {
                                            "sha": "df3b632a10123d9d78e759df7feadfc747504f70"
                                        }
                                    }
                                }
                            },
                            "files": {}
                        },
                        "lib": {
                            "dirs": {},
                            "files": {
                                "auth-helper.ts": {
                                    "sha": "3e5b88a9a963b4890302fe18a7c458c4472fb065"
                                }
                            }
                        },
                        "pages": {
                            "dirs": {
                                "api": {
                                    "dirs": {},
                                    "files": {
                                        "hello.ts": {
                                            "sha": "ea77e8f35b382235eb086e017e79f23ab5fb63ee"
                                        }
                                    }
                                }
                            },
                            "files": {
                                "_app.tsx": {
                                    "sha": "bfb68c365cac024cc14955784dae737ea48c43ff"
                                },
                                "_document.tsx": {
                                    "sha": "b2fff8b4262dde3178afed021bb634b1379cd125"
                                },
                                "index.tsx": {
                                    "sha": "a253b302066a368733fe041a630278dc51ab38db"
                                }
                            }
                        },
                        "services": {
                            "dirs": {},
                            "files": {
                                "api-base.ts": {
                                    "sha": "94e7c3ab3e3b0d1467b6f79abe47f862f5e65b31"
                                },
                                "auth-service.ts": {
                                    "sha": "e3374bad756b53295c0eabb1eb6dceb3f08ff991"
                                }
                            }
                        }
                    },
                    "files": {
                        ".env.example": {
                            "sha": "c0d6652113c57f1b75cf4aad86eaa925b6696723"
                        },
                        ".eslintrc.js": {
                            "sha": "c8df607506ccb33469c4a1bd896f561aa590cd0d"
                        },
                        ".gitignore": {
                            "sha": "1437c53f70bc211ec65739ec4a8c2a4db5874c73"
                        },
                        "README.md": {
                            "sha": "19ebbb3aa682d303ca6be9fe460a4925f8ff76aa"
                        },
                        "middleware.ts": {
                            "sha": "9736e67e2251a0432b85e36c84e8636359c0efee"
                        },
                        "next-env.d.ts": {
                            "sha": "4f11a03dc6cc37f2b5105c08f2e7b24c603ab2f4"
                        },
                        "next.config.js": {
                            "sha": "ce29f159eb925ebc0bc7020cd6cae603a8bc5dd4"
                        },
                        "package.json": {
                            "sha": "3dc263167fcd7f48a0523ecccee754b3c629d3a2"
                        },
                        "postcss.config.js": {
                            "sha": "5873f27273f2e5d06ba69c02356c8de4610c13f6"
                        },
                        "tailwind.config.js": {
                            "sha": "fa949aaca9ba266784723661f510c34a7339b1a4"
                        },
                        "tsconfig.json": {
                            "sha": "993fb7f25af5005ac9577ada8c6e5f99c4bad362"
                        }
                    }
                }
            },
            "files": {
                "README.md": {
                    "sha": "0d1b007a09944771511224a5a8fe1e58987aae71"
                }
            }
        },
        "backend": {
            "dirs": {
                "{{ cookiecutter.project_slug }}_project": {
                    "dirs": {
                        "config": {
                            "dirs": {
                                "settings": {
                                    "dirs": {},
                                    "files": {
                                        "__init__.py": {
                                            "sha": "e69de29bb2d1d6434b8b29ae775ad8c2e48c5391"
                                        },
                                        "base.py": {
                                            "sha": "698043988412c07780515d4c92e9f37fb471f1f1"
                                        },
                                        "local.py": {
                                            "sha": "f75077fa5ae45575ed7816e5b98f5b5bcd85eafa"
                                        },
                                        "production.py": {
                                            "sha": "460b99bf51a3ec328e21bdbc6962d95591d8755c"
                                        },
                                        "test.py": {
                                            "sha": "b8761378fb88a44a3398fe4025f870344636c554"
                                        }
                                    }
                                }
                            },
                            "files": {
                                "__init__.py": {
                                    "sha": "6d300d05aea99c621864bf278ac5981b7a65d8db"
                                },
                                "celery_app.py": {
                                    "sha": "14c8dd469a9c2d1c697775018bffba002a52b47f"
                                },
                                "urls.py": {
                                    "sha": "1960029643fec1722c99c4b7f5c25ae70fdc4f93"
                                }
                            }
                        },
                        "requirements": {
                            "dirs": {},
                            "files": {
                                "base.txt": {
                                    "sha": "da1f0ea7af7f81b3c13513e786896a76a4a8db5a"
                                },
                                "local.txt": {
                                    "sha": "debcae88602123204d3eecdd0ad86f8a966c5d70"
                                },
                                "production.txt": {
                                    "sha": "6907b7b640198f3fcbf0057640fd007a9b9789b8"
                                }
                            }
                        },
                        "{{cookiecutter.project_slug}}": {
                            "dirs": {
                                "core": {
                                    "dirs": {
                                        "db": {
                                            "dirs": {},
                                            "files": {
                                                "models.py": {
                                                    "sha": "2cf6e12342a81a3672402bff9050fdeee710dfab"
                                                }
                                            }
                                        }
                                    },
                                    "files": {
                                        "_init__.py": {
                                            "sha": "e69de29bb2d1d6434b8b29ae775ad8c2e48c5391"
                                        }
                                    }
                                },
                                "templates": {
                                    "dirs": {
                                        "admin": {
                                            "dirs": {},
                                            "files": {
                                                "base_site.html": {
                                                    "sha": "cd8145b5c15fc1b2f25b02fdec0497984426343c"
                                                }
                                            }
                                        },
                                        "users": {
                                            "dirs": {},
                                            "files": {
                                                "magic_link_email.html": {
                                                    "sha": "deaa9350f31b6e44926550d883423116c7442d04"
                                                }
                                            }
                                        }
                                    },
                                    "files": {}
                                },
                                "users": {
                                    "dirs": {
                                        "migrations": {
                                            "dirs": {},
                                            "files": {
                                                "__init__.py": {
                                                    "sha": "e69de29bb2d1d6434b8b29ae775ad8c2e48c5391"
                                                }
                                            }
                                        },
                                        "tests": {
                                            "dirs": {},
                                            "files": {
                                                "__init__.py": {
                                                    "sha": "e69de29bb2d1d6434b8b29ae775ad8c2e48c5391"
                                                },
                                                "test_models.py": {
                                                    "sha": "e69de29bb2d1d6434b8b29ae775ad8c2e48c5391"
                                                }
                                            }
                                        },
                                        "utils": {
                                            "dirs": {},
                                            "files": {
                                                "__init__.py": {
                                                    "sha": "e69de29bb2d1d6434b8b29ae775ad8c2e48c5391"
                                                },
                                                "auth_helper.py": {
                                                    "sha": "8dc452c68a2e473211e9bb6191fd323c594c3a6b"
                                                },
                                                "mail_helper.py": {
                                                    "sha": "8aeef080b3ee17aad236313bf3390f53141f1eb8"
                                                }
                                            }
                                        }
                                    },
                                    "files": {
                                        "__init__.py": {
                                            "sha": "e69de29bb2d1d6434b8b29ae775ad8c2e48c5391"
                                        },
                                        "admin.py": {
                                            "sha": "223827221da725402924ce13b5b4d3326db0cf05"
                                        },
                                        "apps.py": {
                                            "sha": "0e5960fd8a50d8aeaddd80158188f9ea503ee7f6"
                                        },
                                        "forms.py": {
                                            "sha": "bede31f1b7c29c08a5a86705ecab744dc8321f0e"
                                        },
                                        "managers.py": {
                                            "sha": "017ab14e71b58ac42c93393f27fda23e76207dc4"
                                        },
                                        "models.py": {
                                            "sha": "f17c9dd756e6fe88e46f52fa2f9106c49c153325"
                                        },
                                        "serializers.py": {
                                            "sha": "74ef326ccc773e95f64e95cd40c5a534c3a6888b"
                                        },
                                        "tasks.py": {
                                            "sha": "a337c2cf1f8a3c9e205e0baedf390fa4959a8844"
                                        },
                                        "urls.py": {
                                            "sha": "508199e0091ad445d2055a16647104293801bff3"
                                        },
                                        "views.py": {
                                            "sha": "476489081b36be21deb532ad3da3310a11cc3123"
                                        }
                                    }
                                },
                                "utils": {
                                    "dirs": {},
                                    "files": {
                                        "_init__.py": {
                                            "sha": "e69de29bb2d1d6434b8b29ae775ad8c2e48c5391"
                                        },
                                        "storages.py": {
                                            "sha": "bc9e506465d2d54299f5c8fecb7d099091996e85"
                                        }
                                    }
                                }
                            },
                            "files": {
                                "__init__.py": {
                                    "sha": "e69de29bb2d1d6434b8b29ae775ad8c2e48c5391"
                                },
                                "asgi.py": {
                                    "sha": "7a365f9780d29a72e5e1d9cccf3eb9daf64eb3c8"
                                },
                                "wsgi.py": {
                                    "sha": "89b7cb1c4232f0bf2d37b304dce78d61f0ba6ab3"
                                }
                            }
                        }
                    },
                    "files": {
                        ".env.example": {
                            "sha": "3549e498816e9b151611be08c10339314d18a2b4"
                        },
                        ".gitignore": {
                            "sha": "c1f993a54ba5d899a03083dffbe638c4191e773c"
                        },
                        "manage.py": {
                            "sha": "6326a7c063977f0a6e11a3cef6f0fcd124860f60"
                        },
                        "requirements.txt": {
                            "sha": "c1b500c2b4112795c84cd98d56e7de73a2da79fd"
                        }
                    }
                }
            },
            "files": {
                "README.md": {
                    "sha": "eaf1fe46273c1ac5446821bf48f70eb6eb26dcbd"
                }
            }
        },
        "packages": {
            "dirs": {
                "eslint-config-custom": {
                    "dirs": {},
                    "files": {
                        "index.js": {
                            "sha": "be29b4820a4c4b220a03813ba975816f7f938039"
                        },
                        "package.json": {
                            "sha": "17574f3c58edbfdb39982c3a075ae98b71f7a7e2"
                        }
                    }
                },
                "tsconfig": {
                    "dirs": {},
                    "files": {
                        "base.json": {
                            "sha": "d72a9f3a27835434aadbb1d173136c7384375630"
                        },
                        "nextjs.json": {
                            "sha": "7938e904dd1a3fc8b0a22daf4af74a12dfff2e62"
                        },
                        "package.json": {
                            "sha": "6efb83e14ce81b74221b0482c48e85a83e8e44e5"
                        },
                        "react-library.json": {
                            "sha": "36b62be3894dd7c2b7a1b3beb8b9659afdf4b4be"
                        }
                    }
                },
                "ui": {
                    "dirs": {
                        "components": {
                            "dirs": {
                                "ui": {
                                    "dirs": {},
                                    "files": {
                                        "alert.tsx": {
                                            "sha": "a81e32e43cdb761b523236227b2aaed166f59dde"
                                        },
                                        "button.tsx": {
                                            "sha": "ec48ad06dbcf8617326857b55d27ba1ef32097b4"
                                        },
                                        "card.tsx": {
                                            "sha": "89cf6057ed9a8dd5f31c12157009d3259ffa1f98"
                                        },
                                        "form.tsx": {
                                            "sha": "0b4ac363d9098e60a5769a343464bd2f0b049a80"
                                        },
                                        "input.tsx": {
                                            "sha": "561421c7f1ae23c7e23e8da9f8bdd4fc40f3bbc6"
                                        },
                                        "label.tsx": {
                                            "sha": "d99993854bbe1e14e9a4931543d7b670e3b3c736"
                                        }
                                    }
                                }
                            },
                            "files": {}
                        },
                        "lib": {
                            "dirs": {},
                            "files": {
                                "utils.ts": {
                                    "sha": "ec79801fe9cdd7711f6dbef26678a134c634a8be"
                                }
                            }
                        },
                        "scripts": {
                            "dirs": {},
                            "files": {
                                "postinstall.mjs": {
                                    "sha": "6a322fb85ebf5be36843be22179094440f38719d"
                                }
                            }
                        },
                        "styles": {
                            "dirs": {},
                            "files": {
                                "globals.css": {
                                    "sha": "39f0590defb67e9ce9a21957890534bf46895e1f"
                                }
                            }
                        }
                    },
                    "files": {
                        "components.json": {
                            "sha": "045eacc013798b1018cecf1d567afa07712bf3bf"
                        },
                        "index.tsx": {
                            "sha": "ee2d8f68ffe4d94ea7e5ae9883060465275a6e83"
                        },
                        "package.json": {
                            "sha": "dab4d657f41a54d1afc60f7fbc4e4ea8ace18de4"
                        },
                        "postcss.config.js": {
                            "sha": "12a703d900da8159c30e75acbd2c4d87ae177f62"
                        },
                        "tailwind.config.js": {
                            "sha": "dbebc37e35d30a78168934661472c95a71cc9ae5"
                        },
                        "tsconfig.json": {
                            "sha": "cf78588e3fa90504e1d86f51179e4b78aee5f7c5"
                        }
                    }
                }
            },
            "files": {}
        }
    },
    "files": {
        ".editorconfig": {
            "sha": "fd16724be0c42299c7fdf23c4e9075657100d755"
        },
        ".eslintrc.js": {
            "sha": "a2845bfa8878b8f1af3d34489266dd734dd4bb13"
        },
        ".npmrc": {
            "sha": "97c3c12c5c8b3d019309ecac56665d8b76a0548e"
        },
        ".pre-commit-config.yaml": {
            "sha": "85836316a07f16fb14f6cd01dcb1742075fcf8c9"
        },
        ".prettierignore": {
            "sha": "1ab90648912dcd73d5f100631c3b52fffedc1b6d"
        },
        ".prettierrc": {
            "sha": "11bbe7fcfe42912b5fbdef3da52b0846531c291e"
        },
        "LICENSE": {
            "sha": "a372689289d5d58e954eb63fa6be633d37867692"
        },
        "README.md": {
            "sha": "0fce034050705e8d8ea80a26978c09b6e6876283"
        },
        "package.json": {
            "sha": "860b6ecf134bae43ca24f9063753d6da00dfa507"
        },
        "pnpm-workspace.yaml": {
            "sha": "55749ba5f3041fab55221f3b23234480178ed483"
        },
        "pyproject.toml": {
            "sha": "f477a67a32c49212fda076e50b97daf4da3fe739"
        },
        "runtime.txt": {
            "sha": "3124d55e9821701ba685d2c18700339e5696b17e"
        },
        "setup.cfg": {
            "sha": "a9d9dab10578981f1fed0e299b16292356c065e2"
        },
        "turbo.json": {
            "sha": "146b4cd809a03d217dc7d2b2befad7d6d0cb4d2c"
        }
    }
}