{
    "dirs": {
        "scripts": {
            "dirs": {
                "docker": {
                    "dirs": {},
                    "files": {
                        "entrypoint": {
                            "sha": "9fd146694d4a4ec22e0b6b050543bdad06ed79db"
                        },
                        "start-celeryworker": {
                            "sha": "82a31ef23fb6ed98c2f941e57dafacf59e7bdb89"
                        },
                        "start-django": {
                            "sha": "345fdaf33ca74c6924238a4dd15c78dad2fda93a"
                        }
                    }
                }
            },
            "files": {
                "deploy": {
                    "sha": "812774c22bf9a5a6aefcea1d0ec53268657265ec"
                },
                "manage": {
                    "sha": "9c3699c54df856962cbfa8096155ccd2ccd018a2"
                },
                "runtests": {
                    "sha": "210be552978a9a621f6c11f6f252b9b143a3df4e"
                },
                "yarn": {
                    "sha": "e3c5e66fa60965d8a4c02f083f30409522abd531"
                }
            }
        },
        "static": {
            "dirs": {
                "src": {
                    "dirs": {
                        "css": {
                            "dirs": {},
                            "files": {
                                "app.css": {
                                    "sha": "d44dfdd362134ac02a907589ff4ecae82c1ab11c"
                                }
                            }
                        },
                        "js": {
                            "dirs": {
                                "controllers": {
                                    "dirs": {},
                                    "files": {
                                        "confirm-controller.js": {
                                            "sha": "e0ca7102c57ba5c461b0233db7af55f15364e08f"
                                        },
                                        "link-controller.js": {
                                            "sha": "0efbc50d33190f69bdd9c883a627ed45ae5841c2"
                                        },
                                        "toast-controller.js": {
                                            "sha": "072b39525e18c4a0462efb73617f672e44d8f830"
                                        },
                                        "toggle-controller.js": {
                                            "sha": "73d4348aefaf819896267e473a0013c01879ded7"
                                        }
                                    }
                                }
                            },
                            "files": {
                                "app.js": {
                                    "sha": "f898566e110fd2cf35c583a53cf974fc89be954c"
                                },
                                "turbo.js": {
                                    "sha": "0fd3ef4526ad012ec4f1a5d4d15e240b1481cc43"
                                }
                            }
                        }
                    },
                    "files": {}
                }
            },
            "files": {
                "apple-touch-icon.png": {
                    "sha": "b6e7e2b252bb1782f6c9297ec70c1aa71b5ed9f4"
                },
                "favicon.png": {
                    "sha": "b6e7e2b252bb1782f6c9297ec70c1aa71b5ed9f4"
                }
            }
        },
        "templates": {
            "dirs": {
                "account": {
                    "dirs": {},
                    "files": {
                        "base.html": {
                            "sha": "99ed2a9d82aa7894749bd8535fed582327f8abc3"
                        },
                        "login.html": {
                            "sha": "bb11f82804510db275870530e884dd3c7e6a0a59"
                        },
                        "signup.html": {
                            "sha": "a36542b1ec92d6c0f84ad1ec0be75f35de055d57"
                        }
                    }
                }
            },
            "files": {
                "400.html": {
                    "sha": "876b598d5f1df8c52acec9fe38665fd6fce1f14a"
                },
                "403.html": {
                    "sha": "1a4516cfbbfd0dbe9d623ea251990b85cc10e873"
                },
                "403_csrf.html": {
                    "sha": "3b4876320a673341f62ec0efd1ab694114d78852"
                },
                "404.html": {
                    "sha": "5447fb892eb7e26fbb6582445a80a683bc23a20e"
                },
                "405.html": {
                    "sha": "162a63e4a33e003baaea34bb760544cde4971e01"
                },
                "500.html": {
                    "sha": "537aa264fc70f306d99d9a426211fcacc4d8b385"
                },
                "_cookie_notice.html": {
                    "sha": "2a6e6f045252518eb4f30bd0c19a62bb4bdeb8e4"
                },
                "_footer.html": {
                    "sha": "bad657f6e2e8b1d12fe1904e57f327d6537a3bb6"
                },
                "_form_errors.html": {
                    "sha": "74049771dc0c01c5a8ec184b4ba7f9cd006a87b3"
                },
                "_google_tracking.html": {
                    "sha": "217cea67723197c04255adaa46a8f6cc262b4191"
                },
                "_messages.html": {
                    "sha": "743aa4e96f934b3aa95ac45080afe37a8ffc0be4"
                },
                "_pagination.html": {
                    "sha": "fdda295133a4a221489479d831df7a0a5d3d4886"
                },
                "_static.html": {
                    "sha": "dd6ef74e95fca0ea06e208ef0acba050711b9d7a"
                },
                "base.html": {
                    "sha": "b9b9ffc53b947bde76a5b727d3b732e880bb33d7"
                },
                "error_base.html": {
                    "sha": "f4ad5b4f272f9c9b0da8de19c62f160d6b70ab30"
                },
                "index.html": {
                    "sha": "b442ed079eed941bd39b504b8d87f2518b4c6fe9"
                }
            }
        },
        "{{cookiecutter.project_slug}}": {
            "dirs": {
                "config": {
                    "dirs": {
                        "settings": {
                            "dirs": {
                                "mixins": {
                                    "dirs": {},
                                    "files": {
                                        "__init__.py": {
                                            "sha": "e69de29bb2d1d6434b8b29ae775ad8c2e48c5391"
                                        },
                                        "aws.py": {
                                            "sha": "3dc229283b4b8174ce0f4172482518d8c8d765b0"
                                        },
                                        "mailgun.py": {
                                            "sha": "621b9206e6f0d4ed00f611fa136a83947636554e"
                                        },
                                        "secure.py": {
                                            "sha": "fad7d2e4f29ba5682bf2b0dbdd5e3a8afe2b9401"
                                        },
                                        "sentry.py": {
                                            "sha": "96d9740608c6e7de182e083a22efa276d01c9cff"
                                        }
                                    }
                                }
                            },
                            "files": {
                                "__init__.py": {
                                    "sha": "e69de29bb2d1d6434b8b29ae775ad8c2e48c5391"
                                },
                                "base.py": {
                                    "sha": "c98ca727ae24bded33fb9fb6f70d6b51656ff440"
                                },
                                "deploy.py": {
                                    "sha": "741ed6b51430fd4d66b4a81328889f6e3a5fd3f3"
                                },
                                "local.py": {
                                    "sha": "8345769f69a749fea966d7246363c331becc0360"
                                },
                                "production.py": {
                                    "sha": "0b867a1f5f55babb6a929a6a3bb078223bf6575f"
                                },
                                "test.py": {
                                    "sha": "4ec3f6703878b380d74311318aca0af55867a6b0"
                                }
                            }
                        }
                    },
                    "files": {
                        "__init__.py": {
                            "sha": "e69de29bb2d1d6434b8b29ae775ad8c2e48c5391"
                        },
                        "asgi.py": {
                            "sha": "7fb197058ae62255e2d82c4aa7cf963abadaecdd"
                        },
                        "celery_app.py": {
                            "sha": "3181e57ac0581b12077870a3655e2045b718a713"
                        },
                        "storages.py": {
                            "sha": "f649f6d524a3a9cdbc89067cf4e912b28b8d9b21"
                        },
                        "urls.py": {
                            "sha": "acd4210da31360e224e90211c18893720a508fc2"
                        }
                    }
                },
                "pagination": {
                    "dirs": {
                        "tests": {
                            "dirs": {},
                            "files": {
                                "__init__.py": {
                                    "sha": "e69de29bb2d1d6434b8b29ae775ad8c2e48c5391"
                                },
                                "test_templatetags.py": {
                                    "sha": "22718cf5f20f6cc57736e6a8f9c2ee1a522be0d2"
                                }
                            }
                        }
                    },
                    "files": {
                        "__init__.py": {
                            "sha": "2684db4fc96a93beb6b3b058b0e2dff7ee3312f3"
                        },
                        "templatetags.py": {
                            "sha": "8bbad9b7658afaf0914de585d9dc0265dbf51aef"
                        }
                    }
                },
                "template": {
                    "dirs": {},
                    "files": {
                        "context_processors.py": {
                            "sha": "c21e603aea77904c113a5b319583dc4a9acfccc5"
                        },
                        "templatetags.py": {
                            "sha": "9187edc2e099955e9f54356e4a64c16a94bf517d"
                        }
                    }
                },
                "users": {
                    "dirs": {
                        "tests": {
                            "dirs": {},
                            "files": {
                                "__init__.py": {
                                    "sha": "e69de29bb2d1d6434b8b29ae775ad8c2e48c5391"
                                },
                                "test_models.py": {
                                    "sha": "51d876f1870edb10bd6a065c8613ceade52b26cb"
                                },
                                "test_views.py": {
                                    "sha": "c93af21b1bdfbfcf821a5a79a74c008786fa41b9"
                                }
                            }
                        }
                    },
                    "files": {
                        "__init__.py": {
                            "sha": "e69de29bb2d1d6434b8b29ae775ad8c2e48c5391"
                        },
                        "adapters.py": {
                            "sha": "8364ad78cd3b1f1d9347bce1c36b1f18cfbac06c"
                        },
                        "admin.py": {
                            "sha": "8c36d6582c8c7c3f7480ce8915d8ef7be55213ac"
                        },
                        "apps.py": {
                            "sha": "7d2039f8a31f723528b50cc5f8ea484c2acda8fb"
                        },
                        "factories.py": {
                            "sha": "008957c74bcc87af76709b569e8c15a1158f42c3"
                        },
                        "forms.py": {
                            "sha": "a6bbbd3d77d2b594f31503659dbdbb541f374d88"
                        },
                        "models.py": {
                            "sha": "f8f58e7f5cf63325b04bb8034e24507983abfefd"
                        },
                        "utils.py": {
                            "sha": "9d41cb3cab161a28db00f8cbf99dc694fecb930d"
                        },
                        "views.py": {
                            "sha": "88314adcf1b9b2f1295eacaf8080d5104e40e644"
                        }
                    }
                }
            },
            "files": {
                "__init__.py": {
                    "sha": "74010674d344c6278750a370620558f1c74b9bc8"
                },
                "conftest.py": {
                    "sha": "c0ad005316a564f89705e1a8f18f5ee783cfe7c4"
                },
                "shortcuts.py": {
                    "sha": "3449b8933516f2006d7b831c01fb4e2f6c793d1c"
                }
            }
        }
    },
    "files": {
        ".dockerignore": {
            "sha": "20ef46c2ac2b432b0b64dac2cc0a3792e9756400"
        },
        ".editorconfig": {
            "sha": "f35fbf307051642e405623cff6e4fa38e22528dc"
        },
        ".eslintrc.json": {
            "sha": "770a459f4f9336efaef18e4e6e482c335da99d85"
        },
        ".gitignore": {
            "sha": "f34d4e1b3b8b5640521c8d57c683aa2cce59d93f"
        },
        ".pre-commit-config.yaml": {
            "sha": "cb8e06ebd5ab1ebf781aacbe20c161e36124cefc"
        },
        ".prettierrc": {
            "sha": "e1b7bb1bf92ca230cfdfa8f0d96f899bf37aa71a"
        },
        "Procfile": {
            "sha": "701ac07dc9e78788ba81ba1a7a03023082dfa632"
        },
        "README.md": {
            "sha": "e69de29bb2d1d6434b8b29ae775ad8c2e48c5391"
        },
        "assets.dockerfile": {
            "sha": "77948873a2ff24350b6cfac30a5f834d61e4289e"
        },
        "django.dockerfile": {
            "sha": "799490449edb5ba3de6f2989e62de9f5332c3615"
        },
        "docker-compose.yml": {
            "sha": "9d85efc8d708495498830c719aacfcbc31561a9b"
        },
        "manage.py": {
            "sha": "4050606dc8d69e718ab1648c9824d6c49b3ffd45"
        },
        "package.json": {
            "sha": "793e0461caf2f0d9e6bee52d46ff9f362d18d79a"
        },
        "postcss.config.js": {
            "sha": "f65ad87743d7861962505444e33ce3936ffdc979"
        },
        "requirements.in": {
            "sha": "271352063afac2912fee133f7a73dedf62cc7a32"
        },
        "requirements.txt": {
            "sha": "364b4fafbe493aa6639cd52f8d3372f96b04d7f4"
        },
        "runtime.txt": {
            "sha": "1a18179443bd03ff30bbe9f2a2a8e92d1c610f89"
        },
        "setup.cfg": {
            "sha": "20c7ec2270e44c98de5acd673203d4247dfe5df6"
        },
        "tailwind.config.js": {
            "sha": "daa592fda1e67750af18464b78858e804a7335ea"
        }
    }
}