{
    "dirs": {
        "deploy": {
            "dirs": {
                "nginx": {
                    "dirs": {
                        "conf.d": {
                            "dirs": {},
                            "files": {
                                "django_static.conf": {
                                    "sha": "7b326297fb178e2c407a3d8c4b73a099af8d631c"
                                }
                            }
                        }
                    },
                    "files": {}
                }
            },
            "files": {
                "wsgi.py": {
                    "sha": "5c2864788cbda14d999dbb7d6f5792d3e3100034"
                }
            }
        },
        "docker": {
            "dirs": {
                "django": {
                    "dirs": {},
                    "files": {
                        "Dockerfile": {
                            "sha": "4596832cf547e794738f6d4912caa2cf93e39c6a"
                        },
                        "entrypoint": {
                            "sha": "38b000b2aceb7463ce6352ce624c2512482b9b6f"
                        },
                        "start_dev": {
                            "sha": "1bb68c40916a557f33734969c24501c4c8fc1bea"
                        },
                        "start_production": {
                            "sha": "3ac2b9acbf79225a659335755752b38d887c6fe8"
                        }
                    }
                },
                "node": {
                    "dirs": {},
                    "files": {
                        "Dockerfile": {
                            "sha": "f9976e206596605be75bd6b78a32d695736e2dcd"
                        }
                    }
                }
            },
            "files": {}
        },
        "githooks": {
            "dirs": {},
            "files": {
                "pre-commit": {
                    "sha": "14434730ce29ad47187580f2ba28208cdb83be6a"
                }
            }
        },
        "requirements": {
            "dirs": {},
            "files": {
                "base.txt": {
                    "sha": "3bd5c54b3cfa9ff58b08c928e4cd2fb8708d05a7"
                },
                "dev.txt": {
                    "sha": "0131870ba715d5fbb21e78592e33a14066c88421"
                },
                "production.txt": {
                    "sha": "083099f10bd29362090ec5fb4aff489e02c60e6c"
                }
            }
        },
        "{{cookiecutter.project_slug}}": {
            "dirs": {
                "apps": {
                    "dirs": {
                        "main": {
                            "dirs": {
                                "migrations": {
                                    "dirs": {},
                                    "files": {
                                        "__init__.py": {
                                            "sha": "e69de29bb2d1d6434b8b29ae775ad8c2e48c5391"
                                        }
                                    }
                                }
                            },
                            "files": {
                                "__init__.py": {
                                    "sha": "e69de29bb2d1d6434b8b29ae775ad8c2e48c5391"
                                },
                                "admin.py": {
                                    "sha": "8c38f3f3dad51e4585f3984282c2a4bec5349c1e"
                                },
                                "apps.py": {
                                    "sha": "833bff671ade712d855d40ff4a8740f568c1a86d"
                                },
                                "models.py": {
                                    "sha": "71a836239075aa6e6e4ecb700e9c42c95c022d91"
                                },
                                "tests.py": {
                                    "sha": "7ce503c2dd97ba78597f6ff6e4393132753573f6"
                                },
                                "views.py": {
                                    "sha": "91ea44a218fbd2f408430959283f0419c921093e"
                                }
                            }
                        },
                        "user": {
                            "dirs": {
                                "migrations": {
                                    "dirs": {},
                                    "files": {
                                        "__init__.py": {
                                            "sha": "e69de29bb2d1d6434b8b29ae775ad8c2e48c5391"
                                        }
                                    }
                                }
                            },
                            "files": {
                                "__init__.py": {
                                    "sha": "e69de29bb2d1d6434b8b29ae775ad8c2e48c5391"
                                },
                                "admin.py": {
                                    "sha": "8c38f3f3dad51e4585f3984282c2a4bec5349c1e"
                                },
                                "apps.py": {
                                    "sha": "35048d480989f09dff08ce27e3590ee9fb716481"
                                },
                                "models.py": {
                                    "sha": "71a836239075aa6e6e4ecb700e9c42c95c022d91"
                                },
                                "tests.py": {
                                    "sha": "7ce503c2dd97ba78597f6ff6e4393132753573f6"
                                },
                                "views.py": {
                                    "sha": "91ea44a218fbd2f408430959283f0419c921093e"
                                }
                            }
                        }
                    },
                    "files": {
                        "__init__.py": {
                            "sha": "e69de29bb2d1d6434b8b29ae775ad8c2e48c5391"
                        }
                    }
                },
                "settings": {
                    "dirs": {},
                    "files": {
                        "__init__.py": {
                            "sha": "931907e8dba2b9b870605189e4a8f5f48506f045"
                        },
                        "base.py": {
                            "sha": "7929a4f8534d6027296fd53ae9d52c68ad75abcc"
                        },
                        "dev.py": {
                            "sha": "4cb9bd7e7a2f9bc7e55679899aa2ef2f2fd65b30"
                        },
                        "production.py": {
                            "sha": "d85e5d860554c30b2caedbd425dfb0d79262ee6b"
                        }
                    }
                },
                "src": {
                    "dirs": {
                        "css": {
                            "dirs": {},
                            "files": {
                                "main.pcss": {
                                    "sha": "7f393742af264b3fb6b519a019e576aca39dd8d7"
                                },
                                "tailwind.config.js": {
                                    "sha": "22f7a0c9bdcd479c202185fb2492eb46c472a079"
                                }
                            }
                        },
                        "js": {
                            "dirs": {},
                            "files": {
                                "main.js": {
                                    "sha": "e69de29bb2d1d6434b8b29ae775ad8c2e48c5391"
                                }
                            }
                        }
                    },
                    "files": {}
                },
                "static": {
                    "dirs": {
                        "images": {
                            "dirs": {},
                            "files": {
                                "logo.svg": {
                                    "sha": "9f76a2a51d8af1b6d0a171edc63412147311867d"
                                }
                            }
                        }
                    },
                    "files": {}
                },
                "templates": {
                    "dirs": {
                        "includes": {
                            "dirs": {},
                            "files": {
                                "footer.html": {
                                    "sha": "6b6babf67635e8bf818db1fd93c6629d3afd5046"
                                },
                                "header.html": {
                                    "sha": "07af19f9b84beb3782f34591644f5abd1328ab89"
                                }
                            }
                        }
                    },
                    "files": {
                        "base.html": {
                            "sha": "eff3999bf34586cda2a87b5977fd4493958c9370"
                        },
                        "index.html": {
                            "sha": "1cd96a2062815affa465f8fba68e24f10addbe74"
                        }
                    }
                },
                "utils": {
                    "dirs": {},
                    "files": {
                        "storage.py": {
                            "sha": "91b8323d5b76749bee4f55565ce3ccc8d34bef78"
                        }
                    }
                }
            },
            "files": {
                "__init__.py": {
                    "sha": "e69de29bb2d1d6434b8b29ae775ad8c2e48c5391"
                },
                "context_processors.py": {
                    "sha": "5b6db38a1722122493699be8de52419ff24a2b3e"
                },
                "urls.py": {
                    "sha": "3e7efee3b0177eb5305b0968ead203ca89caebec"
                }
            }
        }
    },
    "files": {
        ".env.template": {
            "sha": "db96a7f1c2f7befb014944ecf050505a42f2ddc4"
        },
        ".gitignore": {
            "sha": "5ad54e80a63727c6c7ace3102db26824dbecfd31"
        },
        "README.md": {
            "sha": "a01fd4a17fa837601db0bdcaa3d7f96bbcce7615"
        },
        "docker-compose.override.yml": {
            "sha": "887f9f5e10d670b418ed2c6df9a12a83ff9d513b"
        },
        "docker-compose.production.yml": {
            "sha": "5e500c154d689f3df38ae6b6348d41fd21502293"
        },
        "docker-compose.yml": {
            "sha": "d33b5144bf3015e6b982c17f3a9ca644f6cb554c"
        },
        "manage.py": {
            "sha": "2736456b52d8e5d8968e8ac9189490f1ec8513fc"
        },
        "package.json": {
            "sha": "e170505fe41bdeccb5553c6b9ef640e72ab0cbe8"
        },
        "postcss.config.js": {
            "sha": "bb4b8ecefc9315856e5fb1bbefc66a2783f06fbf"
        },
        "webpack.common.js": {
            "sha": "0e4c83dd5af99392834f4c5f0f8900ab2ee1c46c"
        },
        "webpack.dev.js": {
            "sha": "19f687e0b1c52b24f23f2cfae4b8fed3af157744"
        },
        "webpack.prod.js": {
            "sha": "f5122dc4dd5f2b27dead05d1b7221ef7a4df392e"
        }
    }
}