{
    "dirs": {
        ".config": {
            "dirs": {},
            "files": {
                "profiles.yml": {
                    "sha": "ed374e4ff9dd7b907623ad7771089c3424055b2b"
                },
                "user_profiles.yml": {
                    "sha": "6404bfb8610bb5adee4d4f275bd3d923ea25937e"
                }
            }
        },
        ".github": {
            "dirs": {
                "workflows": {
                    "dirs": {},
                    "files": {
                        "main.yml": {
                            "sha": "64e6a7d726112540b3f2454bb787f7c89582cb7f"
                        },
                        "test.yml": {
                            "sha": "dc25e2642bb432a3395a0c306533e1bfa825143d"
                        }
                    }
                }
            },
            "files": {}
        },
        "analysis": {
            "dirs": {},
            "files": {
                ".gitkeep": {
                    "sha": "e69de29bb2d1d6434b8b29ae775ad8c2e48c5391"
                }
            }
        },
        "data": {
            "dirs": {},
            "files": {
                ".gitkeep": {
                    "sha": "e69de29bb2d1d6434b8b29ae775ad8c2e48c5391"
                }
            }
        },
        "macros": {
            "dirs": {},
            "files": {
                ".gitkeep": {
                    "sha": "e69de29bb2d1d6434b8b29ae775ad8c2e48c5391"
                }
            }
        },
        "models": {
            "dirs": {},
            "files": {
                ".gitkeep": {
                    "sha": "e69de29bb2d1d6434b8b29ae775ad8c2e48c5391"
                }
            }
        },
        "snapshots": {
            "dirs": {},
            "files": {
                ".gitkeep": {
                    "sha": "e69de29bb2d1d6434b8b29ae775ad8c2e48c5391"
                }
            }
        },
        "tests": {
            "dirs": {},
            "files": {
                ".gitkeep": {
                    "sha": "e69de29bb2d1d6434b8b29ae775ad8c2e48c5391"
                }
            }
        }
    },
    "files": {
        ".dbt_coves.yml": {
            "sha": "fabde34288a00ee2da0b2a45f327335a58e469c6"
        },
        ".gitignore": {
            "sha": "cc9c19371da3df81f3bc33bc24235a51fd766c17"
        },
        ".gitlab-ci.yml": {
            "sha": "b1970de53741fb9290f4322cac392cdacc3b7ea5"
        },
        ".pre-commit-config.yaml": {
            "sha": "a2a7dfbd97515397e33200625bc847cd492342f3"
        },
        ".sqlfluff": {
            "sha": "c082abeab3188be2282c81d2b585977489d83dda"
        },
        ".sqlfluffignore": {
            "sha": "e89cfe0e2eb77b2fd958f3ec5f8f5c7eb7207785"
        },
        "dbt_project.yml": {
            "sha": "e0e482278cb0ef267d2e41a4e995ac88e0bd554c"
        },
        "packages.yml": {
            "sha": "a33c0c84fb6b39e611697ef31f28c9139a3422ec"
        }
    }
}