{
    "dirs": {
        "docs": {
            "dirs": {},
            "files": {
                ".gitkeep": {
                    "sha": "e69de29bb2d1d6434b8b29ae775ad8c2e48c5391"
                }
            }
        },
        "requirements": {
            "dirs": {},
            "files": {
                "base.in": {
                    "sha": "6fb036c4ca7a99ac2a2cd859d6d09b0baf7efcca"
                },
                "base.txt": {
                    "sha": "7fc53ca9a97d84ac3440bfebcb8a00382582cfb4"
                },
                "dev.in": {
                    "sha": "312e9780c3983fb8d986dc1312275228e95c242b"
                },
                "dev.txt": {
                    "sha": "5dcd0d4eab6890a7ce5434d79d1eb0424447154d"
                },
                "production.in": {
                    "sha": "80fc6959843ef8f25bd84156bf306459f674ccb9"
                },
                "production.txt": {
                    "sha": "256d265ffccfa3825c984c17ca4c95fa9ab0a9b1"
                },
                "test.in": {
                    "sha": "d86559a4a46a37a5eb0df3de4536edc92d96cfd1"
                },
                "test.txt": {
                    "sha": "b7a3526b4a8a1e729114330d4474dc02f5843a45"
                }
            }
        },
        "scripts": {
            "dirs": {
                "rpm": {
                    "dirs": {},
                    "files": {
                        ".gitkeep": {
                            "sha": "e69de29bb2d1d6434b8b29ae775ad8c2e48c5391"
                        }
                    }
                }
            },
            "files": {}
        },
        "tests": {
            "dirs": {},
            "files": {
                ".gitkeep": {
                    "sha": "e69de29bb2d1d6434b8b29ae775ad8c2e48c5391"
                }
            }
        },
        "{{cookiecutter.project_slug}}": {
            "dirs": {
                "common": {
                    "dirs": {},
                    "files": {
                        "__init__.py": {
                            "sha": "26767465c684d1f65bb2fddb8d2769c0c082cd89"
                        },
                        "rest.py": {
                            "sha": "6e41cf03e415aa13c43cef0de3ecaf5a361575e2"
                        }
                    }
                },
                "handlers": {
                    "dirs": {},
                    "files": {
                        "__init__.py": {
                            "sha": "bf6635685ec1be310d48cd3f4a6c54850be5f57b"
                        },
                        "base.py": {
                            "sha": "c4db7017656a83a6e38a12eaeb388cf3cdd1da0c"
                        },
                        "restful_example.py": {
                            "sha": "dfd4d3086793367900a09ac0ff9a5aa7582a180b"
                        }
                    }
                },
                "static": {
                    "dirs": {
                        "css": {
                            "dirs": {},
                            "files": {
                                ".gitkeep": {
                                    "sha": "e69de29bb2d1d6434b8b29ae775ad8c2e48c5391"
                                }
                            }
                        },
                        "fonts": {
                            "dirs": {},
                            "files": {
                                ".gitkeep": {
                                    "sha": "e69de29bb2d1d6434b8b29ae775ad8c2e48c5391"
                                }
                            }
                        },
                        "images": {
                            "dirs": {},
                            "files": {
                                ".gitkeep": {
                                    "sha": "e69de29bb2d1d6434b8b29ae775ad8c2e48c5391"
                                }
                            }
                        },
                        "sass": {
                            "dirs": {},
                            "files": {
                                ".gitkeep": {
                                    "sha": "e69de29bb2d1d6434b8b29ae775ad8c2e48c5391"
                                }
                            }
                        }
                    },
                    "files": {}
                },
                "templates": {
                    "dirs": {},
                    "files": {
                        "404.html": {
                            "sha": "f1b1cb3af5394d8d49de87c57fa833c5b24a6315"
                        },
                        "500.html": {
                            "sha": "1b79f38e25b24dcac0318f3371793a6ec204a71b"
                        },
                        "base.html": {
                            "sha": "20eafbc034aef9cec1b3d1b0dcfb0e4dc0676c5f"
                        },
                        "index.html": {
                            "sha": "c99d0332a5fdd162457a914b7ec2e3840d5106ef"
                        }
                    }
                },
                "utils": {
                    "dirs": {},
                    "files": {
                        "__init__.py": {
                            "sha": "bf6635685ec1be310d48cd3f4a6c54850be5f57b"
                        }
                    }
                }
            },
            "files": {
                "__init__.py": {
                    "sha": "8d65860d3802b53f4648addaa19b397b04d75938"
                },
                "run.py": {
                    "sha": "64a5b6a292a966afdb499478c0e502775268a895"
                },
                "settings.py": {
                    "sha": "87ddef2fd0653d3387d6ebc42d62f412b70195ea"
                },
                "urls.py": {
                    "sha": "6d8dd405103527aecd61f8df963f3ea85468d34e"
                }
            }
        }
    },
    "files": {
        ".coveragerc": {
            "sha": "9c8909fb92f6004615c4ac48466bb8e0c6e66426"
        },
        ".dockerignore": {
            "sha": "e63c0c1844fda5ac3ba4a5c4d34d222908d62d33"
        },
        ".editorconfig": {
            "sha": "86c72640976e3ea776856dbf04666c0073a4d7bc"
        },
        ".gitattributes": {
            "sha": "176a458f94e0ea5272ce67c36bf30b6be9caf623"
        },
        ".gitignore": {
            "sha": "818cccd5a0394a0b4581797210dd9c89701e5e2e"
        },
        ".pylintrc": {
            "sha": "e9d230342ef12105e6829c1a523264fec7acb5dd"
        },
        "LICENSE": {
            "sha": "3a6c7e13af1819dcbf6f2ea3383c7814bb369220"
        },
        "Makefile": {
            "sha": "3716565ea466ad9737bdaf02a1ffd987c3b092ea"
        },
        "README.md": {
            "sha": "a8b1caf092fc8bbda8800e80daa011bf772e81c5"
        },
        "pytest.ini": {
            "sha": "0cb5a09efe662682814ee61df63a7d014f8fcc1e"
        },
        "requirements.txt": {
            "sha": "6605714a27e3d4a328938f323f5dce6e53dcd9ca"
        }
    }
}