{
    "dirs": {
        ".circleci": {
            "dirs": {},
            "files": {
                "config.yml": {
                    "sha": "1c176536d16ad641c8d3ad9daedbf8152db3a397"
                }
            }
        },
        ".github": {
            "dirs": {},
            "files": {
                "ISSUE_TEMPLATE.md": {
                    "sha": "90e24c8ac681ce6e7a77bfbe25000568777e002e"
                }
            }
        },
        "benchmark": {
            "dirs": {},
            "files": {
                "CMakeLists.txt": {
                    "sha": "52e5acf28674d53493d6a125f35cc65e839dd510"
                },
                "benchmark_{{cookiecutter.cmake_project_name}}.cpp": {
                    "sha": "89eb94e239d0bef146de3ee2f51f6cbb27ab4e5c"
                },
                "copyGBenchmark.cmake.in": {
                    "sha": "ea69b029046b099472e9ee70f1f237eb6aefdfc0"
                },
                "downloadGBenchmark.cmake.in": {
                    "sha": "740e18f6251261d1871394d51a1238d2ea2a6ee4"
                },
                "main.cpp": {
                    "sha": "5d598364cdf615cfb62de74c830e2e62ffa36c03"
                }
            }
        },
        "binder": {
            "dirs": {},
            "files": {
                "Dockerfile": {
                    "sha": "c628e9017a90049db155deeb24310b0cdedea9be"
                }
            }
        },
        "cmake": {
            "dirs": {
                "modules": {
                    "dirs": {},
                    "files": {
                        "FindDOCTEST.cmake": {
                            "sha": "228d27c36cba89ea0dfb9f6068d745e6e7988a60"
                        },
                        "FindNUMPY.cmake": {
                            "sha": "a5f9d6cb77916c2f4d107a3d734b76fd97811eab"
                        },
                        "FindSphinx.cmake": {
                            "sha": "107c3aef6e7e07a7fa8f24db1f6cea349953c03e"
                        }
                    }
                }
            },
            "files": {}
        },
        "docker": {
            "dirs": {},
            "files": {
                "Dockerfile": {
                    "sha": "4df423cd9e2fedfa26432918ec3c39598066b4ca"
                }
            }
        },
        "docs": {
            "dirs": {
                "source": {
                    "dirs": {
                        "_templates": {
                            "dirs": {},
                            "files": {
                                "layout.html": {
                                    "sha": "337e0c96b694473c086926d77cd5e4a6a4fbb77e"
                                }
                            }
                        },
                        "pyapi": {
                            "dirs": {},
                            "files": {
                                "fu": {
                                    "sha": "e69de29bb2d1d6434b8b29ae775ad8c2e48c5391"
                                }
                            }
                        }
                    },
                    "files": {
                        "basic_usage.rst": {
                            "sha": "55655faa088241bf819b7d407b5660c79a0069d9"
                        },
                        "benchmark.rst": {
                            "sha": "582048ee03e0df798e182ed2d8394518a25229cf"
                        },
                        "changelog.rst": {
                            "sha": "847f74ef63678617283de594b07f512fef89b6e0"
                        },
                        "cmake_path.py.in": {
                            "sha": "cb0551105ddfd47accd97cc0af9027629256682a"
                        },
                        "conda_recipe.rst": {
                            "sha": "7255e9d3c1ea50a9483395da298ba99f669d4473"
                        },
                        "conf.py": {
                            "sha": "2e8ae24d21b6f3ab49b8449679a241ef1608aca9"
                        },
                        "contributing.rst": {
                            "sha": "10097d7e179beff00fb13d6738031a1c4e524816"
                        },
                        "examples.rst": {
                            "sha": "0a144e3df31198d19c8f0c2f25ddec74f5a09780"
                        },
                        "features.rst": {
                            "sha": "957944e8a08ff7b4446783f7cbca6ab338cdb85a"
                        },
                        "folder_structure.rst": {
                            "sha": "2b2238c083d52bc504a9fede2a6ee4264153f78a"
                        },
                        "index.rst": {
                            "sha": "ab050cce5cb27a7a35d69443321315a1a4b62a07"
                        },
                        "installation.rst": {
                            "sha": "522e98f26bf5b519600353d4d6952eb07f4b3c22"
                        },
                        "python.rst": {
                            "sha": "43e4bd4284d3d2009171a130060418d80557fabe"
                        },
                        "readme.rst": {
                            "sha": "96a33edd444a44b0faf5cd76bdef228067399fde"
                        },
                        "unit_tests.rst": {
                            "sha": "c62f075b3e9fd5323992d1496340755c9e85696c"
                        }
                    }
                }
            },
            "files": {
                "CMakeLists.txt": {
                    "sha": "474472c4f9ed712dbabc58750ae9f965c58e9319"
                },
                "Doxyfile": {
                    "sha": "1f169a6f22ab8ac45f0d6151dc5b72cbda733516"
                },
                "Makefile": {
                    "sha": "835afeee8ba3f0534efc85612be4bbad78a0b4fc"
                },
                "make.bat": {
                    "sha": "0df92b4656f463637ad3e43b74b8f49853e3153a"
                }
            }
        },
        "examples": {
            "dirs": {},
            "files": {
                "CMakeLists.txt": {
                    "sha": "c6b99ade3bde7f5eed3b889a3778adcc4f2eab59"
                },
                "hello_world.cpp": {
                    "sha": "870b87c506dd153e882c7c24282fa7e4400648b3"
                },
                "{{cookiecutter.package_name}}_version.cpp": {
                    "sha": "b0d2a2134ffcde523289504f88cabf946f7b3d78"
                }
            }
        },
        "include": {
            "dirs": {
                "{{cookiecutter.cpp_root_folder_name}}": {
                    "dirs": {},
                    "files": {
                        "{{ cookiecutter.package_name}}.hpp": {
                            "sha": "b7d45eb78765ea0ca9dc8570643d5c556415229a"
                        },
                        "{{ cookiecutter.package_name}}_config.hpp": {
                            "sha": "56eda980f449adfd04be6b050e479bfd61b4c0a6"
                        },
                        "{{ cookiecutter.package_name}}_version_major.hpp": {
                            "sha": "29e0cd95bb000cf9628441e7d8ac1f4d5f65aa78"
                        },
                        "{{ cookiecutter.package_name}}_version_minor.hpp": {
                            "sha": "a7d4e1595a2362e118c07ea8e2d7b35296f06f3b"
                        },
                        "{{ cookiecutter.package_name}}_version_patch.hpp": {
                            "sha": "7bef546b10501292c483bdb4cfe12d0df934f346"
                        }
                    }
                }
            },
            "files": {}
        },
        "python": {
            "dirs": {
                "module": {
                    "dirs": {
                        "{{cookiecutter.python_package_name}}": {
                            "dirs": {},
                            "files": {
                                "__init__.py": {
                                    "sha": "58dfd78078c3714fa150c3b89713b3d27dc1ae41"
                                }
                            }
                        }
                    },
                    "files": {}
                },
                "notebooks": {
                    "dirs": {},
                    "files": {
                        "hello_world.ipynb": {
                            "sha": "7d1974776af86d072768dbaad70f01437eb984ca"
                        }
                    }
                },
                "src": {
                    "dirs": {},
                    "files": {
                        "CMakeLists.txt": {
                            "sha": "bc800af8438dcf8179c08e6e291412428b31c01a"
                        },
                        "def_build_config.cpp": {
                            "sha": "f5ba24081e5044854c877c86c6cdc0250af9fd3a"
                        },
                        "def_myclass.cpp": {
                            "sha": "93d3490d6e588fbc7f82db0b2d4eb3d2a6a5636a"
                        },
                        "main.cpp": {
                            "sha": "d7ef376fdcdd1cff54d890c3b215eb9a2ac40a65"
                        }
                    }
                },
                "tests": {
                    "dirs": {},
                    "files": {
                        "test_build_configuration.py": {
                            "sha": "faab361b2ae6661729045ebda5a2cc4027bc2a39"
                        }
                    }
                }
            },
            "files": {
                "CMakeLists.txt": {
                    "sha": "7c35aa713dd7ee4bb81784679603833f1175674e"
                }
            }
        },
        "recipe": {
            "dirs": {},
            "files": {
                "bld.bat": {
                    "sha": "292b7f7933da138ead5c13474481ea127ac44759"
                },
                "build.sh": {
                    "sha": "2bd96313e1df65a2d191f16b9767a218dedbe71b"
                },
                "meta.yaml": {
                    "sha": "e288f620175ede3fce6ace684256dfc413db5639"
                }
            }
        },
        "test": {
            "dirs": {},
            "files": {
                "CMakeLists.txt": {
                    "sha": "e17f5a8b189de1d49d47a724af444a5ba094a65e"
                },
                "copyDoctest.cmake.in": {
                    "sha": "f3d7f1450ab522d741885bf8792fd543f36ee73d"
                },
                "downloadDoctest.cmake.in": {
                    "sha": "413720ad93ab154aed4239caa23b39327c1cd864"
                },
                "main.cpp": {
                    "sha": "f62715f53eb5e4bad67b17530d2cd7b4689610ec"
                },
                "test_{{cookiecutter.package_name}}_config.cpp": {
                    "sha": "eefb383051ea0efdf8b85b4dc861cc824c64597a"
                }
            }
        }
    },
    "files": {
        ".bumpversion.cfg": {
            "sha": "d98eb8542db91214b2c25da11fd689ffe578b65d"
        },
        ".travis.yml": {
            "sha": "e33a7799ec61454a7e5bb769a5aba488bb595e29"
        },
        "CMakeLists.txt": {
            "sha": "417894ac0e17aae9df9867015acff4a8d8f63a16"
        },
        "CONTRIBUTING.rst": {
            "sha": "5e9ba12ae6907e26223288a00f0bdc4a2831f5d9"
        },
        "LICENCE.txt": {
            "sha": "5769a88d78c437a29a488fa8e573d4793896673e"
        },
        "README.rst": {
            "sha": "e1cfcf8baa9cfbe6767394280419505e5a1f4de8"
        },
        "azure-pipelines.yml": {
            "sha": "9b1eeeeb8989aa9c268d6533bb23939299157384"
        },
        "readthedocs.yml": {
            "sha": "e294e3ab5811023cf027bdd94a75e656e61824f4"
        },
        "{{cookiecutter.cmake_project_name}}.pc.in": {
            "sha": "4ec293961d97e35379adfdf9a7f2f1639f0aa07e"
        },
        "{{cookiecutter.cmake_project_name}}Config.cmake.in": {
            "sha": "5c970698b131dbf2c2c2c8385f4a9609aaec97fd"
        },
        "{{cookiecutter.package_name}}-dev-requirements.yml": {
            "sha": "96ced45a9c2f9c3ed743a18ff2782846002f3a52"
        }
    }
}