{
    "dirs": {
        ".ebextensions": {
            "dirs": {},
            "files": {
                "01_django.config": {
                    "sha": "1f9cb91546f486e2e5620af7a482aa28bd64e3cd"
                }
            }
        },
        "docker": {
            "dirs": {},
            "files": {
                "nginx.conf": {
                    "sha": "a039513c76c23f61ea713f7a95f6e53cee92aca6"
                },
                "supervisor_django.conf": {
                    "sha": "4a5a3487745a87b007eb35774ab253829432b5ef"
                }
            }
        },
        "requirements": {
            "dirs": {},
            "files": {
                "common.txt": {
                    "sha": "9460c74b40203509d854f90e51842c7c406694dd"
                },
                "local.txt": {
                    "sha": "c3899b0c47654465e0b6f503128b8932aaaf63cf"
                },
                "production.txt": {
                    "sha": "c1563cf331329500e899d9a9c1b1a1a4b3f54c7b"
                },
                "test.txt": {
                    "sha": "c3899b0c47654465e0b6f503128b8932aaaf63cf"
                }
            }
        },
        "settings": {
            "dirs": {},
            "files": {
                "__init__.py": {
                    "sha": "e69de29bb2d1d6434b8b29ae775ad8c2e48c5391"
                },
                "aws_eb.py": {
                    "sha": "733041ab5bf908647748304abd222bd21d794176"
                },
                "deploy_common.py": {
                    "sha": "0a1a72a3cec0fe94b0c9802a34cfaeb553ff3cf7"
                },
                "docker.py": {
                    "sha": "0fd3739d6e2393d1449db2af3594beead0ff7a5b"
                },
                "local.py": {
                    "sha": "e35483fb735a758f9c10108462694a191734cc6e"
                }
            }
        }
    },
    "files": {
        ".gitignore": {
            "sha": "b5301dd547a4dd0453d0835ed5ec62147edd002a"
        },
        "Dockerfile": {
            "sha": "c7942c614dfad07924fd685f8d2cd82b9e4e24f6"
        },
        "Dockerrun.aws.json": {
            "sha": "1bc31395e300b6cc318c3813f2506a6a8a308ab0"
        },
        "README.md": {
            "sha": "214e4eada6969da6eb68bcb9888420e2e8ddbd0f"
        },
        "requirements.txt": {
            "sha": "9be095c3098a27dffa41b48df15da890b1912f78"
        },
        "settings_extra.py": {
            "sha": "a4c5d17ab24f5150ad409e6891a381770067f28f"
        },
        "wsgi_extra.py": {
            "sha": "1d604e14219d347c7b2539ac025c80046195fa59"
        }
    }
}