{
    "dirs": {
        "assets": {
            "dirs": {},
            "files": {
                "gulpfile.js": {
                    "sha": "7c7ca075d7164c6ca75316ff0c894bb142b66ac3"
                }
            }
        },
        "django": {
            "dirs": {
                "{{cookiecutter.repo_name}}": {
                    "dirs": {
                        "requirements": {
                            "dirs": {},
                            "files": {
                                "base.txt": {
                                    "sha": "54560b901c492c35c7e43321aa22f95b73dafd22"
                                },
                                "dev.txt": {
                                    "sha": "d3730fc4f78c48b2b865ca388dcc9626a24a46ad"
                                },
                                "prod.txt": {
                                    "sha": "519540750023f89abc30adcc951e3af48fee5476"
                                }
                            }
                        },
                        "sass": {
                            "dirs": {},
                            "files": {
                                "_mixins.scss": {
                                    "sha": "b7fdb91f70d60737b49c708224dc5c0948ec8d48"
                                },
                                "style.scss": {
                                    "sha": "d63b2294cab27024a07f2b6a485c548484f76b7f"
                                }
                            }
                        },
                        "static": {
                            "dirs": {
                                "css": {
                                    "dirs": {
                                        "dev": {
                                            "dirs": {
                                                "lib": {
                                                    "dirs": {},
                                                    "files": {
                                                        "bootstrap.min.css": {
                                                            "sha": "ed3905e0e0c91d4ed7d8aa14412dffeb038745ff"
                                                        }
                                                    }
                                                }
                                            },
                                            "files": {}
                                        }
                                    },
                                    "files": {}
                                },
                                "js": {
                                    "dirs": {
                                        "dev": {
                                            "dirs": {
                                                "lib": {
                                                    "dirs": {},
                                                    "files": {
                                                        "bootstrap.min.js": {
                                                            "sha": "9bcd2fccaed9442f1460191d6670ca5e8e08520c"
                                                        },
                                                        "jquery.min.js": {
                                                            "sha": "4c5be4c0fbe230e81d95718a18829e965a2d14b2"
                                                        }
                                                    }
                                                }
                                            },
                                            "files": {
                                                "main.js": {
                                                    "sha": "11de93e601caf49f61e2380724cd74977cecf945"
                                                }
                                            }
                                        }
                                    },
                                    "files": {}
                                }
                            },
                            "files": {}
                        },
                        "templates": {
                            "dirs": {},
                            "files": {
                                "base.html": {
                                    "sha": "3a5e0768b9104a4d52a48052893c5cf5eb8f48a0"
                                }
                            }
                        },
                        "{{cookiecutter.repo_name}}": {
                            "dirs": {},
                            "files": {
                                "__init__.py": {
                                    "sha": "e69de29bb2d1d6434b8b29ae775ad8c2e48c5391"
                                },
                                "context_processors.py": {
                                    "sha": "f7518ad37eb1105e798d11095b8112277a779307"
                                },
                                "settings.py": {
                                    "sha": "0d8ac3ef3e7aa806628a6932e1aa188fc98d0679"
                                },
                                "urls.py": {
                                    "sha": "007efac1b8e1a22e52bbe19fdebc574979799f64"
                                },
                                "wsgi.py": {
                                    "sha": "a10b159f30a50f9645334b546ebd25fcb069284b"
                                }
                            }
                        }
                    },
                    "files": {
                        ".gitignore": {
                            "sha": "d04d3af2f0e3f7fe3a52b21e91912d55285f3cdf"
                        },
                        "manage.py": {
                            "sha": "2ccebe95464bea68423a3d1d502c3fac4bb2d4f3"
                        }
                    }
                }
            },
            "files": {
                ".dockerignore": {
                    "sha": "1e7698805ab5c9e5d2f86528eff8acecec23895e"
                },
                "Dockerfile": {
                    "sha": "61557e93cb68ea940d3d3c6a3284c5c110144bf7"
                }
            }
        },
        "nginx": {
            "dirs": {},
            "files": {
                "nginx.conf": {
                    "sha": "c16619474f6b2ed0aae4097929cdc176cdd22bf9"
                }
            }
        }
    },
    "files": {
        ".gitignore": {
            "sha": "397b4a7624e35fa60563a9c03b1213d93f7b6546"
        },
        "README.md": {
            "sha": "a1fdb473e5c30671485290482e9eed11ebb96f1b"
        },
        "docker-compose.yml": {
            "sha": "8e5d12a93ef4effedd36c9603bd13c01312afe81"
        }
    }
}