{
    "dirs": {
        "deployment": {
            "dirs": {
                "caddy": {
                    "dirs": {},
                    "files": {
                        "Caddyfile": {
                            "sha": "ba15dc1fa29ae6b8d2a0d0437b294b3c0d449c41"
                        },
                        "Dockerfile": {
                            "sha": "38f6e248e70890581a0732e39f44a2b224db4a80"
                        }
                    }
                },
                "django": {
                    "dirs": {},
                    "files": {
                        "django-entrypoint.sh": {
                            "sha": "ffd4e689c2775ac51c9a1985bea19bec8ef7b1a7"
                        },
                        "django-healthcheck.sh": {
                            "sha": "8329e7fae73a3cc445b54d159dc3193a62fc18e0"
                        }
                    }
                },
                "provisioning": {
                    "dirs": {
                        "ansible": {
                            "dirs": {
                                "group_vars": {
                                    "dirs": {},
                                    "files": {
                                        "all.yml": {
                                            "sha": "869f443f03526f3c7ee85374ddba5b53cd3b3f45"
                                        }
                                    }
                                },
                                "roles": {
                                    "dirs": {
                                        "setup": {
                                            "dirs": {
                                                "handlers": {
                                                    "dirs": {},
                                                    "files": {
                                                        "main.yml": {
                                                            "sha": "bbc28d59fb236eb5b8da7b0597598b5c84252798"
                                                        }
                                                    }
                                                },
                                                "tasks": {
                                                    "dirs": {},
                                                    "files": {
                                                        "automatic-updates.yml": {
                                                            "sha": "ee60a0aa8076ad3a15999a9fc8eb94a97c628f0b"
                                                        },
                                                        "docker.yml": {
                                                            "sha": "cc26d14644a30d2e75566908566b3412eb1ec337"
                                                        },
                                                        "main.yml": {
                                                            "sha": "af45a21b525844189d50e08034529b03a48d6589"
                                                        },
                                                        "securing-access.yml": {
                                                            "sha": "67b487770db001356b3c7e11a87b0d6b5809299d"
                                                        },
                                                        "users.yml": {
                                                            "sha": "3c2151b83c2c09de1e26a65c41f60edcc60cd611"
                                                        }
                                                    }
                                                }
                                            },
                                            "files": {}
                                        }
                                    },
                                    "files": {}
                                }
                            },
                            "files": {
                                "Makefile": {
                                    "sha": "92a92b87a70a3152ea58ddd2978ff91e9b4b7606"
                                },
                                "README.md": {
                                    "sha": "6d60b1f869fcb2443a9df17859760487ac2877c3"
                                },
                                "hosts.yml": {
                                    "sha": "d370c74c8a35611ba89760e10a1fcce5f50e8ace"
                                },
                                "site.yml": {
                                    "sha": "618755929f313658782bdcf2a94fcc831f171d77"
                                }
                            }
                        },
                        "terraform": {
                            "dirs": {
                                "digitalocean": {
                                    "dirs": {},
                                    "files": {
                                        "variables.tf": {
                                            "sha": "b161bd525c1f0884c9d4561d921f16b36072073a"
                                        },
                                        "{{cookiecutter.django_project_name}}.tf": {
                                            "sha": "c90adfe247b9c477acd6dd3277580fa81cfe7bcb"
                                        }
                                    }
                                }
                            },
                            "files": {}
                        }
                    },
                    "files": {}
                }
            },
            "files": {
                "Makefile": {
                    "sha": "49b357844fc84662b360dd3b3d6db51a1dc71d53"
                },
                "README.md": {
                    "sha": "6361b2f6a7c79dd00322b9ff37d24b76e6d64c4f"
                },
                "db-migration.yml": {
                    "sha": "21ac3358b62e1134966ec076433b14e131ffeebd"
                },
                "docker-stack.caddy.yml": {
                    "sha": "fcf5016850a32ce18255c7b325319e74d6f6b3ab"
                },
                "docker-stack.django.yml": {
                    "sha": "fe28b9c1b890df38f2a25ae1b00e5451c9df06e7"
                },
                "docker-stack.postgres.yml": {
                    "sha": "f7d7519d60ea3f76db64d1e9791cb18160e60683"
                },
                "docker-stack.redis.yml": {
                    "sha": "f176b541df31afcf8049f98f15487e653f5d183a"
                }
            }
        },
        "requirements": {
            "dirs": {},
            "files": {
                "base.txt": {
                    "sha": "c035c7b955e9d0d8bca25f3b1bbf63057ff31378"
                },
                "dev.txt": {
                    "sha": "4401a19a077baaa89658d8ae488bbaf5d3c06533"
                },
                "test.txt": {
                    "sha": "9ef63f3c15268da30065366f7957bee782df06bb"
                }
            }
        },
        "{{cookiecutter.django_project_name}}": {
            "dirs": {
                "config": {
                    "dirs": {},
                    "files": {
                        "__init__.py": {
                            "sha": "e69de29bb2d1d6434b8b29ae775ad8c2e48c5391"
                        },
                        "base.py": {
                            "sha": "885fab841aaa315c8a60a6b11dec5b2409f2d6aa"
                        },
                        "local.py": {
                            "sha": "169886b794966121785ec705ae624d5dea83dacc"
                        },
                        "production.py": {
                            "sha": "f5e7b1651c96a0330897d5da1a88a786e24384f3"
                        },
                        "test.py": {
                            "sha": "ae54a68db83bc8025e148ad7efda0e77f052c6d6"
                        },
                        "urls.py": {
                            "sha": "ab69bdbf669a70e1186ff5c04df1bf20fb751581"
                        },
                        "wsgi.py": {
                            "sha": "c179108fc5e0837c6e513347c1aa44ece70dd02b"
                        }
                    }
                },
                "core": {
                    "dirs": {
                        "migrations": {
                            "dirs": {},
                            "files": {
                                "__init__.py": {
                                    "sha": "e69de29bb2d1d6434b8b29ae775ad8c2e48c5391"
                                }
                            }
                        },
                        "templates": {
                            "dirs": {
                                "core": {
                                    "dirs": {},
                                    "files": {
                                        "home.html": {
                                            "sha": "ef212a602304cef627fba71c9644ab5f3922363b"
                                        }
                                    }
                                }
                            },
                            "files": {}
                        }
                    },
                    "files": {
                        "__init__.py": {
                            "sha": "e69de29bb2d1d6434b8b29ae775ad8c2e48c5391"
                        },
                        "admin.py": {
                            "sha": "e69de29bb2d1d6434b8b29ae775ad8c2e48c5391"
                        },
                        "apps.py": {
                            "sha": "3f26ce1593f046be03b909a8c03ea31c03f49f2a"
                        },
                        "models.py": {
                            "sha": "e69de29bb2d1d6434b8b29ae775ad8c2e48c5391"
                        },
                        "urls.py": {
                            "sha": "db762434f6f8f51fffc15e9db261a40fb788c7b0"
                        },
                        "views.py": {
                            "sha": "44a596351fc0285baebae208983e8361b79379ce"
                        }
                    }
                },
                "users": {
                    "dirs": {
                        "migrations": {
                            "dirs": {},
                            "files": {
                                "0001_initial.py": {
                                    "sha": "1cd35c03e0af0f0d9bc3b8b5aca32689bbea2d59"
                                },
                                "__init__.py": {
                                    "sha": "e69de29bb2d1d6434b8b29ae775ad8c2e48c5391"
                                }
                            }
                        }
                    },
                    "files": {
                        "__init__.py": {
                            "sha": "e69de29bb2d1d6434b8b29ae775ad8c2e48c5391"
                        },
                        "admin.py": {
                            "sha": "24869af0416d15db6650e21ff97f04032dc63b34"
                        },
                        "apps.py": {
                            "sha": "7e43cb5aff076b7d357d6b008ba38b220c45ff1f"
                        },
                        "models.py": {
                            "sha": "502030ef020b3b2853919fceef295be44268f963"
                        },
                        "urls.py": {
                            "sha": "f5e3311dedb416e655ecacc84c06ee01e37e8511"
                        },
                        "views.py": {
                            "sha": "d0e3b35d8ce4b0c6e77de931e272a7b055516846"
                        }
                    }
                }
            },
            "files": {
                "__init__.py": {
                    "sha": "b4056707a675a8b725cf320ab821c76959356899"
                }
            }
        }
    },
    "files": {
        ".coveragerc": {
            "sha": "b9cc6e702a709b7cf0cace6ace40da21fb0a11eb"
        },
        ".dockerignore": {
            "sha": "2783e88f18154ce096cf440146c4531445477c11"
        },
        ".editorconfig": {
            "sha": "a6dfb727d5077e5b0ece4ef3f062aed7c4d02126"
        },
        ".gitignore": {
            "sha": "23206cd3a359b9bd1980c6f7c477d68c4ce9f3f6"
        },
        "Dockerfile": {
            "sha": "a79f4321e6df8c04ac66c723c8f9afb69aad91fa"
        },
        "Makefile": {
            "sha": "c6136c4c55eb2ec102adc65bd2f53411f08e4fe8"
        },
        "README.md": {
            "sha": "151b1023e7db50a3a18701fb94f3c4969ce6220f"
        },
        "docker-compose.yml": {
            "sha": "e55e567b367278e0360d1c5a45ea733e3053f257"
        },
        "manage.py": {
            "sha": "7e8fe3b3511e87b74e160d858542a6f504eaaf4a"
        }
    }
}