{
    "dirs": {
        "data": {
            "dirs": {
                "external": {
                    "dirs": {},
                    "files": {
                        ".gitkeep": {
                            "sha": "e69de29bb2d1d6434b8b29ae775ad8c2e48c5391"
                        }
                    }
                },
                "interim": {
                    "dirs": {},
                    "files": {
                        ".gitkeep": {
                            "sha": "e69de29bb2d1d6434b8b29ae775ad8c2e48c5391"
                        }
                    }
                },
                "processed": {
                    "dirs": {},
                    "files": {
                        ".gitkeep": {
                            "sha": "e69de29bb2d1d6434b8b29ae775ad8c2e48c5391"
                        }
                    }
                },
                "raw": {
                    "dirs": {},
                    "files": {
                        ".gitkeep": {
                            "sha": "e69de29bb2d1d6434b8b29ae775ad8c2e48c5391"
                        }
                    }
                }
            },
            "files": {}
        },
        "docs": {
            "dirs": {
                "mkdocs": {
                    "dirs": {
                        "docs": {
                            "dirs": {},
                            "files": {
                                "getting-started.md": {
                                    "sha": "b4f71c3a293b7c30dbb94afd6f3e58997b55ceef"
                                },
                                "index.md": {
                                    "sha": "fa6b7ed3326b8d639c12c62bf9657de0f8c6df79"
                                }
                            }
                        }
                    },
                    "files": {
                        "README.md": {
                            "sha": "79c146859754d65ce1a01add9848026d10bd832c"
                        },
                        "mkdocs.yml": {
                            "sha": "77aa94c1af3eed57d1b528f3fa970e7e1fc0a13c"
                        }
                    }
                }
            },
            "files": {
                ".gitkeep": {
                    "sha": "e69de29bb2d1d6434b8b29ae775ad8c2e48c5391"
                }
            }
        },
        "models": {
            "dirs": {},
            "files": {
                ".gitkeep": {
                    "sha": "e69de29bb2d1d6434b8b29ae775ad8c2e48c5391"
                }
            }
        },
        "notebooks": {
            "dirs": {},
            "files": {
                ".gitkeep": {
                    "sha": "e69de29bb2d1d6434b8b29ae775ad8c2e48c5391"
                }
            }
        },
        "references": {
            "dirs": {},
            "files": {
                ".gitkeep": {
                    "sha": "e69de29bb2d1d6434b8b29ae775ad8c2e48c5391"
                }
            }
        },
        "reports": {
            "dirs": {
                "figures": {
                    "dirs": {},
                    "files": {
                        ".gitkeep": {
                            "sha": "e69de29bb2d1d6434b8b29ae775ad8c2e48c5391"
                        }
                    }
                }
            },
            "files": {
                ".gitkeep": {
                    "sha": "e69de29bb2d1d6434b8b29ae775ad8c2e48c5391"
                }
            }
        },
        "{{ cookiecutter.module_name }}": {
            "dirs": {
                "modeling": {
                    "dirs": {},
                    "files": {
                        "__init__.py": {
                            "sha": "e69de29bb2d1d6434b8b29ae775ad8c2e48c5391"
                        },
                        "predict.py": {
                            "sha": "037b198d9c179714b2b003e87b79612814e91596"
                        },
                        "train.py": {
                            "sha": "53a87d202829e637da09871ec0a486be784fb0d4"
                        }
                    }
                }
            },
            "files": {
                "__init__.py": {
                    "sha": "8884c8ebe26a2f74c08415b97f18cbf26ccaed60"
                },
                "config.py": {
                    "sha": "8d77c22978ba442ddce992023880708172ddcac4"
                },
                "dataset.py": {
                    "sha": "ac84671b8a5f6254a7922fb37e6aea7307530edb"
                },
                "features.py": {
                    "sha": "b17315fbafe091bbbc0ee187f4ecc8627456ecde"
                },
                "plots.py": {
                    "sha": "c87f599e2b503fefd8f041740fcae53e94123811"
                }
            }
        }
    },
    "files": {
        ".env": {
            "sha": "1d08ff345e4f560597443d7310bda7373d43484a"
        },
        ".gitignore": {
            "sha": "8d6cae682185294f7dbb993904372005e206832c"
        },
        "LICENSE": {
            "sha": "a811c7bcb3a8c44ffde2cdb7f7b37ef09a8a2259"
        },
        "Makefile": {
            "sha": "85eb9e5b45294ec910d58e05f48a5b0058af7658"
        },
        "README.md": {
            "sha": "d3b2831dc1f69a9ebe3e5e6f27e9b267b2959161"
        },
        "pyproject.toml": {
            "sha": "9f359e0cf524a2ee85e2b44d60cae6d73218969c"
        },
        "setup.cfg": {
            "sha": "7fb10f5d0e5b60664ed77f41af0b0ec5ad29bc6d"
        }
    }
}