{
    "dirs": {
        "confs": {
            "dirs": {
                "rocketchat_metrics": {
                    "dirs": {
                        "grafana": {
                            "dirs": {
                                "provisioning": {
                                    "dirs": {
                                        "dashboards": {
                                            "dirs": {
                                                "json-exports": {
                                                    "dirs": {},
                                                    "files": {
                                                        "rocketchat-metrics.json": {
                                                            "sha": "4ade77a53236ff302492761f33a42379fa6df305"
                                                        }
                                                    }
                                                },
                                                "provider": {
                                                    "dirs": {},
                                                    "files": {
                                                        "prometheus.yml": {
                                                            "sha": "04139c4342deb5d52cd68a53f78db4057057ae6e"
                                                        }
                                                    }
                                                }
                                            },
                                            "files": {}
                                        },
                                        "datasources": {
                                            "dirs": {},
                                            "files": {
                                                "prometheus.yml": {
                                                    "sha": "e4e3850d84e8e2bc1c937e6ba534c21c757d7627"
                                                }
                                            }
                                        }
                                    },
                                    "files": {}
                                }
                            },
                            "files": {}
                        },
                        "prometheus": {
                            "dirs": {},
                            "files": {
                                "prometheus.yml": {
                                    "sha": "7f6ae796daa10a840462e4cb01c4624110ef015e"
                                }
                            }
                        }
                    },
                    "files": {}
                }
            },
            "files": {}
        },
        "scripts": {
            "dirs": {
                "postgres": {
                    "dirs": {},
                    "files": {
                        "create-multiple-postgresql-databases.sh": {
                            "sha": "aa665fa46cc3be1d88899aeee79e5c27080cdf72"
                        }
                    }
                }
            },
            "files": {
                "wait-for-it.sh": {
                    "sha": "d990e0d364f576ee83cd699707076ca49ad36a4d"
                }
            }
        },
        "site": {
            "dirs": {},
            "files": {
                ".htaccess": {
                    "sha": "a644df4bea92b74b813adc67254d9a66674a74f5"
                },
                "404.php": {
                    "sha": "35ab95a5f1aaf1e2efeeec68129df34fc3c72064"
                },
                "index.php": {
                    "sha": "479b34453d45621252f76beacc9f129b5151c69d"
                }
            }
        }
    },
    "files": {
        ".env": {
            "sha": "9cf1ab9ea15e542030abf630b7f88fbcaff5ca5d"
        },
        "docker-compose.yml": {
            "sha": "bacf3225b7bf5b9383f35a82bc7005d9608f2bde"
        },
        "how_to_use.txt": {
            "sha": "8c374ae1f655ea0c49dccc2a47a8e1f193aebf1a"
        }
    }
}