{
    "dirs": {
        ".heroku": {
            "dirs": {},
            "files": {
                "collectstatic_disabled": {
                    "sha": "e69de29bb2d1d6434b8b29ae775ad8c2e48c5391"
                }
            }
        },
        "bin": {
            "dirs": {},
            "files": {
                "install_gettext": {
                    "sha": "33ca9067c942dc94ab29b79f88c387c27d4c98d9"
                },
                "post_compile": {
                    "sha": "64173b2113e7e7aff93aff077d0a142c367784fe"
                },
                "run_collectstatic": {
                    "sha": "9a9c95df7c110103f826881ddb696b09cbdd8486"
                },
                "run_compilemessages": {
                    "sha": "d2ef150761ddd19fddf41141e681925294e02508"
                }
            }
        },
        "docs": {
            "dirs": {},
            "files": {
                "Makefile": {
                    "sha": "7dab2b193772093f62a9b4e6be9747737c0baff9"
                },
                "__init__.py": {
                    "sha": "8772c827b325541e1fb46121b7175b1087fc7e26"
                },
                "conf.py": {
                    "sha": "d821d2f59f4f3401ebb9a2b81cc4b1e5c12cb850"
                },
                "deploy.rst": {
                    "sha": "1e642c7988ed69776954825a6d0116b031de03a1"
                },
                "index.rst": {
                    "sha": "3ae55a137c3ed8022a3e2ded622cdf33dc7689d9"
                },
                "install.rst": {
                    "sha": "1bc03335d440baace95b0da42afea21aa6577c81"
                },
                "make.bat": {
                    "sha": "aa1d05a275222c53c5bca6fde95376ef87fc1c58"
                }
            }
        },
        "migrations": {
            "dirs": {
                "sites": {
                    "dirs": {},
                    "files": {
                        "0001_initial.py": {
                            "sha": "87d55c75b49f664bf9dc4bd1cd2319568a82c324"
                        },
                        "0002_set_site_domain_and_name.py": {
                            "sha": "bf77f54728e93eb0e7a7af63ecfe063669326b77"
                        },
                        "__init__.py": {
                            "sha": "e69de29bb2d1d6434b8b29ae775ad8c2e48c5391"
                        }
                    }
                }
            },
            "files": {
                "__init__.py": {
                    "sha": "e69de29bb2d1d6434b8b29ae775ad8c2e48c5391"
                }
            }
        },
        "reqs": {
            "dirs": {},
            "files": {
                "common.txt": {
                    "sha": "42bedd7277522653f9cffffc09b5872f51f49abd"
                },
                "dev.txt": {
                    "sha": "32b3e8a9c8fd0605e6f92ded10471e51a0f18c72"
                },
                "prod.txt": {
                    "sha": "9983fdeefbf519a1469ad147fc2baeba5020f1b1"
                },
                "test.txt": {
                    "sha": "4cd1236a2b5e6d327d50fdf5f254798193a19e5c"
                }
            }
        },
        "{{cookiecutter.repo_name}}": {
            "dirs": {
                "apps": {
                    "dirs": {
                        "promotion": {
                            "dirs": {},
                            "files": {
                                "__init__.py": {
                                    "sha": "e69de29bb2d1d6434b8b29ae775ad8c2e48c5391"
                                },
                                "models.py": {
                                    "sha": "558571bfc6b87b7d091a58150283ffe5b9939efa"
                                },
                                "urls.py": {
                                    "sha": "1feb32fab885cfaeffc9908d30ca26948cfa6376"
                                },
                                "views.py": {
                                    "sha": "b6bb30c8d7a8cf8c3bcf039c432dce23db2cbbf2"
                                }
                            }
                        },
                        "site": {
                            "dirs": {
                                "management": {
                                    "dirs": {
                                        "commands": {
                                            "dirs": {},
                                            "files": {
                                                "__init__.py": {
                                                    "sha": "e69de29bb2d1d6434b8b29ae775ad8c2e48c5391"
                                                },
                                                "customcompilemessages.py": {
                                                    "sha": "c25a2e8278c6a99d7f4fda2e8307cc75469940ce"
                                                }
                                            }
                                        }
                                    },
                                    "files": {
                                        "__init__.py": {
                                            "sha": "e69de29bb2d1d6434b8b29ae775ad8c2e48c5391"
                                        }
                                    }
                                },
                                "templatetags": {
                                    "dirs": {},
                                    "files": {
                                        "__init__.py": {
                                            "sha": "e69de29bb2d1d6434b8b29ae775ad8c2e48c5391"
                                        },
                                        "markdown_tags.py": {
                                            "sha": "761253b5b0b00943bc578eda61846ead92841fd3"
                                        }
                                    }
                                }
                            },
                            "files": {
                                "__init__.py": {
                                    "sha": "04db578815fa29ce2250a9e394f5098def174795"
                                },
                                "app_configs.py": {
                                    "sha": "54f87a72ec82637aee29bbc5d8bd558f09ff9fc7"
                                },
                                "listeners.py": {
                                    "sha": "438090652c05cf406f73edf33d4473cc6c4c28cd"
                                },
                                "trackers.py": {
                                    "sha": "b8298e6618895fa02b352af7cb77a853e55c8ff7"
                                },
                                "urls.py": {
                                    "sha": "ff395fa16558dff442db7ed90f62e072908817c0"
                                },
                                "utils.py": {
                                    "sha": "97f4e653c48fcf93a0583061ed9ecfb83a33f00a"
                                },
                                "views.py": {
                                    "sha": "26fc858248694c7369f7f2d10a51397b316f4981"
                                }
                            }
                        }
                    },
                    "files": {
                        "__init__.py": {
                            "sha": "e69de29bb2d1d6434b8b29ae775ad8c2e48c5391"
                        }
                    }
                },
                "assets": {
                    "dirs": {
                        "fonts": {
                            "dirs": {},
                            "files": {
                                ".gitkeep": {
                                    "sha": "e69de29bb2d1d6434b8b29ae775ad8c2e48c5391"
                                }
                            }
                        },
                        "images": {
                            "dirs": {},
                            "files": {
                                ".gitkeep": {
                                    "sha": "e69de29bb2d1d6434b8b29ae775ad8c2e48c5391"
                                }
                            }
                        },
                        "scripts": {
                            "dirs": {},
                            "files": {
                                "main.js": {
                                    "sha": "d26d23b9be8b969787f72d47f965266aecbfa4db"
                                }
                            }
                        },
                        "styles": {
                            "dirs": {},
                            "files": {
                                "main.scss": {
                                    "sha": "e44459c9fb5d44f3d67f24777c4484f91b3df3c0"
                                }
                            }
                        }
                    },
                    "files": {}
                },
                "libs": {
                    "dirs": {},
                    "files": {
                        "__init__.py": {
                            "sha": "e69de29bb2d1d6434b8b29ae775ad8c2e48c5391"
                        },
                        "s3_storages.py": {
                            "sha": "e80d8234a1a7b6cef4ddbd526a0e3a170b8b9678"
                        },
                        "utils.py": {
                            "sha": "d644e7bcf4699bf98273aafbaeb5ff5c5d4a5199"
                        }
                    }
                },
                "settings": {
                    "dirs": {},
                    "files": {
                        "__init__.py": {
                            "sha": "e69de29bb2d1d6434b8b29ae775ad8c2e48c5391"
                        },
                        "common.py": {
                            "sha": "0357455ba2db2cc9020960aaa4c2002fc0c9e6c3"
                        },
                        "dev.py": {
                            "sha": "396f897cf7bc7edd616a5793bee1782c851dca01"
                        },
                        "prod.py": {
                            "sha": "f9612f076ce60601e2a77414a23b6f88b4c72fba"
                        }
                    }
                },
                "templates": {
                    "dirs": {
                        "promotion": {
                            "dirs": {},
                            "files": {
                                "home.html": {
                                    "sha": "8e201568bf97ed1e8293f3c1b17d4a848554e431"
                                }
                            }
                        }
                    },
                    "files": {
                        "404.html": {
                            "sha": "358a2b31f2a5b2e53eef6c2e82ac7c88b7301728"
                        },
                        "500.html": {
                            "sha": "cec5e3c5d664ef9b0dd0599dcc85bd75e614e9a4"
                        },
                        "base.html": {
                            "sha": "2765ad2a25e57a3bd7a6dad5fa99285081f3b074"
                        },
                        "layout.html": {
                            "sha": "f0503a944de84e4b777c5a1dcc9b62f7e1cce198"
                        },
                        "robots.txt": {
                            "sha": "14267e90323cf5175815cfbc34eb6affc59412cb"
                        }
                    }
                }
            },
            "files": {
                "__init__.py": {
                    "sha": "704b50329c4c3f3710136a6baa82e8e3fa4a9ad4"
                },
                "urls.py": {
                    "sha": "bec777cbe5367ce65ecf2ffa4c5bb97061847280"
                }
            }
        }
    },
    "files": {
        ".gitignore": {
            "sha": "ec1e16b004605238a9f19c2887d838ca76c754ee"
        },
        "Makefile": {
            "sha": "4e6d73d088b6bb097e6606dbda5d7645ea79273f"
        },
        "Procfile": {
            "sha": "7a17cbf7ebd153251f979aa97b7495e1c118bd90"
        },
        "README.md": {
            "sha": "8cb1c564cdb6d12c568a6cb4e9debaa966d701f7"
        },
        "bower.json": {
            "sha": "0f9bdd207f2251dc217d447d4e002cdc6de8c675"
        },
        "gulpfile.js": {
            "sha": "66b7384a39a88dc86cfb98e6e53b47d82160cb64"
        },
        "manage.py": {
            "sha": "1cc19cf3e69dfdcc639a8618834b8bd07ac2ef25"
        },
        "package.json": {
            "sha": "1c40ae36fbc2d9887df13929007c8b6b1fb98f83"
        },
        "requirements.txt": {
            "sha": "61f3d5b049baa028d736d673c1042979db739d86"
        },
        "runtime.txt": {
            "sha": "80aea67443c78b91acc7fd40849e1c28daf6ae7c"
        },
        "setup.cfg": {
            "sha": "0368765529bc81b5868f9cc42e8083ae7edd7542"
        },
        "wsgi.py": {
            "sha": "db44fda54c4f4295a5b257537af42d7c84db5f3d"
        }
    }
}