{
    "dirs": {
        ".github": {
            "dirs": {},
            "files": {
                "ISSUE_TEMPLATE.md": {
                    "sha": "4732fbaa769ff218894e436b58fd24eff2351367"
                }
            }
        },
        "docs": {
            "dirs": {},
            "files": {
                "Makefile": {
                    "sha": "740be528dea538bd71f08ad8e12a84c62f37976f"
                },
                "authors.rst": {
                    "sha": "e122f914a87b277e565fc9567af1a7545ec9872b"
                },
                "conf.py": {
                    "sha": "697583dab2c7b75c5aaf000bf0e33fe697d5a1d6"
                },
                "contributing.rst": {
                    "sha": "e582053ea018c369be05aae96cf730744f1dc616"
                },
                "history.rst": {
                    "sha": "250649964bbc36f4bec2942f69238aa6f7c02c1a"
                },
                "index.rst": {
                    "sha": "208cfcd6d85041c3da085ce2a0dd56a194b3cb46"
                },
                "installation.rst": {
                    "sha": "f57d8233a1f0bfc5b5ec577f1a20126fb7bf1305"
                },
                "make.bat": {
                    "sha": "4a216dadd1760cbdf1258913ac86ccf36036ed68"
                },
                "readme.rst": {
                    "sha": "72a33558153fb57def85612b021ec596ef2a51b9"
                },
                "usage.rst": {
                    "sha": "4add6fbac22692e0fe903ea0728b0078c697e658"
                }
            }
        },
        "tests": {
            "dirs": {},
            "files": {
                "__init__.py": {
                    "sha": "c7310d69abad6a62a10b4f28581ece86ac6c8b53"
                },
                "test_{{cookiecutter.project_slug}}.py": {
                    "sha": "78cc3c730edafab262ef0dbbf3e31a1a0c85cea9"
                }
            }
        },
        "{{cookiecutter.project_slug}}": {
            "dirs": {},
            "files": {
                "__init__.py": {
                    "sha": "63c7cc15ee076089d67014b799aa07b36b6855fa"
                },
                "cli.py": {
                    "sha": "6afb1c67a2a17fc4a16436fb31a2294a98337f9b"
                },
                "{{cookiecutter.project_slug}}.py": {
                    "sha": "7fbbae4f9c58882c3754a89675312f3c1430ffd8"
                }
            }
        }
    },
    "files": {
        ".editorconfig": {
            "sha": "d4a2c4405ec2e962c521a13af91bf5f7098a62a8"
        },
        ".gitignore": {
            "sha": "4f1704999ab63afe3e044edafbd92fcf8c4f4b30"
        },
        ".travis.yml": {
            "sha": "75a8bd1d213c771736b95865d231dac608b17c1c"
        },
        "AUTHORS.rst": {
            "sha": "06770ce420b0029f335a1aaac3c72dddd8fb30b5"
        },
        "CONTRIBUTING.rst": {
            "sha": "bb092aa4c8be4ee94be92ec748e557ecdcb033e6"
        },
        "HISTORY.rst": {
            "sha": "6735a75fdba246edbb5d480af61f74d35dff387d"
        },
        "LICENSE": {
            "sha": "24b2600ab0160aa6503d4e5dcedd00ed88724a8f"
        },
        "MANIFEST.in": {
            "sha": "11708e4b5ab7ebab9a67b41d0177a53caacee031"
        },
        "Makefile": {
            "sha": "3823b1a7ad4019f41f387651b1ec6a2c4ff3d146"
        },
        "Pipfile": {
            "sha": "4f9a582a9b8f89f15365b0498f8dbcf035a43345"
        },
        "Pipfile.lock": {
            "sha": "d243e4952ed4448b831c872602d1cd77721b3bc4"
        },
        "README.rst": {
            "sha": "94d55da9a5377f58f70dfe894584ad54a280c428"
        },
        "setup.cfg": {
            "sha": "f3bd264ef3c9ae039cf7e55575dc2cd0a0f3152f"
        },
        "setup.py": {
            "sha": "109022ef458858508c577bbe86c382139a55b508"
        },
        "tox.ini": {
            "sha": "733c96f633eedbd765fd3857307b2906e719b4dc"
        },
        "travis_pypi_setup.py": {
            "sha": "96434afd40ddb9eaa6d16d0d60dac80b7ba5d87e"
        }
    }
}