{
    "dirs": {
        "requirements": {
            "dirs": {},
            "files": {
                "requirements-dev.txt": {
                    "sha": "1d773548d3b3fde55d54b1d33d4a6bc13d053d2e"
                },
                "requirements-docs.txt": {
                    "sha": "59e2c5292e2b1b6fceeb168f181c2ddac76f0297"
                },
                "requirements-linting.txt": {
                    "sha": "5c97b20a2d42b77fe2319e78e4687556ec4650e7"
                },
                "requirements-testing.txt": {
                    "sha": "156e4523a71865c1a89960cf2777d20fbf2aefb2"
                },
                "requirements.txt": {
                    "sha": "92d7e44334cec4f0e74d88471214be3f98772156"
                }
            }
        },
        "src": {
            "dirs": {
                "static": {
                    "dirs": {
                        "CACHE": {
                            "dirs": {},
                            "files": {
                                "manifest.json": {
                                    "sha": "e69de29bb2d1d6434b8b29ae775ad8c2e48c5391"
                                }
                            }
                        },
                        "img": {
                            "dirs": {
                                "favicon": {
                                    "dirs": {},
                                    "files": {
                                        "favicon.png": {
                                            "sha": "3b2d29af68f879e902812c5c2b8571ad0274ebf9"
                                        },
                                        "favicon.svg": {
                                            "sha": "3d6f589c0b323d6c989f3466cb7d3b6ea16de62d"
                                        }
                                    }
                                }
                            },
                            "files": {}
                        }
                    },
                    "files": {}
                },
                "tailwind_theme": {
                    "dirs": {
                        "static": {
                            "dirs": {
                                "css": {
                                    "dirs": {
                                        "dist": {
                                            "dirs": {},
                                            "files": {
                                                "styles.css": {
                                                    "sha": "2f3defe13debe1dc6c70e36dfa5de23d7ce0cd60"
                                                }
                                            }
                                        }
                                    },
                                    "files": {}
                                }
                            },
                            "files": {}
                        },
                        "static_src": {
                            "dirs": {
                                "src": {
                                    "dirs": {},
                                    "files": {
                                        "styles.css": {
                                            "sha": "c81a24560ecbf4e97d5987051b54d1cd44450042"
                                        }
                                    }
                                }
                            },
                            "files": {
                                ".gitignore": {
                                    "sha": "3c3629e647f5ddf82548912e337bea9826b434af"
                                },
                                "package-lock.json": {
                                    "sha": "fd00d775193cf98e251efcf4b8a5a2a4df1c9ba0"
                                },
                                "package.json": {
                                    "sha": "61a9c1ea5011c1b0174749e09660294881aa1085"
                                },
                                "postcss.config.js": {
                                    "sha": "0b09b348e077e63342bce824f578743e95d22b77"
                                },
                                "tailwind.config.js": {
                                    "sha": "c5df4bbd78954403d6496d87ac59cbca05002b27"
                                }
                            }
                        },
                        "templates": {
                            "dirs": {},
                            "files": {
                                "base.html": {
                                    "sha": "df59562ee9915b67c7dd1e8ad77664de897697fe"
                                }
                            }
                        }
                    },
                    "files": {
                        "__init__.py": {
                            "sha": "e69de29bb2d1d6434b8b29ae775ad8c2e48c5391"
                        },
                        "apps.py": {
                            "sha": "52620f166652046c510053a78e8aa37326a8fc4c"
                        }
                    }
                },
                "templates": {
                    "dirs": {
                        "components": {
                            "dirs": {},
                            "files": {
                                "app_header.html": {
                                    "sha": "ac83dfaf454e3386de856ca87c1a69d703f7e46c"
                                },
                                "footer.html": {
                                    "sha": "ca3475fbc001afae66bd03424f829bb56f89b978"
                                },
                                "header.html": {
                                    "sha": "1506a380ed10d561b9478585f5d2deafa0b030d2"
                                },
                                "settings_desktop_sidebar.html": {
                                    "sha": "44adebe7d467efe7ce1475787c439128130e5255"
                                }
                            }
                        },
                        "pages": {
                            "dirs": {},
                            "files": {
                                "index.html": {
                                    "sha": "6e3423dd88130cd4b1a6313ac84ce62009cebf90"
                                }
                            }
                        }
                    },
                    "files": {
                        "base.html": {
                            "sha": "f13931687b2b341e069ad39ac34ab176fd5e98b2"
                        },
                        "base_settings.html": {
                            "sha": "5a9807584b67b2e300cbfdca716b2a6a1817dc4a"
                        }
                    }
                },
                "{{ cookiecutter.project_slug }}": {
                    "dirs": {
                        "auth": {
                            "dirs": {
                                "migrations": {
                                    "dirs": {},
                                    "files": {
                                        "0001_initial.py": {
                                            "sha": "75cc222f452c53b7a95f1afbcb6e50329e691549"
                                        },
                                        "__init__.py": {
                                            "sha": "e69de29bb2d1d6434b8b29ae775ad8c2e48c5391"
                                        }
                                    }
                                },
                                "templates": {
                                    "dirs": {
                                        "auth": {
                                            "dirs": {
                                                "forms": {
                                                    "dirs": {},
                                                    "files": {
                                                        "login_form.html": {
                                                            "sha": "3aa1983f9091f7fb4cee398ce6c872d62af7014e"
                                                        },
                                                        "register_form.html": {
                                                            "sha": "47a271442adcd18b998c11f2a49426b5a7597ce9"
                                                        },
                                                        "update_password_form.html": {
                                                            "sha": "ed74fe12540124db90e1626f6e8b21b15a323607"
                                                        },
                                                        "update_user_form.html": {
                                                            "sha": "5bddf7ff3b3949bdd1230185bb1a21213059c14e"
                                                        }
                                                    }
                                                },
                                                "pages": {
                                                    "dirs": {},
                                                    "files": {
                                                        "account_settings.html": {
                                                            "sha": "019fdf7c8f4facacde1d95a9911cf9056cab0263"
                                                        },
                                                        "email_settings.html": {
                                                            "sha": "6a255fe19670fb0fd9d28cdbd8232921b4e2ce4e"
                                                        },
                                                        "login.html": {
                                                            "sha": "bd644e14dd90ca7ee455961094d3dfc59fcb9395"
                                                        },
                                                        "register.html": {
                                                            "sha": "73da7bbe6d5442ff6f08f3b93b83947293cad97c"
                                                        },
                                                        "security_settings.html": {
                                                            "sha": "d196f3daa2f3bda31ed5edd091e6156a88b8617e"
                                                        }
                                                    }
                                                }
                                            },
                                            "files": {}
                                        }
                                    },
                                    "files": {}
                                },
                                "tests": {
                                    "dirs": {
                                        "views": {
                                            "dirs": {
                                                "login_view": {
                                                    "dirs": {},
                                                    "files": {
                                                        "__init__.py": {
                                                            "sha": "e69de29bb2d1d6434b8b29ae775ad8c2e48c5391"
                                                        },
                                                        "tests.py": {
                                                            "sha": "617d3054317d28e48c6277842f75a6ef45a7d2f6"
                                                        }
                                                    }
                                                },
                                                "logout_view": {
                                                    "dirs": {},
                                                    "files": {
                                                        "__init__.py": {
                                                            "sha": "e69de29bb2d1d6434b8b29ae775ad8c2e48c5391"
                                                        },
                                                        "tests.py": {
                                                            "sha": "99d27df4d3e0b060f3d2d86716c9d0e890f82b75"
                                                        }
                                                    }
                                                },
                                                "register_view": {
                                                    "dirs": {},
                                                    "files": {
                                                        "__init__.py": {
                                                            "sha": "e69de29bb2d1d6434b8b29ae775ad8c2e48c5391"
                                                        },
                                                        "tests.py": {
                                                            "sha": "33317fee861516b36771b47535f149f338f8d7dc"
                                                        }
                                                    }
                                                }
                                            },
                                            "files": {
                                                "__init__.py": {
                                                    "sha": "e69de29bb2d1d6434b8b29ae775ad8c2e48c5391"
                                                }
                                            }
                                        }
                                    },
                                    "files": {
                                        "__init__.py": {
                                            "sha": "e69de29bb2d1d6434b8b29ae775ad8c2e48c5391"
                                        }
                                    }
                                }
                            },
                            "files": {
                                "__init__.py": {
                                    "sha": "e69de29bb2d1d6434b8b29ae775ad8c2e48c5391"
                                },
                                "admin.py": {
                                    "sha": "694323fa4c8382f9effc636c7062ef168bb62da2"
                                },
                                "apps.py": {
                                    "sha": "7671ec3eaf5bd224f3bb6b96b2fc47728f9e1423"
                                },
                                "factories.py": {
                                    "sha": "7f4b26220fd5ab1f14fa83505509539cabbef71f"
                                },
                                "forms.py": {
                                    "sha": "75bdf84fe8e47041a85b88b266727a38107e862c"
                                },
                                "models.py": {
                                    "sha": "b76cf1eaf1670a17c99424734637e5db31f05b8a"
                                },
                                "urls.py": {
                                    "sha": "9669e5536a72fd30cb3e5cc5d83aa675dcbe07d7"
                                },
                                "utils.py": {
                                    "sha": "819feebb1f005f581b00e0c36ecce348626ecdb0"
                                },
                                "views.py": {
                                    "sha": "c232af478c16b23ead91e56fee1f4b4c5561b20f"
                                }
                            }
                        },
                        "billing": {
                            "dirs": {
                                "migrations": {
                                    "dirs": {},
                                    "files": {
                                        "0001_initial.py": {
                                            "sha": "39e4537e0900ff547d001e3a7e392713b03e6d49"
                                        },
                                        "__init__.py": {
                                            "sha": "e69de29bb2d1d6434b8b29ae775ad8c2e48c5391"
                                        }
                                    }
                                },
                                "templates": {
                                    "dirs": {
                                        "billing": {
                                            "dirs": {
                                                "forms": {
                                                    "dirs": {},
                                                    "files": {
                                                        "update_billing_information_form.html": {
                                                            "sha": "56434ecbe5fd031065770a75d84d3005db5e3821"
                                                        }
                                                    }
                                                },
                                                "pages": {
                                                    "dirs": {},
                                                    "files": {
                                                        "billing_settings.html": {
                                                            "sha": "e2e4f16a0d8b380f0fce680d4f5691c94ce6b937"
                                                        }
                                                    }
                                                }
                                            },
                                            "files": {}
                                        }
                                    },
                                    "files": {}
                                }
                            },
                            "files": {
                                "__init__.py": {
                                    "sha": "e69de29bb2d1d6434b8b29ae775ad8c2e48c5391"
                                },
                                "admin.py": {
                                    "sha": "6995ae96ef49bcfde8727afb61a85a82b8fb8f8b"
                                },
                                "apps.py": {
                                    "sha": "363e6c0c310d7085886b994924ad5fe651970333"
                                },
                                "forms.py": {
                                    "sha": "dde7543cce8bb44a167394589299e7ab2ebb441f"
                                },
                                "models.py": {
                                    "sha": "0ce1a351f7de6e73efbd5eaab68fcb0025f46170"
                                },
                                "urls.py": {
                                    "sha": "7eb16e740b6a62910de006514e69617a29ae6cd4"
                                },
                                "utils.py": {
                                    "sha": "5b1b48e0a887dba3a45931d40042892d25618631"
                                },
                                "views.py": {
                                    "sha": "003306a0244575a962260a87c63347212766d856"
                                }
                            }
                        },
                        "search": {
                            "dirs": {},
                            "files": {
                                "__init__.py": {
                                    "sha": "e69de29bb2d1d6434b8b29ae775ad8c2e48c5391"
                                },
                                "api_urls.py": {
                                    "sha": "d5a090e6a4c940011764ef8a118e4bbdde0a0f05"
                                },
                                "api_views.py": {
                                    "sha": "dea359c53b3d132d7b276107e6352b9fe32bb695"
                                },
                                "apps.py": {
                                    "sha": "3c9c59e167097980c4ef027deded23528ec08dae"
                                },
                                "serializers.py": {
                                    "sha": "1a7bbbda74e0a43e7bf3e45cbbfb94a98553df3e"
                                },
                                "utils.py": {
                                    "sha": "730f28113047c58dd8889d46d9b8c2ea5652963a"
                                }
                            }
                        },
                        "utils": {
                            "dirs": {
                                "templatetags": {
                                    "dirs": {},
                                    "files": {
                                        "__init__.py": {
                                            "sha": "e69de29bb2d1d6434b8b29ae775ad8c2e48c5391"
                                        },
                                        "{{ cookiecutter.project_slug }}_utils_math.py": {
                                            "sha": "94f4dda7e6870284cf180810d201ba5fa365a4e5"
                                        },
                                        "{{ cookiecutter.project_slug }}_utils_timestamp.py": {
                                            "sha": "561428adec06d8bdf3210567a25036e8bc2ea3fb"
                                        }
                                    }
                                },
                                "timezone": {
                                    "dirs": {},
                                    "files": {
                                        "__init__.py": {
                                            "sha": "2f977f7350984f20b54575143d955bebc5ba22c9"
                                        }
                                    }
                                }
                            },
                            "files": {
                                "__init__.py": {
                                    "sha": "21db89e9d8af9b21b18d244699a1d6d33f17dc25"
                                },
                                "apps.py": {
                                    "sha": "2ade511c243e57b82d07ab24c0cf023a1e899971"
                                }
                            }
                        }
                    },
                    "files": {
                        "__init__.py": {
                            "sha": "b015a4b24a1f8510c7b512a3b42a780da6672ced"
                        },
                        "asgi.py": {
                            "sha": "b9ea91ced23cda3491df22ece7f0f8f37dbcc163"
                        },
                        "celery.py": {
                            "sha": "597cfc8b65ec8086c090cb1dcb5efbf7ed740f15"
                        },
                        "context_processors.py": {
                            "sha": "b48de45226f48deb971bf11ad6342cacbe296f0f"
                        },
                        "model_loaders.py": {
                            "sha": "29f97720d1a5b426b18c76dbfc0fb4aea3c1f763"
                        },
                        "permissions.py": {
                            "sha": "1e8f852c459133839da759260781746e76c4e754"
                        },
                        "serializers.py": {
                            "sha": "2d224a6760f0b8da7f3e27b388e72b1fdcb04a19"
                        },
                        "settings.py": {
                            "sha": "77c312243d9925c399d8659f2e168941d67743b3"
                        },
                        "urls.py": {
                            "sha": "39a59ce6383e8d004f43730745104b4f719dad38"
                        },
                        "views.py": {
                            "sha": "253242a6e9e25d7a6c0e2e6b5f8e35478c666b94"
                        },
                        "wsgi.py": {
                            "sha": "acefb8f6d436f656be31521566606ea34c847f76"
                        }
                    }
                }
            },
            "files": {
                "manage.py": {
                    "sha": "153d2a684d2f7ab8c63544e84f15090ad4e4a23d"
                }
            }
        }
    },
    "files": {
        ".coveragerc": {
            "sha": "91f9d3af22f7ff50a1708ba685ee8d84029da2c7"
        },
        ".env.example": {
            "sha": "f0cf67f1350af798049dd297cb3c2184f89c7f21"
        },
        ".flake8": {
            "sha": "f4642abe560eef8847c71823733fa78730be18c3"
        },
        ".gitignore": {
            "sha": "b3645fe6661064357bc18ca4a7cb2e503a9196ac"
        },
        ".isort.cfg": {
            "sha": "97b61563083c6bb1ea4a9cc8fd96ff704d321082"
        },
        "Makefile": {
            "sha": "95b1b8a884575dbaf4c88ef98d4aee035006dca1"
        },
        "README.md": {
            "sha": "e69de29bb2d1d6434b8b29ae775ad8c2e48c5391"
        },
        "docker-compose.yml": {
            "sha": "3b43fa45c1c6eb353b7da044670b55fe6d8a9594"
        },
        "pyproject.toml": {
            "sha": "fddad265e6ec2e837c2f94cb8de649df1ea91e05"
        },
        "pytest.ini": {
            "sha": "a00252581103aa27d767f850a66682963ba6edd9"
        },
        "requirements.txt": {
            "sha": "6529345a7b25096c12994be4f130091abaed29f7"
        },
        "runtime.txt": {
            "sha": "2fef004c58284b3cbe25966304a0787fe9167e55"
        }
    }
}