{
    "dirs": {
        "arcgis": {
            "dirs": {
                "cookiecutter.gdb": {
                    "dirs": {},
                    "files": {
                        "a00000001.TablesByName.atx": {
                            "sha": "d1f53ca9d0b29037b274a1d041ef432f3a91b719"
                        },
                        "a00000001.gdbindexes": {
                            "sha": "b02aa7510589a8e036faa03406cf6d841029f368"
                        },
                        "a00000001.gdbtable": {
                            "sha": "bf909f237f4fad67d5ac131f8aafb42847b91861"
                        },
                        "a00000001.gdbtablx": {
                            "sha": "f170688b9a49d6634cf88e9a20382fb580a185ea"
                        },
                        "a00000002.gdbtable": {
                            "sha": "a0af90eaae1fb1738ddead12a36441ef8292c88d"
                        },
                        "a00000002.gdbtablx": {
                            "sha": "7c12c568195050346285f43f1164067d9ce86e7c"
                        },
                        "a00000003.gdbindexes": {
                            "sha": "58df68d525b47a895d5876a8bf5f437a90afc3f0"
                        },
                        "a00000003.gdbtable": {
                            "sha": "013801ac5884aa02c65378095d2bf5ab301eca5e"
                        },
                        "a00000003.gdbtablx": {
                            "sha": "3fcb5b5d1701e307236fc8e23c1adcfbbd132f14"
                        },
                        "a00000004.CatItemsByPhysicalName.atx": {
                            "sha": "611eb359f159a57c666408e20b9d2b2a0d983303"
                        },
                        "a00000004.CatItemsByType.atx": {
                            "sha": "09973e6cbc9526f96eb3fe1cfd65211307f26e44"
                        },
                        "a00000004.FDO_UUID.atx": {
                            "sha": "934b4d6ea59dbbe2dec05870113c667e4998d422"
                        },
                        "a00000004.gdbindexes": {
                            "sha": "a4f334d7ba2a29501d0c354bfa511e177f638ce0"
                        },
                        "a00000004.gdbtable": {
                            "sha": "9dd7c2707dc4628afbc500ce11c3dcbcdcaf5afa"
                        },
                        "a00000004.gdbtablx": {
                            "sha": "56f089ce3cd7a18e24eef28465ed438905f25670"
                        },
                        "a00000004.horizon": {
                            "sha": "b64b92356a70378da21d5ffdecaaca5124025076"
                        },
                        "a00000004.spx": {
                            "sha": "6d236bdee5ca53a730e4092d11e2b31f1f938a7d"
                        },
                        "a00000005.CatItemTypesByName.atx": {
                            "sha": "5f5004620ba9c73658f069eeace1557d8df8cebe"
                        },
                        "a00000005.CatItemTypesByParentTypeID.atx": {
                            "sha": "269f1f31a465213f69d5cad44ad6d2744b796761"
                        },
                        "a00000005.CatItemTypesByUUID.atx": {
                            "sha": "44d74cc880f435cf3a4c82ae13e0c1bc3538a466"
                        },
                        "a00000005.gdbindexes": {
                            "sha": "bc887093f340449a4e4f40224ff3a487814c09a8"
                        },
                        "a00000005.gdbtable": {
                            "sha": "bf93ec49a465f6bf1205fb164e92bee5b3303828"
                        },
                        "a00000005.gdbtablx": {
                            "sha": "4d8932a45d487cf51013f850856df8fde680e15c"
                        },
                        "a00000006.CatRelsByDestinationID.atx": {
                            "sha": "01bcdc551bf7cfd747ab71071501f3deed9c8f24"
                        },
                        "a00000006.CatRelsByOriginID.atx": {
                            "sha": "01bcdc551bf7cfd747ab71071501f3deed9c8f24"
                        },
                        "a00000006.CatRelsByType.atx": {
                            "sha": "01bcdc551bf7cfd747ab71071501f3deed9c8f24"
                        },
                        "a00000006.FDO_UUID.atx": {
                            "sha": "01bcdc551bf7cfd747ab71071501f3deed9c8f24"
                        },
                        "a00000006.gdbindexes": {
                            "sha": "c608a88be082bd48fb5821f6bacf48df11c2495d"
                        },
                        "a00000006.gdbtable": {
                            "sha": "4fdd325bb007efb19fa0c0c77ba23147f998fb8d"
                        },
                        "a00000006.gdbtablx": {
                            "sha": "6f071b9eace228ac953203b429397d385055ae1a"
                        },
                        "a00000007.CatRelTypesByBackwardLabel.atx": {
                            "sha": "8797338e7a9c750c8dff7448fb1f9ba3da067822"
                        },
                        "a00000007.CatRelTypesByDestItemTypeID.atx": {
                            "sha": "47d2132ee8b7ee9a518ea5306182b61d0b93f04a"
                        },
                        "a00000007.CatRelTypesByForwardLabel.atx": {
                            "sha": "233026824883e4b7c81e25455c22c7cd9f42f979"
                        },
                        "a00000007.CatRelTypesByName.atx": {
                            "sha": "70ed36c3fea8bbfec79d541e8f5931e81151e214"
                        },
                        "a00000007.CatRelTypesByOriginItemTypeID.atx": {
                            "sha": "139b478cc0a4b689389507d63d6ff6ec57496bfa"
                        },
                        "a00000007.CatRelTypesByUUID.atx": {
                            "sha": "dea48d3ebdbbb51845e4bdaaec08af989846aba8"
                        },
                        "a00000007.gdbindexes": {
                            "sha": "2a98c93adab6374c865fccc1045125683eb4a05b"
                        },
                        "a00000007.gdbtable": {
                            "sha": "a25ba57b9184bfb26113c4620afdbcd458c3ed44"
                        },
                        "a00000007.gdbtablx": {
                            "sha": "bf096e13d28fc61c7dc794d7b965ba6083f1f807"
                        },
                        "gdb": {
                            "sha": "a786e127004dd9e94e88fda7742d248237ad8885"
                        },
                        "timestamps": {
                            "sha": "edeeaf577dfd34fb198d2e990c4d469c2d1c6e70"
                        }
                    }
                },
                "layer_files": {
                    "dirs": {},
                    "files": {
                        "aoi_mask.lyrx": {
                            "sha": "428bb5a4292ac6baf37146beba6d8c9c5717deb5"
                        },
                        "business.lyrx": {
                            "sha": "e218fb58d7f6a9290e143b1624d6690a971f76bc"
                        },
                        "competition.lyrx": {
                            "sha": "d88680fe86b9178c0c3975919794269b6dd74897"
                        },
                        "origin_geo.lyrx": {
                            "sha": "716c708bdad2ab11ff590fa80234e235a0173e2e"
                        }
                    }
                },
                "styles": {
                    "dirs": {},
                    "files": {
                        "Firefly.stylx": {
                            "sha": "fb027c2ffba323c0664eec30bf67de7cb7522722"
                        },
                        "OverlayFade.stylx": {
                            "sha": "fae149de0b35f630e78e04a18dc1bd4e32c0e254"
                        }
                    }
                }
            },
            "files": {
                "cookiecutter.aprx": {
                    "sha": "536c01394b17ed4cc4f08f3db20a12bf59bea9be"
                },
                "cookiecutter.tbx": {
                    "sha": "427c82c89ba313df54208fc7884372bdfa025ceb"
                }
            }
        },
        "conda-build": {
            "dirs": {},
            "files": {
                ".gitkeep": {
                    "sha": "e69de29bb2d1d6434b8b29ae775ad8c2e48c5391"
                }
            }
        },
        "conda-recipe": {
            "dirs": {},
            "files": {
                "meta.yaml": {
                    "sha": "cee8c4ea77fe6250e6cd6348cc851f3ca8be4310"
                }
            }
        },
        "docker": {
            "dirs": {},
            "files": {
                ".gitkeep": {
                    "sha": "e69de29bb2d1d6434b8b29ae775ad8c2e48c5391"
                }
            }
        },
        "docs": {
            "dirs": {
                "source": {
                    "dirs": {},
                    "files": {
                        "conf.py": {
                            "sha": "2bd88375e80c3708d0095ea200645bea473c6da1"
                        },
                        "index.rst": {
                            "sha": "a5ab0b47c704d9cfbc4a5ca4b5873b82d580ebeb"
                        }
                    }
                }
            },
            "files": {
                "Makefile": {
                    "sha": "d0c3cbf1020d5c292abdedf27627c6abe25e2293"
                },
                "getting-started.rst": {
                    "sha": "b4f71c3a293b7c30dbb94afd6f3e58997b55ceef"
                },
                "index.rst": {
                    "sha": "88e31e98b2ea1f5c1840fbb80fdf11faeca5cbf8"
                },
                "make.bat": {
                    "sha": "9534b018135ed7d5caed6298980c55e8b1d2ec82"
                }
            }
        },
        "notebooks": {
            "dirs": {},
            "files": {
                ".gitkeep": {
                    "sha": "e69de29bb2d1d6434b8b29ae775ad8c2e48c5391"
                },
                "notebook-template.ipynb": {
                    "sha": "6bcd41c1bf272bf537753f77eabdbed7be5a5bd9"
                }
            }
        },
        "references": {
            "dirs": {},
            "files": {
                ".gitkeep": {
                    "sha": "e69de29bb2d1d6434b8b29ae775ad8c2e48c5391"
                }
            }
        },
        "reports": {
            "dirs": {
                "figures": {
                    "dirs": {},
                    "files": {
                        ".gitkeep": {
                            "sha": "e69de29bb2d1d6434b8b29ae775ad8c2e48c5391"
                        }
                    }
                }
            },
            "files": {
                ".gitkeep": {
                    "sha": "e69de29bb2d1d6434b8b29ae775ad8c2e48c5391"
                }
            }
        },
        "src": {
            "dirs": {
                "{{cookiecutter.support_library}}": {
                    "dirs": {},
                    "files": {
                        "__init__.py": {
                            "sha": "08ec264b65596baf96e04c5f1634c4dd0d288433"
                        }
                    }
                }
            },
            "files": {
                "GeoAI-Tools.GetBusinessesByCode.pyt.xml": {
                    "sha": "76347a5dcb391f227966d9dca8b9a9fc1382a774"
                },
                "GeoAI-Tools.GetCompetitionByLayerLookup.pyt.xml": {
                    "sha": "1b5b50ceb15c485e4857b80b9ba5ce34b7998deb"
                },
                "GeoAI-Tools.pyt": {
                    "sha": "b368a112b5a88cfeeb694410723b735cd5eef952"
                },
                "GeoAI-Tools.pyt.xml": {
                    "sha": "7db38506156697958686aaeeee436cfc3e0410a4"
                },
                "make_data.py": {
                    "sha": "90b1ae617cad6405af858e773a339082ec0b79bb"
                }
            }
        }
    },
    "files": {
        ".bumpversion.cfg": {
            "sha": "45821690630fb63d40927a7cc4cf5c0d9f8eb737"
        },
        ".gitignore": {
            "sha": "580db8e487f41b3d636b26d46c3f4cacb696a9ba"
        },
        "LICENSE": {
            "sha": "05cf629f72643af3e383b4faa6b08d82d9b29cf8"
        },
        "README.md": {
            "sha": "a21c7b04c33e9e956f918d92255363064ca94be2"
        },
        "env": {
            "sha": "16ec9d6e4829f3fc1ea11553bb18486ecdfdebe7"
        },
        "environment.yml": {
            "sha": "cc4aea0113c4157ddf7f1329cc0e11ee48b5df8f"
        },
        "environment_dev.yml": {
            "sha": "0a6d1f59d6c7437cfb7dda7b39ae1b2a21880b19"
        },
        "make.bat": {
            "sha": "61092265ba4a49bfdaa5519c158cbb450e8de306"
        },
        "setup.py": {
            "sha": "054ad9d5cbe820ce332e60b1d7e9c02bf4949846"
        }
    }
}