{
    "dirs": {
        "docs": {
            "dirs": {
                "examples": {
                    "dirs": {},
                    "files": {
                        "model-settings.json": {
                            "sha": "2e70f24036870889b59e7853e86e70e137f16232"
                        }
                    }
                }
            },
            "files": {
                "Makefile": {
                    "sha": "7dab2b193772093f62a9b4e6be9747737c0baff9"
                },
                "commands.rst": {
                    "sha": "f1a4ea78cd003acb5dfceb72c17d7c3079fb3a0b"
                },
                "conf.py": {
                    "sha": "2fee17a12547fa735234d0a4bb250772b90eef26"
                },
                "getting-started.rst": {
                    "sha": "b4f71c3a293b7c30dbb94afd6f3e58997b55ceef"
                },
                "index.rst": {
                    "sha": "88e31e98b2ea1f5c1840fbb80fdf11faeca5cbf8"
                },
                "make.bat": {
                    "sha": "aa1d05a275222c53c5bca6fde95376ef87fc1c58"
                }
            }
        },
        "tests": {
            "dirs": {},
            "files": {
                "conftest.py": {
                    "sha": "494fcbf6d827067d5a10568bb98891fe189c64e2"
                },
                "test_runtime.py": {
                    "sha": "d1af82a38dd084cc7dc861821d4314ed95d547e2"
                }
            }
        },
        "{{ cookiecutter.repo_name }}": {
            "dirs": {},
            "files": {
                "__init__.py": {
                    "sha": "8c17edf5db2bf2f7374787076d2f5b6bdbc56fed"
                },
                "common.py": {
                    "sha": "62848e2bd6e97c144e64922af59bac3eeb9aa231"
                },
                "runtime.py": {
                    "sha": "33cf9727289a8410592a629cf739c77cf27aba9a"
                },
                "version.py": {
                    "sha": "cd96db024a0fe9c2c63132cb7c8d1b00ed2513a0"
                }
            }
        }
    },
    "files": {
        ".envrc": {
            "sha": "77f7c0bebb3fc10bcd659b75d6afb4af5f0f2044"
        },
        ".gitignore": {
            "sha": "d7c9832ff3c60eeb0b764a3b8d40fa4dad2cfee5"
        },
        ".python-version": {
            "sha": "e4fba2183587225f216eeada4c78dfab6b2e65f5"
        },
        "Dockerfile": {
            "sha": "59b683204cd3a05329dcf1e453fb468e33179138"
        },
        "LICENSE": {
            "sha": "a5b94c93cde869b0e603b9d4dbfa72941c12b00a"
        },
        "Makefile": {
            "sha": "a00e59a27627b48d02cee6bd6d031cc87dd16cdd"
        },
        "README.md": {
            "sha": "6ba749f67a4f7eb4e0dfeeecec7ef8393e1f2a89"
        },
        "pyproject.toml": {
            "sha": "3abf95e69b87f3177a590cab3301955bf31a9d7e"
        }
    }
}