{
    "dirs": {
        "tests": {
            "dirs": {},
            "files": {
                "__init__.py": {
                    "sha": "e69de29bb2d1d6434b8b29ae775ad8c2e48c5391"
                },
                "test_bake_project.py": {
                    "sha": "5a8d4ab8879354c201e2f4b3a533a9c42bbce904"
                }
            }
        },
        "{{cookiecutter.project_slug}}": {
            "dirs": {},
            "files": {
                ".gitkeep": {
                    "sha": "e69de29bb2d1d6434b8b29ae775ad8c2e48c5391"
                }
            }
        }
    },
    "files": {
        ".travis.yml": {
            "sha": "44beedb7a3f8a383b9602aa1d3251f0254bf62eb"
        },
        "CHANGELOG.md": {
            "sha": "556f4d602541dd2062ffab911682138823691d4f"
        },
        "LICENSE": {
            "sha": "49ff4df794c5bef75496a6165bfde2b0dca25cf4"
        },
        "README.md": {
            "sha": "f2190c5e52716f2facd59777a70416ad53138cc4"
        },
        "VERSION": {
            "sha": "a8faae458744870250536acd261594af2c1aa329"
        },
        "cookiecutter.json": {
            "sha": "c7ec3830beef344f1924f0b5c535f29d33732fb2"
        },
        "pytest.ini": {
            "sha": "39baf331b8e968f2b1f685e5a0edc72c90b087de"
        },
        "requirements-dev.txt": {
            "sha": "b10c8d10483aafc895b24f28bffc4981cf18d80f"
        }
    }
}