{
    "dirs": {
        ".devcontainer": {
            "dirs": {},
            "files": {
                "devcontainer.json": {
                    "sha": "5749888cbdf1e6baf956729d121956df55de713a"
                },
                "docker-compose.yml": {
                    "sha": "de0d9d3885d58879c20e45f17581876cbb87cda8"
                },
                "setup.sh": {
                    "sha": "b0961fda2a36b98bd608f4374ab1641f86b71008"
                }
            }
        },
        ".github": {
            "dirs": {
                "workflows": {
                    "dirs": {},
                    "files": {
                        "python-app-cd-flyio.yml": {
                            "sha": "55f35fa53fa5b0f346a6a5fc11d9f1bd7949e356"
                        },
                        "python-app-ci.yml": {
                            "sha": "ca43a21315e85182241e77eb51d16e2835edd3d8"
                        }
                    }
                }
            },
            "files": {}
        },
        ".vscode": {
            "dirs": {},
            "files": {
                "backend-py.code-profile": {
                    "sha": "3f1ccbf3423e1fa1516a4b45d55fc18fe11c7e91"
                },
                "frontend-vue3.code-profile": {
                    "sha": "16b695492b796c5766f16c9de10599e31d2c1478"
                },
                "launch.json": {
                    "sha": "9279df4eb5b18fe3dc5f4d48ebe5a57e731c16ab"
                },
                "settings.json": {
                    "sha": "cbb1634894abace7762a61af46294bcc07714f16"
                }
            }
        },
        "apimock": {
            "dirs": {
                "server": {
                    "dirs": {
                        "controllers": {
                            "dirs": {},
                            "files": {
                                "accounts.js": {
                                    "sha": "845cccf289b8b4bd8270f67acfaacabc267f454a"
                                },
                                "base.js": {
                                    "sha": "e93c3de8f9e3277d1183b4a173cb555e08c031d9"
                                },
                                "{{cookiecutter.app_name}}.js": {
                                    "sha": "9163b6da02b9d119aac0cdca1ce2f14047226721"
                                }
                            }
                        },
                        "data": {
                            "dirs": {},
                            "files": {
                                "index.js": {
                                    "sha": "55319e444faa93dd8fc3a7c1a3eb0d291b89588c"
                                },
                                "users.json": {
                                    "sha": "c820b50db3315e5dfe5858952500c5e46d24887c"
                                },
                                "{{ cookiecutter.model_lower }}.json": {
                                    "sha": "a523310b0514156e4747f319042229419b81c859"
                                }
                            }
                        }
                    },
                    "files": {
                        "index.js": {
                            "sha": "4f9fbb5cdbc908de98eba58754c5e39daeb5b765"
                        },
                        "utils.js": {
                            "sha": "2b9ce3ef54b4bfe8dcf6b5faad439751caa00738"
                        }
                    }
                }
            },
            "files": {
                ".dockerignore": {
                    "sha": "c2658d7d1b31848c3b71960543cb0368e56cd4c7"
                },
                "Dockerfile": {
                    "sha": "40240eb92dd66d98b1352d3c49df5c92d5b83100"
                },
                "package-lock.json": {
                    "sha": "9cdf223c770c09544e9adf24886ed135b694a39b"
                },
                "package.json": {
                    "sha": "64823901ad25b58eca60a4a76e2775892bae5937"
                }
            }
        },
        "docker": {
            "dirs": {
                "fixtures": {
                    "dirs": {},
                    "files": {
                        "{{cookiecutter.model_lower}}_fixture.json": {
                            "sha": "9c0f11bcf2c79fd7049bd02267e379f7d0d79538"
                        }
                    }
                },
                "nginx": {
                    "dirs": {},
                    "files": {
                        "default_local": {
                            "sha": "0741cd7d02598fc17db001891528ddfb46990b1a"
                        }
                    }
                }
            },
            "files": {}
        },
        "frontend-nuxt": {
            "dirs": {
                "assets": {
                    "dirs": {
                        "css": {
                            "dirs": {},
                            "files": {
                                "main.css": {
                                    "sha": "0baf2417846c7137a8f951da34f8e765939796ae"
                                }
                            }
                        }
                    },
                    "files": {}
                },
                "components": {
                    "dirs": {
                        "header": {
                            "dirs": {
                                "nav": {
                                    "dirs": {},
                                    "files": {
                                        "button.vue": {
                                            "sha": "e2c399db94307849210371b32af9fe02c1637d30"
                                        },
                                        "index.vue": {
                                            "sha": "43bdbf12c20dcc62aba1805b833f3f76bcc5e4ae"
                                        }
                                    }
                                }
                            },
                            "files": {
                                "index.vue": {
                                    "sha": "44ab329dcb3e1a3e3f1c4d9441dd43f7018f2ab8"
                                }
                            }
                        },
                        "hero": {
                            "dirs": {
                                "feature-row": {
                                    "dirs": {},
                                    "files": {
                                        "card.vue": {
                                            "sha": "a0982be0fb74f177607dc83406c859539807c390"
                                        },
                                        "index.vue": {
                                            "sha": "8da20642c6e648e5552c3daf1a3fba439993ece6"
                                        }
                                    }
                                }
                            },
                            "files": {
                                "message.vue": {
                                    "sha": "bd2375d0f4b570cc4c51dfdd24db88e57eced92c"
                                }
                            }
                        },
                        "task-list": {
                            "dirs": {
                                "card": {
                                    "dirs": {},
                                    "files": {
                                        "index.vue": {
                                            "sha": "9d2247d3cd686ecf8ae043b5897d985b36110ea5"
                                        },
                                        "item.vue": {
                                            "sha": "51f295aa823727fbce6f1bb474cab9abf3c2e16f"
                                        }
                                    }
                                }
                            },
                            "files": {
                                "index.vue": {
                                    "sha": "a1563473e30ef164460512135994db2dd1682a5a"
                                },
                                "overview.vue": {
                                    "sha": "bf2cd30fea59c6fa1fb62f9fb254999e0bb60ab1"
                                },
                                "text-input.vue": {
                                    "sha": "14d23b753d26f46ed3179fd895c9bf9548995d62"
                                }
                            }
                        }
                    },
                    "files": {
                        "dark-mode-switch.vue": {
                            "sha": "356582da092c2cfdb612b7cdee759ffef29685ee"
                        },
                        "login-card.vue": {
                            "sha": "6638b3fb3602f62ce2e693e3502ce882cfdc537c"
                        },
                        "you-can-help.vue": {
                            "sha": "0b551326da77dc579dc22112ff2a4f8bdca7f4ec"
                        }
                    }
                },
                "composables": {
                    "dirs": {},
                    "files": {
                        "useAPI.ts": {
                            "sha": "919f0ae266b5cee3f764b5eb82b595eb5835ac18"
                        }
                    }
                },
                "layouts": {
                    "dirs": {},
                    "files": {
                        "default.vue": {
                            "sha": "437c80ed50fcea11fee88d9da3206dfd14e4f941"
                        }
                    }
                },
                "middleware": {
                    "dirs": {},
                    "files": {
                        "authenticated.ts": {
                            "sha": "0b2db6e69feebfddbde12902e0858af113d900e5"
                        },
                        "unauthenticated.ts": {
                            "sha": "380b48a3bfc1d256610f45816ae468aea5767acd"
                        },
                        "user.global.ts": {
                            "sha": "386e59dc1526110c9c2d2217d610d3c4105359f3"
                        }
                    }
                },
                "pages": {
                    "dirs": {},
                    "files": {
                        "forgot-password.vue": {
                            "sha": "2e51010ca90b750ac37248529be9a384f848d3c5"
                        },
                        "home.vue": {
                            "sha": "9ff78421e02d8cfe4bfbcbb8b15db7fa0ada587c"
                        },
                        "index.vue": {
                            "sha": "e29cf42e36e6d2b5e2e22f6dee96ad3f3ae7a3a5"
                        },
                        "login.vue": {
                            "sha": "5a98468686fbadc5a4bdfb260079823dcee430f6"
                        },
                        "logout.vue": {
                            "sha": "1520fbcf00bc04179eeb7dd30b818c4adbb2637c"
                        },
                        "sign-up.vue": {
                            "sha": "924d8cb3a61c281826e71fe4b178657d38e7dd8f"
                        }
                    }
                },
                "plugins": {
                    "dirs": {},
                    "files": {
                        "api.ts": {
                            "sha": "05cb50f1db585e4668ca5c611b40890a74243512"
                        },
                        "vuetify.ts": {
                            "sha": "554255e97adbfb938f0a8814d22b6bf51f5b25b0"
                        }
                    }
                },
                "public": {
                    "dirs": {
                        "img": {
                            "dirs": {},
                            "files": {
                                "logo.png": {
                                    "sha": "a5f23ae7bff64954cf3537377a9f99306baf083d"
                                },
                                "logo.svg": {
                                    "sha": "d57771c6dfa5a94a9703305a02edbfcb2cb77a4c"
                                }
                            }
                        }
                    },
                    "files": {
                        "favicon.ico": {
                            "sha": "18993ad91cfd43e03b074dd0b5cc3f37ab38e49c"
                        },
                        "robots.txt": {
                            "sha": "8b137891791fe96927ad78e64b0aad7bded08bdc"
                        }
                    }
                },
                "server": {
                    "dirs": {},
                    "files": {
                        "tsconfig.json": {
                            "sha": "b9ed69c19eaf31e77ce2e16b509f884fe84934dc"
                        }
                    }
                },
                "stores": {
                    "dirs": {},
                    "files": {
                        "account-store.ts": {
                            "sha": "f2e6c64b89d5ac3f485d65b3b769e1d4f59391b9"
                        },
                        "task-store.ts": {
                            "sha": "f99de726e9e396339609f780a8018477053cf999"
                        }
                    }
                },
                "types": {
                    "dirs": {},
                    "files": {
                        "tasks.ts": {
                            "sha": "aca54b9d4de78a1bd6e2281e24773df2cd6889de"
                        },
                        "user.ts": {
                            "sha": "8870c63f06c6e85beb5200fbbc733de6f0d828d0"
                        }
                    }
                }
            },
            "files": {
                ".env.example": {
                    "sha": "f9ce5e85cdb2af18e7524e571cfdd218c7857f38"
                },
                ".gitignore": {
                    "sha": "5be53a13bb43ee311ffed986fb2a412ec225a52d"
                },
                "Dockerfile": {
                    "sha": "21cfd9adece82f6c18def224fc6d367a2e46de38"
                },
                "README.md": {
                    "sha": "25b58212c98dffd7229bbb5856f881efb3347868"
                },
                "app.vue": {
                    "sha": "2e64f6bde490570f0c9233029610b67b7ad0b93e"
                },
                "error.vue": {
                    "sha": "fdc77602efefbd78da1dcae9574eb7d615a362d2"
                },
                "nuxt.config.ts": {
                    "sha": "df802a0c7c2369d2967eebee35cad04367164ab5"
                },
                "package.json": {
                    "sha": "056fc3c2a0ad4ca1b47ed30b86eb4a09ab8af608"
                },
                "pnpm-lock.yaml": {
                    "sha": "d6af70c8506c497a26c8693f0f3cfc798799e3c6"
                },
                "tsconfig.json": {
                    "sha": "a746f2a70c28960c343f778a460fa6124e0b55ca"
                }
            }
        },
        "frontend": {
            "dirs": {
                ".vscode": {
                    "dirs": {},
                    "files": {
                        "extensions.json": {
                            "sha": "a7cea0b0678120a1b590d1b6592c7318039b9179"
                        },
                        "settings.json": {
                            "sha": "74cc103ec9ac88831b3140a9cab8bfe20489bdfc"
                        }
                    }
                },
                "public": {
                    "dirs": {},
                    "files": {
                        "favicon.ico": {
                            "sha": "8fb9f91b3aab4eec0c76ffc5342528033c61e247"
                        }
                    }
                },
                "src": {
                    "dirs": {
                        "api": {
                            "dirs": {},
                            "files": {
                                "README.md": {
                                    "sha": "be5c7bf8363b422556a18760f3c3d85d2549cf21"
                                },
                                "accounts.api.js": {
                                    "sha": "a85f5b198e2e30fa22d6724e331a6852bbddc142"
                                },
                                "config.js": {
                                    "sha": "f6a714e5d41904d8effc41ad3fb5825b92a45249"
                                },
                                "helpers.js": {
                                    "sha": "73a95ed464b37a6b951aa964e663bc944393d514"
                                },
                                "{{cookiecutter.app_name}}.api.js": {
                                    "sha": "db8d6158f5ae3e87f1a856cf93ca897a3bbac240"
                                }
                            }
                        },
                        "apimock": {
                            "dirs": {
                                "factories": {
                                    "dirs": {},
                                    "files": {
                                        "index.js": {
                                            "sha": "1ef075281b5beea14e88eeb2d0283a46433091aa"
                                        },
                                        "{{cookiecutter.model_singular_lower}}.js": {
                                            "sha": "7ed636da8258508aad22a90ba444da589d626c44"
                                        }
                                    }
                                },
                                "fixtures": {
                                    "dirs": {},
                                    "files": {
                                        "users.js": {
                                            "sha": "e4282960dcc9ef22a4800720cde200fb2cc0d4e0"
                                        }
                                    }
                                },
                                "routes": {
                                    "dirs": {},
                                    "files": {
                                        "accounts.js": {
                                            "sha": "fc690d07b008b03c415c73c2843b38e8d8eccd62"
                                        },
                                        "index.js": {
                                            "sha": "e8da8c38f9ae99e581ba8fb78a747fe76d8f1477"
                                        },
                                        "{{cookiecutter.app_name}}.js": {
                                            "sha": "ea2a44a8c39c6abf278fd538925c336be04906e0"
                                        }
                                    }
                                },
                                "serializers": {
                                    "dirs": {},
                                    "files": {
                                        "index.js": {
                                            "sha": "b56dd2f96a98936609fe0dbc2a80b1b7cd42ba80"
                                        }
                                    }
                                }
                            },
                            "files": {
                                "README.md": {
                                    "sha": "7681595e526a1d7926f1bc30a6c273349e3470d7"
                                },
                                "index.js": {
                                    "sha": "ea175d173543fbc67a3523341ed5c2cafbec6f20"
                                }
                            }
                        },
                        "assets": {
                            "dirs": {},
                            "files": {
                                "logo.png": {
                                    "sha": "a5f23ae7bff64954cf3537377a9f99306baf083d"
                                },
                                "logo.svg": {
                                    "sha": "d57771c6dfa5a94a9703305a02edbfcb2cb77a4c"
                                }
                            }
                        },
                        "components": {
                            "dirs": {},
                            "files": {
                                "AppErrorDialog.vue": {
                                    "sha": "945983708673658d458e01526fbf1b8c0c5722f2"
                                },
                                "AppFooter.vue": {
                                    "sha": "858297e75c1a211477b01896fa9cc855544368c8"
                                },
                                "AppNavBar.vue": {
                                    "sha": "d5f2197d7372cc956b20fb7c4864141a3eec9cd8"
                                },
                                "AppSnackbar.vue": {
                                    "sha": "af3a6e1ddb65fd4955860d9c559d193466f56648"
                                },
                                "{{cookiecutter.model_singular}}.vue": {
                                    "sha": "f324b084b867ff4acbe0624b9ef9af6972fb6b52"
                                },
                                "{{cookiecutter.model_singular}}Form.vue": {
                                    "sha": "d747bfb0fe13b31af6dd5ee2babde1d6b77bb507"
                                }
                            }
                        },
                        "layouts": {
                            "dirs": {
                                "default": {
                                    "dirs": {},
                                    "files": {
                                        "DefaultLayout.vue": {
                                            "sha": "621dd8c11ecf33aaa57284bbb9c13ba09e528c14"
                                        },
                                        "EmptyLayout.vue": {
                                            "sha": "222f886de903d18ec5f03765272faa69be26712b"
                                        }
                                    }
                                }
                            },
                            "files": {
                                "README.md": {
                                    "sha": "eba09d5a82a601888438b1fd6f124af2ef9686be"
                                }
                            }
                        },
                        "plugins": {
                            "dirs": {},
                            "files": {
                                "index.js": {
                                    "sha": "32dd51e88ad534fa177b8375c6c049bade3772c6"
                                },
                                "vuetify.js": {
                                    "sha": "6ad2b6c6ecf37b50dfeb6bce9ebcb49c23db2e7b"
                                },
                                "webfontloader.js": {
                                    "sha": "6b3ba4be42d77a957592e56ad7b3c889dc2a7e60"
                                }
                            }
                        },
                        "router": {
                            "dirs": {},
                            "files": {
                                "README.md": {
                                    "sha": "98ca5eabb29522fbea43b7e3a4588d268511bfdb"
                                },
                                "accounts.routes.js": {
                                    "sha": "83e826276961feb6d9635b92b9882c536df06ccd"
                                },
                                "base.routes.js": {
                                    "sha": "46febaeda78433f3f21c1db372580b7ff4bed2a4"
                                },
                                "index.js": {
                                    "sha": "cfe7bde79dee51714caacbe248f9f760ab42faaa"
                                },
                                "{{cookiecutter.app_name}}.routes.js": {
                                    "sha": "1c6930b836b26b05d73518a974a68f1be2334d2d"
                                }
                            }
                        },
                        "settings": {
                            "dirs": {},
                            "files": {
                                "README.md": {
                                    "sha": "9b973350702b082869804e65e2cbd1fef710e6a4"
                                },
                                "environment.js": {
                                    "sha": "808c59abf32b880f97ac128e84139984c0973581"
                                },
                                "index.js": {
                                    "sha": "d19c9296c9c347e93ac1dc35987841544393a0f0"
                                }
                            }
                        },
                        "stores": {
                            "dirs": {},
                            "files": {
                                "README.md": {
                                    "sha": "f0368b72a2cdb559d695b40067ac5b8d3ebdf6bc"
                                },
                                "accountsStore.js": {
                                    "sha": "1f9b4dfc1e817970c6033d71e88c2794af4261b7"
                                },
                                "baseStore.js": {
                                    "sha": "2c71376f8ae93e7697ac28b9ed9c773e15e7c051"
                                },
                                "baseStore.test.js": {
                                    "sha": "426f3adb1a0422227f264f982465d61458d0696e"
                                },
                                "{{cookiecutter.app_name}}Store.js": {
                                    "sha": "34edf7a468db943e35701d16b62abc13afa2ea70"
                                }
                            }
                        },
                        "{{cookiecutter.pages_folder_name}}": {
                            "dirs": {
                                "accounts": {
                                    "dirs": {},
                                    "files": {
                                        "LoginView.vue": {
                                            "sha": "f696debd1dc264b1fa0dc5fb5fb1131773baf4d3"
                                        },
                                        "LogoutView.vue": {
                                            "sha": "2402d411a25531a33aeae6f2e527299d4d3392ef"
                                        }
                                    }
                                },
                                "base": {
                                    "dirs": {},
                                    "files": {
                                        "GetStartedView.vue": {
                                            "sha": "01e9451228a57ca33dc95a9ccced7cdb9f82d500"
                                        },
                                        "HomeView.vue": {
                                            "sha": "7495c4459e82dc2bc56485886d1099dcaec1c692"
                                        },
                                        "Page404View.vue": {
                                            "sha": "01501d81ef24517631e98afccd648a3b0e8cebee"
                                        }
                                    }
                                },
                                "{{cookiecutter.app_name}}": {
                                    "dirs": {},
                                    "files": {
                                        "{{cookiecutter.model_singular}}ListView.vue": {
                                            "sha": "48554139ad653777babffd7d994fa60cf74cc971"
                                        }
                                    }
                                }
                            },
                            "files": {}
                        }
                    },
                    "files": {
                        "App.vue": {
                            "sha": "b22f3958dc0eebbdc2c91766b14d9e3b95dc7371"
                        },
                        "main.js": {
                            "sha": "1d8597ad361a4d920a702e75c31ead93f8e7cd5b"
                        }
                    }
                }
            },
            "files": {
                ".browserslistrc": {
                    "sha": "dc3bc09a247732bf162a0078796c68ebdc074c30"
                },
                ".dockerignore": {
                    "sha": "1ccb5f91ddc2444a39d855d32c9b97c1eb0d6cd9"
                },
                ".editorconfig": {
                    "sha": "7053c49a045c91bd8b3015c1cf3d1f6da21660d8"
                },
                ".env": {
                    "sha": "ce37a4e6404fcc913daca10266ee2634b08a6087"
                },
                ".eslintrc.js": {
                    "sha": "6ca3ab1b054c7b95a62f13c429ad9c8ecd6af531"
                },
                ".gitignore": {
                    "sha": "53fe48174936a49da148cfdadfd532232e0b929f"
                },
                ".nvmrc": {
                    "sha": "030fcd56bf7d9ba0aa82b11d2b48fc56bb7dcd7c"
                },
                ".prettierrc": {
                    "sha": "2dd9fbff69ef9c33fb612298815d51c16694d27f"
                },
                "Dockerfile": {
                    "sha": "58baaa0be7772325f02bb6c23bed7ae844d22fe2"
                },
                "README.md": {
                    "sha": "c5209cf8bffef7e94f936c8493be7eb66fdd221c"
                },
                "index.html": {
                    "sha": "8590e2c4f527bb9ee645c3eec53a187610fa2bce"
                },
                "jsconfig.json": {
                    "sha": "b6bd4c8dc1c5a5798dc8b2959120bc4220eadf5a"
                },
                "package-lock.json": {
                    "sha": "525754673f65282a473026aa0d1337bab4978a09"
                },
                "package.json": {
                    "sha": "fa6001a80d3e999e50d320cefbdd063b03451a1f"
                },
                "vite.config.js": {
                    "sha": "5227d1c8e883df7695399120db7b9a5bbeb821e3"
                },
                "vitest.config.js": {
                    "sha": "a2f57a5d5e8e226cc1a93515d7942b2c74bef0a7"
                }
            }
        },
        "{{cookiecutter.project_slug}}": {
            "dirs": {
                "accounts": {
                    "dirs": {
                        "migrations": {
                            "dirs": {},
                            "files": {
                                "0001_initial.py": {
                                    "sha": "001d67c836e7e67cf9da9236dcf5d93b661eadc0"
                                },
                                "__init__.py": {
                                    "sha": "e69de29bb2d1d6434b8b29ae775ad8c2e48c5391"
                                }
                            }
                        },
                        "tests": {
                            "dirs": {},
                            "files": {
                                "__init__.py": {
                                    "sha": "e69de29bb2d1d6434b8b29ae775ad8c2e48c5391"
                                },
                                "conftest.py": {
                                    "sha": "0a0c9ac2138d58bd09dbefacf9425b4c436d2cbd"
                                },
                                "test_auth_api.py": {
                                    "sha": "6d0d6881015792ec3580e251c8a18fcb9402f6c6"
                                }
                            }
                        }
                    },
                    "files": {
                        "__init__.py": {
                            "sha": "e69de29bb2d1d6434b8b29ae775ad8c2e48c5391"
                        },
                        "admin.py": {
                            "sha": "9e518cea74b29a302dc909f1957322c1ba5b03c6"
                        },
                        "apps.py": {
                            "sha": "349196388bb3d30204f2faa8a4c2acdd078e6f0c"
                        },
                        "models.py": {
                            "sha": "3b76bfd07f4cd0d00968b60ddcc76019c96814bc"
                        },
                        "schemas.py": {
                            "sha": "019b4e84e77f9cf0f5332ce186088f649cb4ec83"
                        },
                        "urls.py": {
                            "sha": "eb478637ff891ec92c0f67401724fe1aece7c15c"
                        },
                        "views.py": {
                            "sha": "03b42c1d79c3332f1978b931a65cf5b3bf39096a"
                        }
                    }
                },
                "base": {
                    "dirs": {
                        "migrations": {
                            "dirs": {},
                            "files": {
                                "__init__.py": {
                                    "sha": "e69de29bb2d1d6434b8b29ae775ad8c2e48c5391"
                                }
                            }
                        },
                        "templates": {
                            "dirs": {
                                "base": {
                                    "dirs": {},
                                    "files": {
                                        "apihome.html": {
                                            "sha": "47f43e1c255056b76f7f46b6989372a683b14316"
                                        }
                                    }
                                }
                            },
                            "files": {}
                        },
                        "tests": {
                            "dirs": {},
                            "files": {
                                "test_status.py": {
                                    "sha": "165053f103ee2572de4d782c1d1481f2033b4696"
                                }
                            }
                        }
                    },
                    "files": {
                        "__init__.py": {
                            "sha": "e69de29bb2d1d6434b8b29ae775ad8c2e48c5391"
                        },
                        "admin.py": {
                            "sha": "4185d360e9a725a190ddfd9b8cce8aeb0df64cc3"
                        },
                        "apps.py": {
                            "sha": "fb2da049a4365f6de79f836207bcfd3e779512a6"
                        },
                        "exceptions.py": {
                            "sha": "67ab0ec2d4a7056a96e6e2953bf0bd0eb76b5115"
                        },
                        "middlewares.py": {
                            "sha": "0612b47a2dde1b33c9d70e32927f2438725aca74"
                        },
                        "models.py": {
                            "sha": "0b4331b362b98a4e5947c491612f95a3c2e56686"
                        },
                        "schemas.py": {
                            "sha": "c29d44dd2f00e2b2631f5e198f4866ecf5342c44"
                        },
                        "urls.py": {
                            "sha": "74f2466360b69e4e2516c4d0ebad3e0c7fc669e4"
                        },
                        "views.py": {
                            "sha": "a977c89f9e27393ae7cc5b57c8f015ab4480c642"
                        }
                    }
                },
                "commons": {
                    "dirs": {},
                    "files": {
                        "__init__.py": {
                            "sha": "e69de29bb2d1d6434b8b29ae775ad8c2e48c5391"
                        },
                        "django_views_utils.py": {
                            "sha": "0cb95bf655182d9ada7633161ab972fa67566e6a"
                        }
                    }
                },
                "{{cookiecutter.app_name}}": {
                    "dirs": {
                        "migrations": {
                            "dirs": {},
                            "files": {
                                "0001_initial.py": {
                                    "sha": "cc93774e42d784f7a002a3d75e13a4b9df87b5fb"
                                },
                                "0002_create_{{cookiecutter.model_singular_lower}}.py": {
                                    "sha": "85dca7c8f5d046ad3eeea43e5575257069cf747e"
                                },
                                "0003_delete_activitylog.py": {
                                    "sha": "99848ff3f1a7f46cffefd028e6e4ad8aac2de6d5"
                                },
                                "__init__.py": {
                                    "sha": "e69de29bb2d1d6434b8b29ae775ad8c2e48c5391"
                                }
                            }
                        },
                        "service": {
                            "dirs": {},
                            "files": {
                                "__init__.py": {
                                    "sha": "e69de29bb2d1d6434b8b29ae775ad8c2e48c5391"
                                },
                                "{{cookiecutter.model_lower}}_svc.py": {
                                    "sha": "270d0f211861c5a836d829b2a061dca37ecdec6c"
                                }
                            }
                        },
                        "tests": {
                            "dirs": {},
                            "files": {
                                "__init__.py": {
                                    "sha": "e69de29bb2d1d6434b8b29ae775ad8c2e48c5391"
                                },
                                "conftest.py": {
                                    "sha": "8bbb38d886bd73fa78e89c286a24f314c17ce098"
                                },
                                "test_api_add_{{cookiecutter.model_lower}}.py": {
                                    "sha": "76d32ea13331491c76b4b777c7b572abc7a76d22"
                                },
                                "test_api_geral_{{cookiecutter.model_lower}}.py": {
                                    "sha": "b7838a73769d0f5536f96185602fecc78cb3622a"
                                },
                                "test_api_list_{{cookiecutter.model_lower}}.py": {
                                    "sha": "df807d61584b29adfcd1f06a3b3b7e77e8546b30"
                                },
                                "test_svc_add_{{cookiecutter.model_lower}}.py": {
                                    "sha": "bb099440bc56e29c1ea6f8829f0af1f12c1150bd"
                                },
                                "test_svc_list_{{cookiecutter.model_lower}}.py": {
                                    "sha": "5dbfa755b3f834e2f7ba3e13845528113597095a"
                                }
                            }
                        }
                    },
                    "files": {
                        "__init__.py": {
                            "sha": "e69de29bb2d1d6434b8b29ae775ad8c2e48c5391"
                        },
                        "admin.py": {
                            "sha": "da5f271e2a88d63a5313aede6fe762edf78d5d18"
                        },
                        "apps.py": {
                            "sha": "862fa177ebb96242924ddd043e1f7395a56d8925"
                        },
                        "models.py": {
                            "sha": "e383ac9bd8a768c7d157cdb266e077b8e0a52686"
                        },
                        "schemas.py": {
                            "sha": "f3e0628ba1600fbf04296cf4d45b0d6b20980923"
                        },
                        "urls.py": {
                            "sha": "7b3874cebf85a1246ccf567710c656ff2d066cea"
                        },
                        "views.py": {
                            "sha": "aad1067ccdd74c39abaa1e619553b66819461e61"
                        }
                    }
                },
                "{{cookiecutter.project_slug}}": {
                    "dirs": {},
                    "files": {
                        "__init__.py": {
                            "sha": "e69de29bb2d1d6434b8b29ae775ad8c2e48c5391"
                        },
                        "api.py": {
                            "sha": "a07f46a501b441243866379cfe8fc8e058870161"
                        },
                        "settings.py": {
                            "sha": "b3763221343e46376e9cb30ea9fb1187e4bcc90e"
                        },
                        "urls.py": {
                            "sha": "93279061e2333371c1c4963b602c82215505843a"
                        },
                        "wsgi.py": {
                            "sha": "2e36f8dfdf4dad34adf4424ae532b098d9782ec0"
                        }
                    }
                }
            },
            "files": {
                "__init__.py": {
                    "sha": "e69de29bb2d1d6434b8b29ae775ad8c2e48c5391"
                }
            }
        }
    },
    "files": {
        ".dockerignore": {
            "sha": "4a8d247baa314e6feb7afe0cfb19f20885fe4102"
        },
        ".env.example": {
            "sha": "3364ad84035fe70da0bc87f9b33353a5f9742e28"
        },
        ".gitignore": {
            "sha": "f4ba8e47b0934c5337fd496bb75141b52eb584be"
        },
        "Dockerfile": {
            "sha": "21d90bcd78319e00b76548051084405ebdd7774d"
        },
        "FLYIO.md": {
            "sha": "3efe22ae7b5612b91d11bf21b3c90c87e9c41c20"
        },
        "Makefile": {
            "sha": "838bc53fad301312887011d771ba754365ec1687"
        },
        "README.md": {
            "sha": "d832f4f796394cc2e250ba56ae5b4d05af2ecace"
        },
        "docker-compose.yml": {
            "sha": "90dbaa487d917b55ce9f947c858c4ba688e4f98b"
        },
        "manage.py": {
            "sha": "ba607de4dfa9bdfd2364bd6c6aa7c81108c8cf76"
        },
        "pyproject.toml": {
            "sha": "21d0446ba17ee5f8c95db5c7fd20cc75090231b9"
        },
        "requirements-dev.txt": {
            "sha": "6562da69b043c24d41ac9d5f91d23e73b93a3b5e"
        },
        "requirements.txt": {
            "sha": "32ec8859111afb6b6fcd07b551981da8ae627e62"
        },
        "tox.ini": {
            "sha": "a5f9465271e50b6a0ee2ee9b247672c3e3c4e417"
        }
    }
}