{
    "dirs": {
        ".github": {
            "dirs": {
                "workflows": {
                    "dirs": {},
                    "files": {
                        "deploy.yml": {
                            "sha": "8428131f65dfebdc2f403db0426fabc80778c47a"
                        }
                    }
                }
            },
            "files": {}
        },
        "{{cookiecutter.book_slug}}": {
            "dirs": {},
            "files": {
                "_config.yml": {
                    "sha": "edc64e0a7a85fbabc8654be9be124d793e814012"
                },
                "_toc-legacy.yml": {
                    "sha": "10aec3a561548b8d3382897d1db031788012e979"
                },
                "_toc.yml": {
                    "sha": "d4311d41ca22dbf0dab9d6403d805694e60914a0"
                },
                "content.md": {
                    "sha": "0f6aca77a10430e6ee78d91d56085769882b9dce"
                },
                "intro.md": {
                    "sha": "95577c402e3a8ee42fdca134a8d74b076c63d7e0"
                },
                "logo.png": {
                    "sha": "06d56f40c838b64eb048a63e036125964a069a3a"
                },
                "markdown-notebooks.md": {
                    "sha": "6d97104015bffb54b95b34be281e78412e40b094"
                },
                "markdown.md": {
                    "sha": "deaf054e37777184854e08e3299501cc34af9c95"
                },
                "notebooks.ipynb": {
                    "sha": "fdb7176c429a73d5335e127b27d530b8aaa07c7d"
                },
                "references.bib": {
                    "sha": "87e6098801f3f4b1461ce2b92f5dcfb719e33508"
                }
            }
        }
    },
    "files": {
        ".gitlab-ci.yml": {
            "sha": "de7cf0e51301850cb9b684c321494ea787813c57"
        },
        "CONDUCT.md": {
            "sha": "3f5562bc975f7e24ef03971f2329c1cbdbfd59b5"
        },
        "CONTRIBUTING.md": {
            "sha": "d4122f79990f50993bf7905117c7356185daffaf"
        },
        "LICENSE": {
            "sha": "1d5826e520a9c2ee2af964f5725d042456fc769a"
        },
        "README.md": {
            "sha": "43e2ff10d53d611fe8178b188724e976b6c7f87f"
        },
        "requirements.txt": {
            "sha": "d8735668ec24dfe688a1725d1cd9823616b06fc4"
        }
    }
}