{
    "dirs": {
        "ansible": {
            "dirs": {},
            "files": {
                "install.yml": {
                    "sha": "60c4309e2a6c5b293bfaa17faf7750e2fcede738"
                },
                "inventory": {
                    "sha": "d228f0731d09d35d5f06bdb3ee5bd427b6fd8752"
                },
                "update.yml": {
                    "sha": "a5c3610ef3e0cd478f32b7e3a3b591318556fa13"
                }
            }
        },
        "etc": {
            "dirs": {
                "default": {
                    "dirs": {},
                    "files": {
                        "{{cookiecutter.app_name}}": {
                            "sha": "475c2f09f239f97ddd29aaca4e1ca85234b75c89"
                        }
                    }
                },
                "init.d": {
                    "dirs": {},
                    "files": {
                        "{{cookiecutter.app_name}}": {
                            "sha": "1390c6df5a3a9a3d00bb5793618b432d45d9990e"
                        }
                    }
                },
                "logrotate.d": {
                    "dirs": {},
                    "files": {
                        "{{cookiecutter.app_name}}": {
                            "sha": "4ae695bf965b0bf5f3f44ac46e28a9ae7e80f323"
                        }
                    }
                },
                "monit": {
                    "dirs": {
                        "conf.d": {
                            "dirs": {},
                            "files": {
                                "{{cookiecutter.app_name}}": {
                                    "sha": "2787ef0555917a4a962c65bb32c8f83eb59387f8"
                                }
                            }
                        }
                    },
                    "files": {}
                },
                "systemd": {
                    "dirs": {
                        "system": {
                            "dirs": {},
                            "files": {
                                "{{cookiecutter.app_name}}.service": {
                                    "sha": "591c50d1c86a364781eb77bd190d95c4fcfe593c"
                                },
                                "{{cookiecutter.app_name}}.socket": {
                                    "sha": "b057431e879d741a237fce91e37edc6f1ce759ac"
                                }
                            }
                        }
                    },
                    "files": {}
                },
                "{{cookiecutter.app_name}}": {
                    "dirs": {
                        "api_hour": {
                            "dirs": {},
                            "files": {
                                "gunicorn_conf.py": {
                                    "sha": "ed6c383808822734ac41641902b807796bea14b0"
                                },
                                "logging.ini": {
                                    "sha": "433c98f0e11bc6fed83cc825a8cf0b1e643206c3"
                                }
                            }
                        },
                        "main": {
                            "dirs": {},
                            "files": {
                                "main.yaml": {
                                    "sha": "c9853527595c98e86edebfc8d78626604cfd4427"
                                }
                            }
                        }
                    },
                    "files": {}
                }
            },
            "files": {
                "rsyslog.conf": {
                    "sha": "a483c97bc20dbdf34f2168e6deba2353b9aba6f2"
                }
            }
        },
        "{{cookiecutter.app_name}}": {
            "dirs": {
                "endpoints": {
                    "dirs": {},
                    "files": {
                        "__init__.py": {
                            "sha": "19f5a8f7c4e5acd21545449f8d5319c3f62fadc2"
                        },
                        "{{cookiecutter.endpoint_name}}.py": {
                            "sha": "4eb03b2dfa204230a5686d46b7d8c3eebc5cc8c9"
                        }
                    }
                },
                "services": {
                    "dirs": {},
                    "files": {
                        "__init__.py": {
                            "sha": "7d220e48b31a22475c78c3544def079ad1cbee34"
                        },
                        "{{cookiecutter.service_name}}.py": {
                            "sha": "2e887ada879f325dea2a2bd9bb8abdcfba4b0f1e"
                        }
                    }
                },
                "utils": {
                    "dirs": {},
                    "files": {
                        "__init__.py": {
                            "sha": "e35056f1c62e9a819574efc4c4e1881c6573a997"
                        }
                    }
                }
            },
            "files": {
                "__init__.py": {
                    "sha": "734f1c12cd9f52deb234de967f47bc984f71c471"
                }
            }
        }
    },
    "files": {
        ".gitignore": {
            "sha": "7c93376ce36aff0a0c58e7fb42a39fe6bc3177af"
        },
        "LICENSE": {
            "sha": "41a9656a9c6304cf637e2b3b925a6d6b2612f3c0"
        },
        "README.rst": {
            "sha": "11186fcf759218eb878e7eb33584fc4f51433a6a"
        },
        "dev_server.sh": {
            "sha": "7a7fafd3c9810c5e6bd528c4c92611fddf86fe86"
        },
        "requirements.txt": {
            "sha": "3baf76227a78955c65b77e33a466b2d1a30db114"
        }
    }
}