{
    "dirs": {
        ".github": {
            "dirs": {
                "actions": {
                    "dirs": {
                        "build": {
                            "dirs": {},
                            "files": {
                                "action.yml": {
                                    "sha": "41a6ed4ef338e329fa394586aef04ecf3907a50e"
                                }
                            }
                        }
                    },
                    "files": {}
                },
                "workflows": {
                    "dirs": {},
                    "files": {
                        "ci.yml": {
                            "sha": "1de97d3318b5ca0d5a867710ee1d811dc594bc7f"
                        }
                    }
                }
            },
            "files": {}
        },
        "src": {
            "dirs": {
                ".django-app-template": {
                    "dirs": {
                        "admin": {
                            "dirs": {},
                            "files": {
                                "__init__.py-tpl": {
                                    "sha": "6312f38e912ff6a0d76c9afa5924072048fa10d5"
                                }
                            }
                        },
                        "api": {
                            "dirs": {
                                "v1": {
                                    "dirs": {
                                        "serializers": {
                                            "dirs": {},
                                            "files": {
                                                "__init__.py-tpl": {
                                                    "sha": "e69de29bb2d1d6434b8b29ae775ad8c2e48c5391"
                                                }
                                            }
                                        },
                                        "views": {
                                            "dirs": {},
                                            "files": {
                                                "__init__.py-tpl": {
                                                    "sha": "44f0b885645c59d3e449d27839c50e6d32dbc892"
                                                }
                                            }
                                        }
                                    },
                                    "files": {
                                        "__init__.py-tpl": {
                                            "sha": "e69de29bb2d1d6434b8b29ae775ad8c2e48c5391"
                                        },
                                        "urls.py-tpl": {
                                            "sha": "e91590f129618a37fcbeecdcf61f7a24054e79b8"
                                        }
                                    }
                                }
                            },
                            "files": {}
                        },
                        "migrations": {
                            "dirs": {},
                            "files": {
                                "__init__.py-tpl": {
                                    "sha": "e69de29bb2d1d6434b8b29ae775ad8c2e48c5391"
                                }
                            }
                        },
                        "models": {
                            "dirs": {},
                            "files": {
                                "__init__.py-tpl": {
                                    "sha": "3447d87a479fc6521d3114c0d4869a9ec145713d"
                                }
                            }
                        },
                        "tests": {
                            "dirs": {
                                "api": {
                                    "dirs": {
                                        "v1": {
                                            "dirs": {},
                                            "files": {
                                                "__init__.py-tpl": {
                                                    "sha": "e69de29bb2d1d6434b8b29ae775ad8c2e48c5391"
                                                }
                                            }
                                        }
                                    },
                                    "files": {
                                        "__init__.py-tpl": {
                                            "sha": "e69de29bb2d1d6434b8b29ae775ad8c2e48c5391"
                                        }
                                    }
                                }
                            },
                            "files": {
                                "__init__.py-tpl": {
                                    "sha": "e69de29bb2d1d6434b8b29ae775ad8c2e48c5391"
                                }
                            }
                        }
                    },
                    "files": {
                        "__init__.py-tpl": {
                            "sha": "e69de29bb2d1d6434b8b29ae775ad8c2e48c5391"
                        },
                        "admin.py-tpl": {
                            "sha": "b1853f8af32d9c298698f741893072150209a3cb"
                        },
                        "apps.py-tpl": {
                            "sha": "865202f29c7c93786fbce76097bd6ea88a5b34ab"
                        },
                        "factory.py-tpl": {
                            "sha": "e69de29bb2d1d6434b8b29ae775ad8c2e48c5391"
                        },
                        "fixtures.py-tpl": {
                            "sha": "e69de29bb2d1d6434b8b29ae775ad8c2e48c5391"
                        }
                    }
                },
                "a12n": {
                    "dirs": {
                        "api": {
                            "dirs": {},
                            "files": {
                                "throttling.py": {
                                    "sha": "e2a690aa767f7f8fa9dfb898c1aff82e77ebe963"
                                },
                                "urls.py": {
                                    "sha": "7774e5b1c25207f677cd1bf2eacfb820f34165b5"
                                },
                                "views.py": {
                                    "sha": "6bf404b381a03ac18fad150572aedd0a3d3170c5"
                                }
                            }
                        },
                        "migrations": {
                            "dirs": {},
                            "files": {
                                "__init__.py": {
                                    "sha": "e69de29bb2d1d6434b8b29ae775ad8c2e48c5391"
                                }
                            }
                        },
                        "tests": {
                            "dirs": {
                                "jwt_views": {
                                    "dirs": {},
                                    "files": {
                                        "test_obtain_jwt_view.py": {
                                            "sha": "959c34cec20f90de9fc25773a6a2ca365b909a6c"
                                        },
                                        "test_refresh_jwt_token.py": {
                                            "sha": "104236b1e852788c5e1afed6650b4c2f761527dc"
                                        }
                                    }
                                }
                            },
                            "files": {}
                        }
                    },
                    "files": {
                        "__init__.py": {
                            "sha": "e69de29bb2d1d6434b8b29ae775ad8c2e48c5391"
                        },
                        "utils.py": {
                            "sha": "33e68e3af654280f9f292c5d41f872e0047f4af0"
                        }
                    }
                },
                "app": {
                    "dirs": {
                        "admin": {
                            "dirs": {},
                            "files": {
                                "__init__.py": {
                                    "sha": "9b4931a8a169a728557a2e197e7d8652225c6aa8"
                                },
                                "model_admin.py": {
                                    "sha": "f732f8891382f4d823f29467801b37510e4bebda"
                                }
                            }
                        },
                        "api": {
                            "dirs": {},
                            "files": {
                                "pagination.py": {
                                    "sha": "c8b88cad9f2b389952b2939105c438dde94f66c2"
                                },
                                "renderers.py": {
                                    "sha": "89fded2096a09ec6e30146d0a490bb0c7eb68aaa"
                                },
                                "throttling.py": {
                                    "sha": "be3b63f90389e5dc600b91dd3b4a7b38db5cffac"
                                },
                                "viewsets.py": {
                                    "sha": "7113271b83051b0ce449433c869c6854d2c4f0f7"
                                }
                            }
                        },
                        "conf": {
                            "dirs": {},
                            "files": {
                                "api.py": {
                                    "sha": "83e62a990fef132416690739825600ee9fd4be62"
                                },
                                "auth.py": {
                                    "sha": "cb4f0f7e23d9823e3c63abaf100aef13731bfab4"
                                },
                                "boilerplate.py": {
                                    "sha": "93170a60fe40de451991b8b351e0b85d89ac2707"
                                },
                                "celery.py": {
                                    "sha": "692d5bc6fe58c6cf758cd890f4580815dcbd691b"
                                },
                                "db.py": {
                                    "sha": "f4230128d8a5c84950f9eb50cc14ce5e657d443e"
                                },
                                "environ.py": {
                                    "sha": "5d98314f18adbc8e45080c8ab718e116e4e0d3ac"
                                },
                                "healthchecks.py": {
                                    "sha": "5a555ef43b24f4deda7387b31ee37c55caaeb386"
                                },
                                "http.py": {
                                    "sha": "de84e241d2d7c9694858dba42576eadf7d055689"
                                },
                                "i18n.py": {
                                    "sha": "9c788e7db8156c8bbebec00314a119eb2c0e3ce3"
                                },
                                "installed_apps.py": {
                                    "sha": "743b9adb9f7034a0e97d5c765b9fd744843fa974"
                                },
                                "media.py": {
                                    "sha": "10a5aaa9b86b2ee15c40a0e95425814089fb63cb"
                                },
                                "middleware.py": {
                                    "sha": "a59a180e150398d72d89d0086d44b075ce65887c"
                                },
                                "sentry.py": {
                                    "sha": "c29de4351684b7163b488b8c2f575e0e448f047a"
                                },
                                "static.py": {
                                    "sha": "14f494b5c9380349ac1eb327dd09b10eccc400ad"
                                },
                                "storage.py": {
                                    "sha": "e38342d93232870c8c65b6e1deafe0a4a18d9754"
                                },
                                "templates.py": {
                                    "sha": "258c316d2c696b9dce56ed15be55198ec0b5bb78"
                                },
                                "timezone.py": {
                                    "sha": "bed6c7abf0199471807fd7f2773b16704523693d"
                                }
                            }
                        },
                        "fixtures": {
                            "dirs": {},
                            "files": {
                                "__init__.py": {
                                    "sha": "4454c2e511af034010c58a68839b810aa6562c47"
                                },
                                "api.py": {
                                    "sha": "64be3ec74c42ee0bcf500dc192be3922d2969618"
                                },
                                "factory.py": {
                                    "sha": "aa4c777eefd30e69405178a66aef3bd093b4e586"
                                }
                            }
                        },
                        "management": {
                            "dirs": {
                                "commands": {
                                    "dirs": {},
                                    "files": {
                                        "makemigrations.py": {
                                            "sha": "557b517609d18b7b9a27fa96e687d5978782b5fb"
                                        },
                                        "startapp.py": {
                                            "sha": "c62f400e561880e4c704310e993bbd125238d38b"
                                        }
                                    }
                                }
                            },
                            "files": {}
                        },
                        "middleware": {
                            "dirs": {},
                            "files": {
                                "real_ip.py": {
                                    "sha": "286c1c95382d25729cfd369fc03d9a321957c041"
                                }
                            }
                        },
                        "testing": {
                            "dirs": {},
                            "files": {
                                "__init__.py": {
                                    "sha": "d6e2ad5a7f61f9b8bb9a44d54e85a328123ba7b9"
                                },
                                "api.py": {
                                    "sha": "965a70498a1971aeeec243090111a79b5063316a"
                                },
                                "factory.py": {
                                    "sha": "da4504de9f345309afd73926897127e7b08db8fc"
                                },
                                "mixer.py": {
                                    "sha": "f236533bc36c581d27a920616f17d1b1484e04fe"
                                },
                                "runner.py": {
                                    "sha": "1de736728b3a5eb8fcce2c339ca794655f7f6b4c"
                                },
                                "types.py": {
                                    "sha": "ca949a84dbb361ff5537701e3cc084dd41d9cae5"
                                }
                            }
                        },
                        "tests": {
                            "dirs": {
                                "testing": {
                                    "dirs": {
                                        "factory": {
                                            "dirs": {},
                                            "files": {
                                                "__init__.py": {
                                                    "sha": "e69de29bb2d1d6434b8b29ae775ad8c2e48c5391"
                                                },
                                                "test_factory.py": {
                                                    "sha": "465bd1c24a7b01f2458db2923ecda167f08e3705"
                                                },
                                                "test_registry.py": {
                                                    "sha": "389b7e523369726f0e233dbbd4b3c4ebd5c4eab5"
                                                }
                                            }
                                        }
                                    },
                                    "files": {
                                        "__init__.py": {
                                            "sha": "e69de29bb2d1d6434b8b29ae775ad8c2e48c5391"
                                        }
                                    }
                                }
                            },
                            "files": {
                                "__init__.py": {
                                    "sha": "e69de29bb2d1d6434b8b29ae775ad8c2e48c5391"
                                },
                                "test_health.py": {
                                    "sha": "43f8452b64304c23a5bc45b28f99c4252cf5426a"
                                },
                                "test_remote_addr_midlleware.py": {
                                    "sha": "a01a765e2a85c6003bea81314c3805ff33bd4dc1"
                                }
                            }
                        },
                        "urls": {
                            "dirs": {},
                            "files": {
                                "__init__.py": {
                                    "sha": "a6923df460d3c9493d978d10838d1b413dfd1fcf"
                                },
                                "v1.py": {
                                    "sha": "2e5eab61e42ebb004efc77cc29775db0af4842f0"
                                }
                            }
                        }
                    },
                    "files": {
                        ".env.ci": {
                            "sha": "634cb0cda343134034cc2cff839425bb67fab14a"
                        },
                        "__init__.py": {
                            "sha": "e69de29bb2d1d6434b8b29ae775ad8c2e48c5391"
                        },
                        "apps.py": {
                            "sha": "efd3843cc5a51168697a28aac8d01873ff0cc409"
                        },
                        "base_config.py": {
                            "sha": "ab876777525de01aab33c576d939c3d14dcf9b5c"
                        },
                        "celery.py": {
                            "sha": "dca3ed5b489d03aa03b1ba98d8f6630d5c264488"
                        },
                        "factory.py": {
                            "sha": "431b008d144cd3ccab68806ba5d59018647c013d"
                        },
                        "models.py": {
                            "sha": "c7cfeef90eff2e65983257f8a922906fe544a803"
                        },
                        "services.py": {
                            "sha": "d8c3b1e8ac79808a2de0889b36a4def8f6a632c1"
                        },
                        "settings.py": {
                            "sha": "8931afe4c6ae3fcc15185fc7f359e54d0a8ac2e5"
                        },
                        "wsgi.py": {
                            "sha": "f66d49a7f5f5d3dd8a97ff68a721deb83d824d3a"
                        }
                    }
                },
                "locale": {
                    "dirs": {},
                    "files": {
                        ".gitkeep": {
                            "sha": "e69de29bb2d1d6434b8b29ae775ad8c2e48c5391"
                        }
                    }
                },
                "users": {
                    "dirs": {
                        "api": {
                            "dirs": {},
                            "files": {
                                "serializers.py": {
                                    "sha": "d4786b219af189e1510d360e193144256af357ab"
                                },
                                "urls.py": {
                                    "sha": "bf0e5e4af1440029403ba8747ec13bad54aefee9"
                                },
                                "viewsets.py": {
                                    "sha": "3ac03e5000f6901298fb49014c25d5db03c8b284"
                                }
                            }
                        },
                        "migrations": {
                            "dirs": {},
                            "files": {
                                "__init__.py": {
                                    "sha": "e69de29bb2d1d6434b8b29ae775ad8c2e48c5391"
                                }
                            }
                        },
                        "tests": {
                            "dirs": {},
                            "files": {
                                "test_password_hashing.py": {
                                    "sha": "db2e328763fb3b494d73997059033714cea1ccc8"
                                },
                                "test_whoami.py": {
                                    "sha": "07fc27c3241c148e8f14849c8b51a642f79ea58c"
                                }
                            }
                        }
                    },
                    "files": {
                        "__init__.py": {
                            "sha": "e69de29bb2d1d6434b8b29ae775ad8c2e48c5391"
                        },
                        "admin.py": {
                            "sha": "979ff06e46f19083e078bbfdab3693f741e45374"
                        },
                        "factory.py": {
                            "sha": "57a1c78633157256dbd5061a37302935468f88ce"
                        },
                        "fixtures.py": {
                            "sha": "6e899c980f71f6131e305a3b11f1d8cea1e38592"
                        },
                        "models.py": {
                            "sha": "7d7a46801f23034e7c7d25af0141b5d7ccd8c4b6"
                        }
                    }
                }
            },
            "files": {
                "manage.py": {
                    "sha": "6952562665f0c26a932fdcad5b644cd12e6894a4"
                }
            }
        }
    },
    "files": {
        ".dockerignore": {
            "sha": "a4fc31689e06b5d2c3ac7b14562a6a5fc37604ee"
        },
        ".editorconfig": {
            "sha": "c4b37bc689ce927535c53f47e2d86ccf80214012"
        },
        ".gitignore": {
            "sha": "97a35bae704e375e9ff998a15c90a71faa73dc07"
        },
        "Dockerfile": {
            "sha": "4413ee92d200958f46da1812e7b7a4fdc0fc6e5b"
        },
        "Makefile": {
            "sha": "f62071929f2f7b887fc13176e32329369963f187"
        },
        "README.md": {
            "sha": "7ba4eabe762f778b37ddc09b4f332bfd17ca8676"
        },
        "conftest.py": {
            "sha": "542d1812be9e8d9e802fac82d2f6caa95152a1ef"
        },
        "docker-compose.yml": {
            "sha": "6182d5a50365ae6ba8fb8368dd292591c1118cd6"
        },
        "mypy.ini": {
            "sha": "bb76422507b653fabfcbd4dd0144beeacb36163b"
        },
        "poetry.lock": {
            "sha": "b39845a1fe4684060358a52c8e77828b7caab38e"
        },
        "poetry.toml": {
            "sha": "ab1033bd37224ee84b5862fb25f094db73809b74"
        },
        "pyproject.toml": {
            "sha": "acc38a0ff7078276a908b3a2c91a8479eeeaa033"
        }
    }
}