{
    "dirs": {
        ".github": {
            "dirs": {
                "ISSUE_TEMPLATE": {
                    "dirs": {},
                    "files": {
                        "bug_report.md": {
                            "sha": "7cd5ec232dca1c24aaec559b9dc03be10f28838d"
                        },
                        "config.yml": {
                            "sha": "8005e3226730ef74f37ae9614ba94a1bb879b4a0"
                        },
                        "feature_request.md": {
                            "sha": "248cac54aa26a1a06291c8aeb55f33491bc8149f"
                        }
                    }
                },
                "workflows": {
                    "dirs": {},
                    "files": {
                        "codeql-analysis.yml": {
                            "sha": "03ce719c3220fddcd57f6cfe920b65266bfd6e30"
                        },
                        "pre-commit-autoupdate.yml": {
                            "sha": "c0a7022941463cd4a579597c1e241deeaa6a0a91"
                        },
                        "release.yml": {
                            "sha": "f928f6bbe02eaf29ca14fe14651c556fba3fa004"
                        },
                        "tests.yml": {
                            "sha": "e989c85eb5806e1151bddde236784e830fbc4b0b"
                        }
                    }
                }
            },
            "files": {
                "CODEOWNERS": {
                    "sha": "1c8976367fd149609481818687e7cf3e7ed7f410"
                },
                "FUNDING.yml": {
                    "sha": "1f24307101c61b1cf90c99882b9ab7f89dea9048"
                },
                "PULL_REQUEST_TEMPLATE.md": {
                    "sha": "4030f6fe7d82d4a78fe30cfa9c959eedce2249ed"
                },
                "dependabot.yml": {
                    "sha": "801cc12264e93d77c67866b979ff1997b2b979ce"
                }
            }
        },
        "docs": {
            "dirs": {
                "_static": {
                    "dirs": {},
                    "files": {
                        "custom.css": {
                            "sha": "0d986453d96c5b99d5bf1ce94d6f34320f9cadeb"
                        }
                    }
                }
            },
            "files": {
                "conf.py": {
                    "sha": "af6635db788564209f8120b7844706c6316e96d1"
                },
                "index.rst": {
                    "sha": "514f664ea8eca0014e659f60d93d1554eea9449c"
                },
                "installation.rst": {
                    "sha": "89fb6557293c48d39f2a6649f85f4f6f50f31e78"
                },
                "requirements.txt": {
                    "sha": "e8798c575d18f9708a0ec531f4c1e84ec9facc1c"
                },
                "usage.rst": {
                    "sha": "4add6fbac22692e0fe903ea0728b0078c697e658"
                }
            }
        },
        "src": {
            "dirs": {
                "{{cookiecutter.project_slug}}": {
                    "dirs": {},
                    "files": {
                        "__init__.py": {
                            "sha": "83c5b51339145c93d20145884fea4be2f5103c51"
                        },
                        "cli.py": {
                            "sha": "7a7a2aab8161c8f314466b36b0b47f5670e8914d"
                        },
                        "py.typed": {
                            "sha": "e69de29bb2d1d6434b8b29ae775ad8c2e48c5391"
                        },
                        "{{cookiecutter.project_slug}}.py": {
                            "sha": "dd0b80edeaff5ea8f8a83dbe18e0f7725aaf7067"
                        }
                    }
                }
            },
            "files": {}
        },
        "tests": {
            "dirs": {},
            "files": {
                "__init__.py": {
                    "sha": "79b42da3269c9b900df483f37457663f1a4bbba6"
                },
                "test_cli.py": {
                    "sha": "e12ba29cb3ab30129a99b0acb9e8d2ea0988f393"
                },
                "test_{{cookiecutter.project_slug}}.py": {
                    "sha": "997a2de2a07224782153655d3edfef8954c99a84"
                }
            }
        }
    },
    "files": {
        ".bumpversion.cfg": {
            "sha": "b19ae99dfee705b4b04d418ee1ef06abf2817d82"
        },
        ".gitignore": {
            "sha": "b8eb5b1ad2064b1cc4edb9b1626898214c84ae37"
        },
        ".pre-commit-config.yaml": {
            "sha": "cc8d1dc74ba2f2509d40fe46a9a0e1bb0aa35f35"
        },
        ".readthedocs.yml": {
            "sha": "ab4d0dde8944416b8c360f12c81f4484bc9f1dc0"
        },
        ".safety-policy.yml": {
            "sha": "b02b6e38c288f74162bf86f8cb452692435b55d2"
        },
        "CHANGELOG.md": {
            "sha": "4d8053b0c8d5b8c955035e15d4b1ec80ef47fb60"
        },
        "CITATION.cff": {
            "sha": "f347bcb67be034b64b60e8a4a96b195cba58d29c"
        },
        "CODE_OF_CONDUCT.md": {
            "sha": "1b604665c84009cd8692d291acdb2da4468ee335"
        },
        "CONTRIBUTING.md": {
            "sha": "7954d29c08128687c5b5cc8b6441cf311ddb9b96"
        },
        "LICENSE.rst": {
            "sha": "d8db0ed0126a007fe1b5bbbd7fa7fd17d2e575fa"
        },
        "README.md": {
            "sha": "36ae489312dd808245b5fd02a8e6b05d64a4f8ad"
        },
        "SECURITY.md": {
            "sha": "8e4aa6fc0ce7de497ff60979ca77b3a284cfb602"
        },
        "codecov.yml": {
            "sha": "57c07c48b13600fee2cde123dc9a07732bf521ff"
        },
        "noxfile.py": {
            "sha": "c76218a793f686280695818b640dfc737fd299c5"
        },
        "pyproject.toml": {
            "sha": "7d13e445814301676cb16b575e481214f1353cb3"
        },
        "tasks.py": {
            "sha": "5a0b91c8ebdf1ec9c3bd5414af050e95ab4d97f9"
        }
    }
}