{
    "dirs": {
        "config": {
            "dirs": {
                "settings": {
                    "dirs": {},
                    "files": {
                        "__init__.py": {
                            "sha": "e69de29bb2d1d6434b8b29ae775ad8c2e48c5391"
                        },
                        "base.py": {
                            "sha": "45550d2d6c55b3bee370a4a645eb28565cbf0045"
                        },
                        "local.py": {
                            "sha": "a58b6362f4a322712ffea3d61a72563c62078f63"
                        },
                        "production.py": {
                            "sha": "1bbaaf07599d7e3010a6e7109b452a9d2756fc20"
                        },
                        "test.py": {
                            "sha": "3ded0c73b1e4916d9c4fb7706c224fa9f1467ace"
                        }
                    }
                }
            },
            "files": {
                "__init__.py": {
                    "sha": "ef34d74ab4f5466d6505e45fbf1ffd8e2f9a07a9"
                },
                "asgi.py": {
                    "sha": "3393b794c1479f662e86cd027ea9fcc63bfb440c"
                },
                "urls.py": {
                    "sha": "158a653aa728aedf312e822fd929cc7b2375449d"
                },
                "wsgi.py": {
                    "sha": "4bc5c8904440bb08c0252af87c207929e92613df"
                }
            }
        },
        "locale": {
            "dirs": {},
            "files": {
                "README.rst": {
                    "sha": "c2f1dcd6f9351fbcd12946d26734dc2df5fa40fa"
                }
            }
        },
        "requirements": {
            "dirs": {},
            "files": {
                "base.txt": {
                    "sha": "98aef54efea2dbddd50b4f5c11237073c22d6a66"
                },
                "local.txt": {
                    "sha": "85ee7b99e06f8ff78766fed95d1314956e826418"
                },
                "production.txt": {
                    "sha": "0ca2ce538e874e9050b6d593bb46960f47a75591"
                }
            }
        },
        "{{cookiecutter.project_slug}}": {
            "dirs": {
                "contrib": {
                    "dirs": {
                        "sites": {
                            "dirs": {
                                "migrations": {
                                    "dirs": {},
                                    "files": {
                                        "0001_initial.py": {
                                            "sha": "66f51614f87f5792bd544baff79fe68e4453be45"
                                        },
                                        "0002_alter_domain_unique.py": {
                                            "sha": "2c8d6dac01cfed4332d93559699fc10a05d81ec0"
                                        },
                                        "0003_set_site_domain_and_name.py": {
                                            "sha": "8f4a8f9972e7d5bc58acc2ee21e0a3cabbf7a91b"
                                        },
                                        "__init__.py": {
                                            "sha": "1c7ecc89417c9199e4855a972221094694c5f9ba"
                                        }
                                    }
                                }
                            },
                            "files": {
                                "__init__.py": {
                                    "sha": "1c7ecc89417c9199e4855a972221094694c5f9ba"
                                }
                            }
                        }
                    },
                    "files": {
                        "__init__.py": {
                            "sha": "1c7ecc89417c9199e4855a972221094694c5f9ba"
                        }
                    }
                },
                "static": {
                    "dirs": {
                        "css": {
                            "dirs": {},
                            "files": {
                                "project.css": {
                                    "sha": "f1d543daf193e0e06df03603a606819244394ca5"
                                }
                            }
                        },
                        "fonts": {
                            "dirs": {},
                            "files": {
                                ".gitkeep": {
                                    "sha": "e69de29bb2d1d6434b8b29ae775ad8c2e48c5391"
                                }
                            }
                        },
                        "images": {
                            "dirs": {
                                "favicons": {
                                    "dirs": {},
                                    "files": {
                                        "favicon.ico": {
                                            "sha": "e1c1dd1a32a3a077c41a21e52bc7fb5ac90d3afb"
                                        }
                                    }
                                }
                            },
                            "files": {}
                        },
                        "js": {
                            "dirs": {},
                            "files": {
                                "project.js": {
                                    "sha": "d26d23b9be8b969787f72d47f965266aecbfa4db"
                                }
                            }
                        },
                        "sass": {
                            "dirs": {},
                            "files": {
                                "custom_bootstrap_vars.scss": {
                                    "sha": "e69de29bb2d1d6434b8b29ae775ad8c2e48c5391"
                                },
                                "project.scss": {
                                    "sha": "be2a0c7bd00dc194d1bd3cd9fe0889fcf2915c7f"
                                }
                            }
                        }
                    },
                    "files": {}
                },
                "templates": {
                    "dirs": {
                        "account": {
                            "dirs": {},
                            "files": {
                                "account_inactive.html": {
                                    "sha": "fe9b6807865648a2195a25a84dce4b8a5c1e18ad"
                                },
                                "base.html": {
                                    "sha": "cd07bbabfb66b41ae7495d0248c7e3d9a507bcda"
                                },
                                "email.html": {
                                    "sha": "78d9973657301903bb64fdaa44568bd0448a996b"
                                },
                                "email_confirm.html": {
                                    "sha": "eb45cf6003dccd047d53b4dac6607687ed89fe72"
                                },
                                "login.html": {
                                    "sha": "a71932225f6580793fe73f951ae4ce24982621b4"
                                },
                                "logout.html": {
                                    "sha": "baa8183c97ebc92a93ffdc393bd687962db32ba0"
                                },
                                "password_change.html": {
                                    "sha": "62bbbc13885890964d63649867dd9f4dc7fd2371"
                                },
                                "password_reset.html": {
                                    "sha": "b9869fb23faea6f7666a24058a8bde57391fac4b"
                                },
                                "password_reset_done.html": {
                                    "sha": "cf2129b1e96306a6ba94965f8117426ea3fe0bbf"
                                },
                                "password_reset_from_key.html": {
                                    "sha": "671eb12c9220a3f2695e90f070ba3ad2fec11632"
                                },
                                "password_reset_from_key_done.html": {
                                    "sha": "925b7aa2348169fbb5561d76a53aa9c360396b2d"
                                },
                                "password_set.html": {
                                    "sha": "563a0b185201c6a08982824f8fa3df05c6824f37"
                                },
                                "signup.html": {
                                    "sha": "80490a2e15a5d62cdabea194ed100ec4242c50dc"
                                },
                                "signup_closed.html": {
                                    "sha": "eca9b156884096602257fbcfee6a53daa16c097a"
                                },
                                "verification_sent.html": {
                                    "sha": "ccc8d9a1f4f5b088deefb6a1c47d6146bca516b4"
                                },
                                "verified_email_required.html": {
                                    "sha": "f3078b68e7df6a0777aebd3d1527a8ca177198f6"
                                }
                            }
                        },
                        "pages": {
                            "dirs": {},
                            "files": {
                                "about.html": {
                                    "sha": "94beff9c8833babc658cb7b8836b53730ef79938"
                                },
                                "home.html": {
                                    "sha": "94beff9c8833babc658cb7b8836b53730ef79938"
                                }
                            }
                        },
                        "users": {
                            "dirs": {},
                            "files": {
                                "user_detail.html": {
                                    "sha": "47b611220823431c41b76f7bb5d8ca6f727846ae"
                                },
                                "user_form.html": {
                                    "sha": "e9da0d48f4152ac404ac2ba604a049f8ef567951"
                                }
                            }
                        }
                    },
                    "files": {
                        "403.html": {
                            "sha": "c02bd4e9ece3c039ad35e6988e66b684976ce115"
                        },
                        "404.html": {
                            "sha": "1687ef311455338ef1221fb71e7e1e586018d8bb"
                        },
                        "500.html": {
                            "sha": "122e0813e6792ccb2a0d53b8c1225c02f72d730f"
                        },
                        "base.html": {
                            "sha": "2b04ed7235e4e8f6681750c042a6e74d2c910518"
                        }
                    }
                },
                "users": {
                    "dirs": {
                        "migrations": {
                            "dirs": {},
                            "files": {
                                "0001_initial.py": {
                                    "sha": "3f55d095a100a5cd1bc69d641d7f3b97036d1aed"
                                },
                                "__init__.py": {
                                    "sha": "e69de29bb2d1d6434b8b29ae775ad8c2e48c5391"
                                }
                            }
                        },
                        "tests": {
                            "dirs": {},
                            "files": {
                                "__init__.py": {
                                    "sha": "e69de29bb2d1d6434b8b29ae775ad8c2e48c5391"
                                },
                                "factories.py": {
                                    "sha": "09a5937f66c93e1015e80d4175f7ab4c10ada6ff"
                                },
                                "test_forms.py": {
                                    "sha": "dfa5da52efdbda107b535b1ec663e5b44b29bdb0"
                                },
                                "test_models.py": {
                                    "sha": "3194be1fd16e57a77206f6e51b887c35ff8fbb4f"
                                },
                                "test_urls.py": {
                                    "sha": "a0d0bebc22303b5c85ab355af4fa040bfd368b12"
                                },
                                "test_views.py": {
                                    "sha": "af10ad05c4adec7d9c9fcac6ee587575074f12b0"
                                }
                            }
                        }
                    },
                    "files": {
                        "__init__.py": {
                            "sha": "e69de29bb2d1d6434b8b29ae775ad8c2e48c5391"
                        },
                        "adapters.py": {
                            "sha": "daa2ee3c8a47d4d735074ffd1b1d0c6bcef84c28"
                        },
                        "admin.py": {
                            "sha": "9aab2a7401c1e9f5a2e0b5b82d4c42bd0149e182"
                        },
                        "apps.py": {
                            "sha": "2241e5eb58f656d3a2a84b6516cea05ff8cb261d"
                        },
                        "forms.py": {
                            "sha": "8778ad2c1e3c4ecd689f7a26157e32467fca1b19"
                        },
                        "models.py": {
                            "sha": "a089d0f6d3e77519e27230354fdfe8e0592bbc97"
                        },
                        "urls.py": {
                            "sha": "eff24dd04f03b53b5178239676b514e0fa67b702"
                        },
                        "views.py": {
                            "sha": "8ad90247898a8a3db6d09a4d5038f91e2fea556e"
                        }
                    }
                },
                "utils": {
                    "dirs": {},
                    "files": {
                        "__init__.py": {
                            "sha": "e69de29bb2d1d6434b8b29ae775ad8c2e48c5391"
                        },
                        "context_processors.py": {
                            "sha": "2e701655fa37589ec747ff178635ead5938612b3"
                        }
                    }
                }
            },
            "files": {
                "__init__.py": {
                    "sha": "e1d861523a5bec6ae939575e8e4c1dfd758b2d69"
                },
                "conftest.py": {
                    "sha": "8cd51d7fef9ba6a6fd22541abc3484f1d0faef4f"
                }
            }
        }
    },
    "files": {
        ".coveragerc": {
            "sha": "89a045ed533b23d86271b8f34f4c1920e499621f"
        },
        ".editorconfig": {
            "sha": "792dd3b06d899208a2c5653e585974de6ddda77a"
        },
        ".gitattributes": {
            "sha": "176a458f94e0ea5272ce67c36bf30b6be9caf623"
        },
        ".gitignore": {
            "sha": "49f8bba2b28c32589e9483baaecea316bb2fb9d5"
        },
        ".gitlab-ci.yml": {
            "sha": "1f4063af3923b373a2196788d62bd307f4f48ed7"
        },
        ".pre-commit-config.yaml": {
            "sha": "b9d69a9a1800760a31106dd56b7208078bdb55d6"
        },
        ".pylintrc": {
            "sha": "0cd27d799b321332a63d8aaac630d7c179d1d149"
        },
        ".travis.yml": {
            "sha": "6f7596970507bf72f33d3c0918cb90c856d97168"
        },
        "CONTRIBUTORS.md": {
            "sha": "82a80bfc17103625afaf06009bf4ebb4c77bdce0"
        },
        "COPYING": {
            "sha": "94a9ed024d3859793618152ea559a168bbcbb5e2"
        },
        "README.md": {
            "sha": "17ec05ab431edd93053f9ac067945507252072d4"
        },
        "env.sample.mac_or_linux": {
            "sha": "680bd8f578b08136e95d44706f65220772aa0979"
        },
        "env.sample.windows": {
            "sha": "51b1181ec3efe62a37afbb8a0bd05633306716f2"
        },
        "manage.py": {
            "sha": "c5eeac1880cb1b845f09dff65b6ed4d702e3c703"
        },
        "pytest.ini": {
            "sha": "580b69624657414f58ffb5857a9c4c85d461ef87"
        },
        "requirements.txt": {
            "sha": "c1b500c2b4112795c84cd98d56e7de73a2da79fd"
        },
        "setup.cfg": {
            "sha": "f1f66519e6123c58a0d71fa94c6746e67c046448"
        }
    }
}