{
    "dirs": {
        "api": {
            "dirs": {
                "api": {
                    "dirs": {},
                    "files": {
                        "__init__.py": {
                            "sha": "e69de29bb2d1d6434b8b29ae775ad8c2e48c5391"
                        },
                        "apps.py": {
                            "sha": "14b89a8298d7d1fba1f718e410779924f6fae529"
                        },
                        "schema.py": {
                            "sha": "bed1c3e132a1b2e80e63ea2e218852336083929b"
                        },
                        "urls.py": {
                            "sha": "bb344fb3cdd19115ffe1e109218f3d0809499ead"
                        }
                    }
                },
                "static": {
                    "dirs": {},
                    "files": {
                        ".gitkeep": {
                            "sha": "e69de29bb2d1d6434b8b29ae775ad8c2e48c5391"
                        }
                    }
                },
                "templates": {
                    "dirs": {
                        "drf-yasg": {
                            "dirs": {},
                            "files": {
                                "swagger-ui.html": {
                                    "sha": "dc735810dbe331fd095ca71bdea7ff98fd539b8f"
                                }
                            }
                        },
                        "rest_framework": {
                            "dirs": {},
                            "files": {
                                "login.html": {
                                    "sha": "963ab2b7e4847a6fcdd05a4f73fc1c57d86fb108"
                                }
                            }
                        }
                    },
                    "files": {}
                },
                "users": {
                    "dirs": {
                        "migrations": {
                            "dirs": {},
                            "files": {
                                "0001_initial.py": {
                                    "sha": "3067a08ad88a063859858d706c07670c89db0d07"
                                },
                                "__init__.py": {
                                    "sha": "e69de29bb2d1d6434b8b29ae775ad8c2e48c5391"
                                }
                            }
                        }
                    },
                    "files": {
                        "__init__.py": {
                            "sha": "e69de29bb2d1d6434b8b29ae775ad8c2e48c5391"
                        },
                        "admin.py": {
                            "sha": "125e9bb917f5208876117934769878b5e3c1e662"
                        },
                        "apps.py": {
                            "sha": "3ef1284a08e106b0b8c9720ce3f7420f43be5c9c"
                        },
                        "models.py": {
                            "sha": "78128f5788908c717d1aa5b99948e2a538c71be0"
                        },
                        "serializers.py": {
                            "sha": "b09c0e4c4e47993c52c2dd1b141746e212a16222"
                        }
                    }
                },
                "utils": {
                    "dirs": {
                        "tests": {
                            "dirs": {},
                            "files": {
                                "__init__.py": {
                                    "sha": "e69de29bb2d1d6434b8b29ae775ad8c2e48c5391"
                                },
                                "test_viewsets.py": {
                                    "sha": "4e0a0f1705f4ce847486cef7806123c3c0963186"
                                }
                            }
                        },
                        "versions": {
                            "dirs": {},
                            "files": {
                                "__init__.py": {
                                    "sha": "e69de29bb2d1d6434b8b29ae775ad8c2e48c5391"
                                },
                                "viewsets.py": {
                                    "sha": "a65f7319dc715f328c1427b145fe348c23152e77"
                                }
                            }
                        }
                    },
                    "files": {
                        "__init__.py": {
                            "sha": "e69de29bb2d1d6434b8b29ae775ad8c2e48c5391"
                        },
                        "apps.py": {
                            "sha": "3e82e4976355676ebb545c0f6bcc82190c09d495"
                        },
                        "models.py": {
                            "sha": "8793ae248b366d7e6946944b57a733d97eff43d1"
                        }
                    }
                }
            },
            "files": {
                "__init__.py": {
                    "sha": "e69de29bb2d1d6434b8b29ae775ad8c2e48c5391"
                }
            }
        },
        "config": {
            "dirs": {
                "server": {
                    "dirs": {},
                    "files": {
                        "__init__.py": {
                            "sha": "e69de29bb2d1d6434b8b29ae775ad8c2e48c5391"
                        },
                        "base.py": {
                            "sha": "17f78999d147f07303bc03c83e420c74187de964"
                        },
                        "local.py": {
                            "sha": "840926e1ff44fe1ef57ee0bb06ba2c518931c233"
                        },
                        "production.py": {
                            "sha": "8f8e4edc2621e057949570fc1a41742a3391df52"
                        },
                        "test.py": {
                            "sha": "0c97f2666b418203e33e1b2eeb34e0fba26ab3ad"
                        }
                    }
                },
                "settings": {
                    "dirs": {},
                    "files": {
                        "__init__.py": {
                            "sha": "e69de29bb2d1d6434b8b29ae775ad8c2e48c5391"
                        },
                        "base.py": {
                            "sha": "8f583757d36a76c712b74e78dfd6450c59682b3a"
                        },
                        "local.py": {
                            "sha": "2ae1668788b458a1a9950ce1cf7863d160459778"
                        },
                        "production.py": {
                            "sha": "0895c31e549b1315ac9477e7ccf1f1d92abb3861"
                        },
                        "test.py": {
                            "sha": "7e956304565dc7208dae8dd285b0ba0907144c76"
                        }
                    }
                }
            },
            "files": {
                "__init__.py": {
                    "sha": "e69de29bb2d1d6434b8b29ae775ad8c2e48c5391"
                },
                "celery.py": {
                    "sha": "dd8797180e2145ce71246c2e8eb503fe30806a25"
                },
                "urls.py": {
                    "sha": "76b2ad6fabbacc5f22a4cf48bf1781015392010f"
                },
                "wsgi.py": {
                    "sha": "d8211a663a607a8f8a68f5e9a515f1a31b07990d"
                }
            }
        },
        "scripts": {
            "dirs": {
                "heroku": {
                    "dirs": {},
                    "files": {
                        "deploy_web.sh": {
                            "sha": "aca33b20ddce489e0f2d5a1807c33e0cb8af2bd3"
                        },
                        "run_celery.sh": {
                            "sha": "c7cd6250cc78515bb29179a80c59d85b30ce0337"
                        },
                        "run_celery_beat.sh": {
                            "sha": "fd54b6b1d87933289afa0876154bb43e13ecbd7d"
                        },
                        "run_web.sh": {
                            "sha": "9d32ee3ed68aecf5870665528b307a85ab871692"
                        }
                    }
                },
                "local": {
                    "dirs": {},
                    "files": {
                        "run_celery.sh": {
                            "sha": "6dd774b01d014ddc2e2319c8e3deaecd7bfde15c"
                        },
                        "run_celery_beat.sh": {
                            "sha": "056dd447247aafd4600c5380ac934ca3ee0871c3"
                        },
                        "run_web.sh": {
                            "sha": "6b078ae0697e28860d77a763f2c909a45d074f8b"
                        },
                        "wait_for_postgres.py": {
                            "sha": "ece562388173cf5c87e15b134ffd5795333b45c8"
                        }
                    }
                },
                "travis": {
                    "dirs": {},
                    "files": {
                        "before_install.sh": {
                            "sha": "ac8f434622a4d7e1d77d68599b960738dfa8bd60"
                        },
                        "run_tests.sh": {
                            "sha": "688d2c335da02c35e3a798004c042ff8b28da03e"
                        },
                        "script.sh": {
                            "sha": "0971569166a906d5510e6fd886898a19acea9400"
                        }
                    }
                }
            },
            "files": {}
        },
        "staticfiles": {
            "dirs": {},
            "files": {
                ".gitkeep": {
                    "sha": "e69de29bb2d1d6434b8b29ae775ad8c2e48c5391"
                }
            }
        }
    },
    "files": {
        ".coveragerc": {
            "sha": "47aa83c1f8d86787e1ff98a865db1dcb553fcb82"
        },
        ".dockerignore": {
            "sha": "dd10a8347ee52ba34f99760ebd4f58a1e3699b46"
        },
        ".editorconfig": {
            "sha": "3d6f598759ffe0fe39c7756222fe70fa6ce08d9b"
        },
        ".flake8": {
            "sha": "1b7e0b402c06ca0a93202c7c7564a3c0a3e7683d"
        },
        ".gitattributes": {
            "sha": "67483f4794f42bc891e5024d2a88a64ed757dc55"
        },
        ".gitignore": {
            "sha": "65ae131296c725f9cee81a47bd4b2513321bc49b"
        },
        ".pre-commit-config.yaml": {
            "sha": "6527a334412d96308eff19b4a1b96cbec9f02149"
        },
        ".travis.yml": {
            "sha": "039e8ed1cb9aaca4a91f2e4e80ab7f53c38f4f3c"
        },
        "Dockerfile.heroku": {
            "sha": "ecbad77e92dc3de2824aa7dfe35ac0978df26c96"
        },
        "Dockerfile.local": {
            "sha": "569c143ea5beeb7b8a8c95f0e2a4aba434c09194"
        },
        "Pipfile": {
            "sha": "50007d15135b188e99ed2dfeb08ec0c3ef432fef"
        },
        "Pipfile.lock": {
            "sha": "3f4420b0f882ac6ae89ae9d6c186361ea890cc4b"
        },
        "README.md": {
            "sha": "fc11c5d9e800298a8b731ceac9a9c6e733d18cca"
        },
        "USAGE.md": {
            "sha": "33b405727f13ae726fa2d79720ecea8b5408c720"
        },
        "app.json": {
            "sha": "f532bcf7c5196018708e576c504429a892decbcb"
        },
        "docker-compose.test.yml": {
            "sha": "4ad69907fe152939258feebd60816f7f1d0eb526"
        },
        "docker-compose.yml": {
            "sha": "a45e2232a847e6915b514df17d411257c7ecc67e"
        },
        "heroku.yml": {
            "sha": "b177c7321fd1c62ba16d0511acbe27f2b43ecd76"
        },
        "manage.py": {
            "sha": "f6a2a200da5f0ef5ae3a6f9918528f0a0575619b"
        },
        "pyproject.toml": {
            "sha": "4c6e5ece8d2958c2c911901283fee14abde7347c"
        },
        "pytest.ini": {
            "sha": "bf9594efe61692a6d97eeb1ce7fb3698302a6ce4"
        }
    }
}