{
    "dirs": {
        ".github": {
            "dirs": {
                "workflows": {
                    "dirs": {},
                    "files": {
                        "build.yml": {
                            "sha": "175d8db072615a0b286905c621e6dbe55e867f0d"
                        },
                        "documentation.yml": {
                            "sha": "b6850847ac14b81d1dfa072d4a3d97bc12480187"
                        },
                        "draft.yml": {
                            "sha": "4221061955f9662cde7c3dd20b06b15ea220af12"
                        },
                        "labeler.yml": {
                            "sha": "4d8e86e898e45651046b3137f7a78a39285b488f"
                        },
                        "tests.yml": {
                            "sha": "72c87a9ccf1a237a537a652d234eff62de3f9755"
                        }
                    }
                }
            },
            "files": {
                "dependabot.yml": {
                    "sha": "803fa9baa1092180fe7c8880edc2e4c40527ec4b"
                },
                "labels.yml": {
                    "sha": "f7f83aad8c6b6c0e9ac0a76a7b492c212aaa765b"
                },
                "release-drafter.yml": {
                    "sha": "a7f38e8374a97a4a59ebefde59dbba7bbccf05c0"
                }
            }
        },
        "docs": {
            "dirs": {
                "assets": {
                    "dirs": {
                        "images": {
                            "dirs": {},
                            "files": {
                                "favicon.svg": {
                                    "sha": "9fe3a9a0441de08173f88eadfe4be5f6175fab35"
                                }
                            }
                        }
                    },
                    "files": {}
                },
                "scripts": {
                    "dirs": {},
                    "files": {
                        "gen_ref_nav.py": {
                            "sha": "46cbedaa6db93ed6f945ef519efe6f4d7aec5772"
                        }
                    }
                },
                "snippets": {
                    "dirs": {},
                    "files": {
                        "links.txt": {
                            "sha": "99958b56ea189791e7e6389c1308e4f7e3547193"
                        }
                    }
                }
            },
            "files": {
                "authors.md": {
                    "sha": "557ba93fcdb99bf0d458db70e91245f5fb868c6c"
                },
                "changelog.md": {
                    "sha": "5f1d7d844142021e3d67c7bd5cb9adf29f61d4c4"
                },
                "contributing.md": {
                    "sha": "33a828e2e408cafed8df77a72103a4f10bbad432"
                },
                "index.md": {
                    "sha": "9e5c9b8cc986e8bbfe6b971ffb331b2628aff528"
                },
                "license.md": {
                    "sha": "ec0da0be45ed561fe8d13327108e9f0e3a49d3aa"
                }
            }
        },
        "notebooks": {
            "dirs": {},
            "files": {
                "template.ipynb": {
                    "sha": "a5eedb80839765392ff0ae7b2b9c9afa998d9aec"
                }
            }
        },
        "src": {
            "dirs": {
                "{{cookiecutter.pkg_name}}": {
                    "dirs": {},
                    "files": {
                        "__init__.py": {
                            "sha": "dc5e376c28760deeb1d851e938ce2e0cc31e0a6a"
                        },
                        "skeleton.py": {
                            "sha": "cf37f1bf893d2a24886556020a6ee65be2c58f4d"
                        }
                    }
                }
            },
            "files": {}
        },
        "tests": {
            "dirs": {},
            "files": {
                "__init__.py": {
                    "sha": "79b42da3269c9b900df483f37457663f1a4bbba6"
                },
                "conftest.py": {
                    "sha": "702acdd881994ec766a2ece3937f99ff6c7dcd60"
                },
                "test_skeleton.py": {
                    "sha": "a3ba5178bd1ea09cd232bda1faef856946e6e55d"
                }
            }
        }
    },
    "files": {
        ".editorconfig": {
            "sha": "df1ec06e9931f039895084a0547d0753375759cf"
        },
        ".gitattributes": {
            "sha": "dfe0770424b2a19faf507a501ebfc23be8f54e7b"
        },
        ".gitignore": {
            "sha": "c0e87c1a4085773cbd5f59df8b55fe057bee2ff7"
        },
        ".linkcheckerrc": {
            "sha": "74c9c9d4c9052db1b1f8fa1fdad1a3ba8010ff0a"
        },
        ".pre-commit-config.yaml": {
            "sha": "87df95f312281576724fa32b2f54f614d059b0af"
        },
        "AUTHORS.md": {
            "sha": "b9c84620bb261a0ccb957edc9cc746de5e931257"
        },
        "CHANGELOG.md": {
            "sha": "cd28ae53f889ec729355c568377d7c77737590a4"
        },
        "CONTRIBUTING.md": {
            "sha": "831afe3de21cfb6d918d66eece4235dd228a5be3"
        },
        "LICENSE.txt": {
            "sha": "f514d4166228b0e1cfb3343a19d50035bd6dad97"
        },
        "README.md": {
            "sha": "40f9252d2639130c84db2017517e868a3298f0cb"
        },
        "mkdocs.yml": {
            "sha": "0379659897f426a40c59f1c2281155c7c941980a"
        },
        "pyproject.toml": {
            "sha": "14c6118bd746419d74d01f8c4867c26d7d4d23b6"
        }
    }
}