{
    "dirs": {
        ".github": {
            "dirs": {
                "actions": {
                    "dirs": {
                        "setup": {
                            "dirs": {},
                            "files": {
                                "action.yml": {
                                    "sha": "cd4f2ef98a9409b1afbbc3e81fafffbfa2630a94"
                                }
                            }
                        }
                    },
                    "files": {}
                },
                "rulesets": {
                    "dirs": {},
                    "files": {
                        "main.json": {
                            "sha": "98d3035dfe3f984058153ba4c798760c13c5f1e1"
                        }
                    }
                },
                "workflows": {
                    "dirs": {},
                    "files": {
                        "check.yml": {
                            "sha": "53508f144498fab069c570757df8f9ba95415524"
                        },
                        "publish.yml": {
                            "sha": "c3a48145cf4fdff43920c45437265d23fa72eacd"
                        }
                    }
                }
            },
            "files": {}
        },
        "confs": {
            "dirs": {},
            "files": {
                "inference.yaml": {
                    "sha": "e69de29bb2d1d6434b8b29ae775ad8c2e48c5391"
                },
                "training.yaml": {
                    "sha": "e69de29bb2d1d6434b8b29ae775ad8c2e48c5391"
                },
                "tuning.yaml": {
                    "sha": "e69de29bb2d1d6434b8b29ae775ad8c2e48c5391"
                }
            }
        },
        "data": {
            "dirs": {},
            "files": {
                ".gitkeep": {
                    "sha": "e69de29bb2d1d6434b8b29ae775ad8c2e48c5391"
                }
            }
        },
        "docs": {
            "dirs": {},
            "files": {
                ".gitkeep": {
                    "sha": "e69de29bb2d1d6434b8b29ae775ad8c2e48c5391"
                }
            }
        },
        "mlruns": {
            "dirs": {},
            "files": {
                ".gitkeep": {
                    "sha": "e69de29bb2d1d6434b8b29ae775ad8c2e48c5391"
                }
            }
        },
        "notebooks": {
            "dirs": {},
            "files": {
                ".gitkeep": {
                    "sha": "e69de29bb2d1d6434b8b29ae775ad8c2e48c5391"
                }
            }
        },
        "outputs": {
            "dirs": {},
            "files": {
                ".gitkeep": {
                    "sha": "e69de29bb2d1d6434b8b29ae775ad8c2e48c5391"
                }
            }
        },
        "src": {
            "dirs": {
                "{{cookiecutter.package}}": {
                    "dirs": {},
                    "files": {
                        "__init__.py": {
                            "sha": "537a370e4ff8e02a0f868d486064ec3d2d0785fb"
                        },
                        "__main__.py": {
                            "sha": "4691a30be6f7041c3248a7835e8ef1510f038b9a"
                        },
                        "scripts.py": {
                            "sha": "eb336dba83d4298f88ab6a36171a2324ec533ac2"
                        }
                    }
                }
            },
            "files": {}
        },
        "tasks": {
            "dirs": {},
            "files": {
                "check.just": {
                    "sha": "f7b84ba4cb9b224e6ea063f5282543200f5e18f3"
                },
                "clean.just": {
                    "sha": "21061a5b5b101a16b81c3bb0febb58888b53a63f"
                },
                "commit.just": {
                    "sha": "5171dbe0c6b3a03b6c45b3b219b3bdbe6cff2c48"
                },
                "doc.just": {
                    "sha": "9763649e4303cf1cc44c6809808e10d1e025a99f"
                },
                "docker.just": {
                    "sha": "432ea7011268a62159ed1178ca4f6782e3b6940a"
                },
                "format.just": {
                    "sha": "78bea80df6aacca4fa292639031466d4d5a3937c"
                },
                "install.just": {
                    "sha": "e8a74dfd69420a8124a4e4601089f82364510f1a"
                },
                "mlflow.just": {
                    "sha": "b7f584d34793ce39c8f86b328921f3adf0a28843"
                },
                "package.just": {
                    "sha": "765ca2b80521e2a2d416eba9cb949af800114e1b"
                },
                "project.just": {
                    "sha": "318dc74ba9d0454952ece04e7beed2415f2c4c9b"
                }
            }
        },
        "tests": {
            "dirs": {},
            "files": {
                "conftest.py": {
                    "sha": "ad0e36f01befd3f5c1b3a5b4d9102a01ccb16a93"
                },
                "test_scripts.py": {
                    "sha": "a77d67489fa9d514f83d5b330049a45e93cd23e6"
                }
            }
        }
    },
    "files": {
        ".env.example": {
            "sha": "e69de29bb2d1d6434b8b29ae775ad8c2e48c5391"
        },
        ".gitignore": {
            "sha": "0abc593c1fb1e6ba24f0b0ab571fa016ac9d51c0"
        },
        ".pre-commit-config.yaml": {
            "sha": "9eebedd9a1571d2be5d6d7915285d75e010ec286"
        },
        ".python-version": {
            "sha": "a2b2ca5b32f2aa95251a905bc949735e3c6b9cc7"
        },
        "CHANGELOG.md": {
            "sha": "e69de29bb2d1d6434b8b29ae775ad8c2e48c5391"
        },
        "Dockerfile": {
            "sha": "cd590300dd402f374b9e53df406e89211e101e5d"
        },
        "LICENSE.txt": {
            "sha": "4ea26685c303152065b5d949ce99ef7aebbb7374"
        },
        "README.md": {
            "sha": "e07f42d472f99f2acc2be7d9e60c8e44153b5a83"
        },
        "docker-compose.yml": {
            "sha": "730552cbbcd058fbd764c3a84e9cb55c42f694ec"
        },
        "justfile": {
            "sha": "0fdd39606028a1383391c718c96622b53d25ce13"
        },
        "pyproject.toml": {
            "sha": "0e7b3d7984a96bc1e7ea3477e89dbff09f5ac154"
        },
        "{{cookiecutter.repository}}.code-workspace": {
            "sha": "bf84e6f081db81e6bf6f8580cad131dee902aa31"
        }
    }
}