{
    "dirs": {
        ".devcontainer": {
            "dirs": {},
            "files": {
                "devcontainer.json": {
                    "sha": "d4b676d3f341a8c13a083e3df0629fe6bbb96861"
                },
                "postCreateCommand.sh": {
                    "sha": "38dca893d9a085554a26752292b82c8184a8806b"
                }
            }
        },
        ".github": {
            "dirs": {
                "actions": {
                    "dirs": {
                        "setup-poetry-env": {
                            "dirs": {},
                            "files": {
                                "action.yml": {
                                    "sha": "8ed6bcc7817d818d5c408fa96c72da64f1f614dd"
                                }
                            }
                        }
                    },
                    "files": {}
                },
                "workflows": {
                    "dirs": {},
                    "files": {
                        "main.yml": {
                            "sha": "cfcb02c450029caeb17dd3fc3ece9d846eced0f0"
                        },
                        "on-release-main.yml": {
                            "sha": "fb1909629cfedabe4f53b399cadd1571aee61ec4"
                        },
                        "validate-codecov-config.yml": {
                            "sha": "2a8fd11ad027db5ccbd57821340abdd8e0f21c14"
                        }
                    }
                }
            },
            "files": {}
        },
        "docs": {
            "dirs": {},
            "files": {
                "index.md": {
                    "sha": "729c1700bffbcc436e36eed6854e8aaa1f23a4aa"
                },
                "modules.md": {
                    "sha": "1675f947843dab5bda1b22258f79f079c9803baf"
                }
            }
        },
        "tests": {
            "dirs": {},
            "files": {
                "test_foo.py": {
                    "sha": "b413ace2fa6e1353f8152de80816cb110a8d5bef"
                }
            }
        },
        "{{cookiecutter.project_slug}}": {
            "dirs": {},
            "files": {
                "__init__.py": {
                    "sha": "e69de29bb2d1d6434b8b29ae775ad8c2e48c5391"
                },
                "foo.py": {
                    "sha": "8b7396db552acbe5d7d33a2770d12d4f8caee11a"
                }
            }
        }
    },
    "files": {
        ".editorconfig": {
            "sha": "9395b543529dbffbef35829b5d304f685a8d3f65"
        },
        ".gitignore": {
            "sha": "f64e26aaa172dc5d632d4f2551b1bcd53b880a13"
        },
        ".pre-commit-config.yaml": {
            "sha": "1f33da27a23005b907b2c7ed9cd38fc9d30974c1"
        },
        "CONTRIBUTING.md": {
            "sha": "a14a8e1a8dd4305a96e57a764aa6232086dc6c6d"
        },
        "Dockerfile": {
            "sha": "874dcd5059cb6dbdf69019e83797ffa6994aa817"
        },
        "LICENSE": {
            "sha": "f0e840b9ad2f01e73c9c06181fb9b79b6c8de64e"
        },
        "Makefile": {
            "sha": "42cbab9c40a775ba45b52c5d37674f0be0a6c242"
        },
        "README.md": {
            "sha": "917942424e8ada0b2bd1481a38b20831e13df5df"
        },
        "codecov.yaml": {
            "sha": "058cfb76552d027f9be6211a32fac87dc01a2ab4"
        },
        "mkdocs.yml": {
            "sha": "69ba4aa54c7276a5ef87582f5f91019073d04e6b"
        },
        "poetry.toml": {
            "sha": "ab1033bd37224ee84b5862fb25f094db73809b74"
        },
        "pyproject.toml": {
            "sha": "72831735aad2c3868230ffbcab1e730845d42431"
        },
        "tox.ini": {
            "sha": "f694ef72d9021369aac00e82b4485a7641391fd1"
        }
    }
}