{
    "dirs": {
        ".github": {
            "dirs": {
                "workflows": {
                    "dirs": {},
                    "files": {
                        "build.yml": {
                            "sha": "ef325942e21a15c3e639354ff7391bcfbbf9989e"
                        },
                        "documentation.yml": {
                            "sha": "5a61b0a3cf0aacf6be6625e22db84d688bddc24a"
                        }
                    }
                }
            },
            "files": {}
        },
        ".vscode": {
            "dirs": {},
            "files": {
                "settings.json": {
                    "sha": "15e52e774c3821082d3da371e92980cc1134b48a"
                }
            }
        },
        "docs": {
            "dirs": {
                "reference": {
                    "dirs": {},
                    "files": {
                        "{{cookiecutter.package_name}}.md": {
                            "sha": "2a2361c03e719b46e01f408652c6480061951623"
                        }
                    }
                }
            },
            "files": {
                "index.md": {
                    "sha": "612c7a5e0d17657e51018285d9850b8fa8e76174"
                }
            }
        },
        "tests": {
            "dirs": {},
            "files": {
                "__init__.py": {
                    "sha": "e69de29bb2d1d6434b8b29ae775ad8c2e48c5391"
                },
                "conftest.py": {
                    "sha": "e69de29bb2d1d6434b8b29ae775ad8c2e48c5391"
                },
                "test_add.py": {
                    "sha": "157ed50f544c05eb9b73e7e34fe22cc45efef1bc"
                }
            }
        },
        "{{cookiecutter.package_name}}": {
            "dirs": {},
            "files": {
                "__init__.py": {
                    "sha": "e04c037724fce20180379c0df24c2f47eff97010"
                },
                "py.typed": {
                    "sha": "e69de29bb2d1d6434b8b29ae775ad8c2e48c5391"
                }
            }
        }
    },
    "files": {
        ".editorconfig": {
            "sha": "634594e7fe6715490519649d66e022d33ab509cb"
        },
        ".gitignore": {
            "sha": "c52bbeb0a40e850461e12df1a25ab09f9df5762a"
        },
        "LICENSE": {
            "sha": "24b2600ab0160aa6503d4e5dcedd00ed88724a8f"
        },
        "README.md": {
            "sha": "6d1bb344c986ed23b67bb9754d57ec3c28f59521"
        },
        "mkdocs.yml": {
            "sha": "8e230e62bd6a434cff237a1d2b97e4097e45d833"
        },
        "pyproject.toml": {
            "sha": "e02f056d94e22c2158705a99ec9de4917833a0b9"
        }
    }
}