{
    "dirs": {
        ".circleci": {
            "dirs": {},
            "files": {
                "config.yml": {
                    "sha": "98c124210c840edb0ae1d8c278e3f6e347b772b3"
                }
            }
        },
        ".devcontainer": {
            "dirs": {},
            "files": {
                "devcontainer.json": {
                    "sha": "42dca422d1366622e084b256dc3c5eb76695aeae"
                },
                "docker-compose.extend.yml": {
                    "sha": "6b9c516c69569895f4b93125e1a81111a9104850"
                }
            }
        },
        ".githooks": {
            "dirs": {},
            "files": {
                "bump-version.sh": {
                    "sha": "006c6906efd328444786d17c0061d0baf3662b78"
                },
                "pre-commit.sh": {
                    "sha": "ce6a9f31623d3ca15e67276a003ec6904fb7b04a"
                },
                "pre-push.sh": {
                    "sha": "c71a61a9b392acb2be42a534a4750aa61acf8353"
                }
            }
        },
        ".vscode": {
            "dirs": {},
            "files": {
                "launch.json": {
                    "sha": "25678e9a6bd0702db4ce970945ab9c08a69c1066"
                },
                "settings.json": {
                    "sha": "92a403ad287639a2ca62f0d1c081339d63bef39e"
                }
            }
        },
        "deploy": {
            "dirs": {
                "deploy_keys": {
                    "dirs": {},
                    "files": {
                        ".gitkeep": {
                            "sha": "e69de29bb2d1d6434b8b29ae775ad8c2e48c5391"
                        }
                    }
                },
                "files": {
                    "dirs": {},
                    "files": {
                        ".env.j2": {
                            "sha": "3c232271f68af12ed0d1c9c2c2bc13f116637dab"
                        },
                        ".env.next.j2": {
                            "sha": "089dc82cd7616b7c1a50d80a0efde57c6de331b6"
                        },
                        "nginx.conf.j2": {
                            "sha": "03393fd33826c139faf79817725adf1f1b570627"
                        },
                        "pm2_config.yml.j2": {
                            "sha": "c51426de899beed343b4dce7437b91e514d8952f"
                        },
                        "robots.txt": {
                            "sha": "d2978224f25266b5a90954dd767ed693d4f19696"
                        },
                        "uwsgi.ini.j2": {
                            "sha": "9f9033f9b698e954d478edf2b6e33fe823d7958f"
                        }
                    }
                },
                "group_vars": {
                    "dirs": {},
                    "files": {
                        "webservers": {
                            "sha": "94a8d99637db44728764317d12731f8dde10087e"
                        }
                    }
                },
                "stages": {
                    "dirs": {},
                    "files": {
                        "prod.yml": {
                            "sha": "27627929be146a02152e26e55ec8075b42602404"
                        },
                        "stage.yml": {
                            "sha": "21b9828d636a4647a51c300736c9b0c98c770081"
                        }
                    }
                },
                "tasks": {
                    "dirs": {},
                    "files": {
                        "after-setup.yml": {
                            "sha": "30bd02adb63700a2efc95544531ab32a53346e4a"
                        },
                        "after-symlink.yml": {
                            "sha": "4c4da3b5cfae7141e1172084ef8c92ceaea92c87"
                        },
                        "after-update-code.yml": {
                            "sha": "48540f0cb68624a5dea31d7470719ec406f34d46"
                        }
                    }
                }
            },
            "files": {
                ".gitignore": {
                    "sha": "49be73dea3c5b94a378e96fc604a7e28111e430e"
                },
                "ansible.cfg": {
                    "sha": "3709e7b6b8a4e72ad6e9e68bfb43e61812a58c0c"
                },
                "deploy.yml": {
                    "sha": "60f856f9e67a5d7a13a13e900fec7c6b294cdfd5"
                },
                "generate_deploy_keys.yml": {
                    "sha": "54d23bca2b0d821d8f81374b6b3fb9c29503192c"
                },
                "provision.yml": {
                    "sha": "72840dc50092862c8331d33eddfbac72345c9e6f"
                },
                "requirements.txt": {
                    "sha": "90d40550bcaa4d5864f570d7ec93cddc941a6efd"
                },
                "requirements.yml": {
                    "sha": "14805d39072a70d1c2c1feefbe3b2aab6fe6537c"
                },
                "rollback.yml": {
                    "sha": "d5de417fe7bbd3da38d0ce06f98b89dfc4428328"
                }
            }
        },
        "docker": {
            "dirs": {
                "config": {
                    "dirs": {},
                    "files": {
                        "python.example.env": {
                            "sha": "c18294fe9f3ddcac642e7a8ed438fba022ce3e7f"
                        }
                    }
                },
                "files": {
                    "dirs": {
                        "certs": {
                            "dirs": {},
                            "files": {
                                ".gitkeep": {
                                    "sha": "e69de29bb2d1d6434b8b29ae775ad8c2e48c5391"
                                }
                            }
                        },
                        "config": {
                            "dirs": {},
                            "files": {
                                "nginx.conf.template": {
                                    "sha": "99b36c5856ed64960deaf02bc159287ddd5ecff7"
                                }
                            }
                        },
                        "db-dumps": {
                            "dirs": {},
                            "files": {
                                ".gitkeep": {
                                    "sha": "e69de29bb2d1d6434b8b29ae775ad8c2e48c5391"
                                }
                            }
                        },
                        "shared": {
                            "dirs": {},
                            "files": {
                                ".gitkeep": {
                                    "sha": "e69de29bb2d1d6434b8b29ae775ad8c2e48c5391"
                                }
                            }
                        },
                        "static": {
                            "dirs": {},
                            "files": {
                                "502.html": {
                                    "sha": "daa9e232a357a2d3c7f9b0d45fb74a2a00e9f4bf"
                                }
                            }
                        },
                        "var": {
                            "dirs": {
                                "log": {
                                    "dirs": {
                                        "app": {
                                            "dirs": {},
                                            "files": {
                                                ".gitkeep": {
                                                    "sha": "e69de29bb2d1d6434b8b29ae775ad8c2e48c5391"
                                                }
                                            }
                                        },
                                        "nginx": {
                                            "dirs": {},
                                            "files": {
                                                ".gitkeep": {
                                                    "sha": "e69de29bb2d1d6434b8b29ae775ad8c2e48c5391"
                                                }
                                            }
                                        }
                                    },
                                    "files": {}
                                }
                            },
                            "files": {}
                        }
                    },
                    "files": {}
                }
            },
            "files": {
                "crontab.txt": {
                    "sha": "8b137891791fe96927ad78e64b0aad7bded08bdc"
                }
            }
        },
        "frontend": {
            "dirs": {
                ".storybook": {
                    "dirs": {},
                    "files": {
                        "i18n.js": {
                            "sha": "e46056257a3240d7a2c12aa6875eedc457b86294"
                        },
                        "main.js": {
                            "sha": "5de78a71d661d510e36652e16e72fae561a349a3"
                        },
                        "preview.js": {
                            "sha": "d308e411084dc9a530d61db7398b487c1ea791be"
                        }
                    }
                },
                "__mocks__": {
                    "dirs": {},
                    "files": {
                        "svg.js": {
                            "sha": "ffe2050a02409131b8193acce070388420dcf17d"
                        }
                    }
                },
                "api": {
                    "dirs": {},
                    "files": {
                        "wagtail.js": {
                            "sha": "7ab5fc5e9330a703b7b78f8f899738599bb70e6b"
                        }
                    }
                },
                "app": {
                    "dirs": {
                        "[...path]": {
                            "dirs": {},
                            "files": {
                                "page.js": {
                                    "sha": "9d15b7d56945b8954d5636354fc023086f2f1955"
                                }
                            }
                        },
                        "api": {
                            "dirs": {
                                "draft": {
                                    "dirs": {},
                                    "files": {
                                        "route.js": {
                                            "sha": "ecfdbddb6907bf40a8bcc39843a874d82ee1b997"
                                        }
                                    }
                                }
                            },
                            "files": {}
                        }
                    },
                    "files": {
                        "_draft.js": {
                            "sha": "40594e729dd67d35799deef5f43a93d7ac181c88"
                        },
                        "clientcomponent.js": {
                            "sha": "6817e5a8a890b71078886ab479269c989303a240"
                        },
                        "layout.js": {
                            "sha": "77dabb15184a48b5aae632866d53576ce9e0266e"
                        },
                        "not-found.js": {
                            "sha": "d314b03f8931f9fb1a7661db9d5dc1cfff48f796"
                        },
                        "page.js": {
                            "sha": "253b1241b2e88e11ceeca142af150498cf20d9fc"
                        }
                    }
                },
                "cli": {
                    "dirs": {
                        "__Component": {
                            "dirs": {},
                            "files": {
                                "__Component.data.js": {
                                    "sha": "a96f536e7d6db70f8a00a8760c392930a0bf787a"
                                },
                                "__Component.js": {
                                    "sha": "057d3d677c608811df98913dfef877f9050697b6"
                                },
                                "__Component.module.css": {
                                    "sha": "bf59f362d9ef8c18dae98effc7c2cf623e5fe6f9"
                                },
                                "__Component.stories.js": {
                                    "sha": "c849d2934707683de40defc1a0cc4ed3889e76d2"
                                },
                                "__Component.test.js": {
                                    "sha": "9b2dd2e98cd4b65a8e797ef704cc19376de3bdfd"
                                },
                                "index.js": {
                                    "sha": "9a3e2b7a5b8a06903dc912d8dc54ebcfd56fdb81"
                                }
                            }
                        },
                        "__Container": {
                            "dirs": {},
                            "files": {
                                "__Container.data.js": {
                                    "sha": "a195f0b4ac90c4d78b9a0c719d167db5e34895a4"
                                },
                                "__Container.js": {
                                    "sha": "74bc45de683e1fe5ecccbbfe8929ca79c529b2e9"
                                },
                                "__Container.module.css": {
                                    "sha": "bf59f362d9ef8c18dae98effc7c2cf623e5fe6f9"
                                },
                                "__Container.stories.js": {
                                    "sha": "65364257b601bdd7b180e7245ed401c93b65348b"
                                },
                                "__Container.test.js": {
                                    "sha": "02afa66af5d2b68c7630f65236d16a9a2fd321c4"
                                },
                                "index.js": {
                                    "sha": "ae8e36d364051982daf37550c4a53f1d06662605"
                                }
                            }
                        }
                    },
                    "files": {
                        "bin.js": {
                            "sha": "9d56d33bd3298903ff6061195c878668d4f20bbb"
                        },
                        "cli.js": {
                            "sha": "43d838d7beb3e36e5b7c76ba370b0927f04c54f7"
                        }
                    }
                },
                "components": {
                    "dirs": {
                        "Hero": {
                            "dirs": {},
                            "files": {
                                "Hero.data.js": {
                                    "sha": "a2a0dceafbcad7908b97526bef19fee66605e370"
                                },
                                "Hero.js": {
                                    "sha": "83abb7123485e500e4b1630f5b6dd906d6acd2ef"
                                },
                                "Hero.module.css": {
                                    "sha": "e4309355ecbf7cb7f9356b0cdb87d4aff8cd4031"
                                },
                                "Hero.stories.js": {
                                    "sha": "4bca00fe4f18c3c0c6e02dcea4eb49663a721b10"
                                },
                                "index.js": {
                                    "sha": "a9cfb5f38e70a2f7e0d331a3903ca6faf2128e91"
                                }
                            }
                        },
                        "RawHtml": {
                            "dirs": {},
                            "files": {
                                "RawHtml.data.js": {
                                    "sha": "48107da5718163d207f4c7462554a829d80bcf5f"
                                },
                                "RawHtml.js": {
                                    "sha": "856c7c6e468a96f53246e7364e1ccf40bc447d59"
                                },
                                "RawHtml.module.css": {
                                    "sha": "b4042d6ecffe0cd3e0948be9774c0ce62cea5c3d"
                                },
                                "RawHtml.stories.js": {
                                    "sha": "3afcdae3a6cfa43460b677e612372e4c9d1f8d8e"
                                },
                                "RawHtml.test.js": {
                                    "sha": "926315274b20bf62191d111a15cacd15dc42ccef"
                                },
                                "index.js": {
                                    "sha": "9372e98c1e87abfeabecff62ee7c00726bcfb9cf"
                                }
                            }
                        },
                        "WagtailUserbar": {
                            "dirs": {},
                            "files": {
                                "WagtailUserbar.js": {
                                    "sha": "8f759e8f8252a103cec643ac2f7dad28c2c466f9"
                                },
                                "index.js": {
                                    "sha": "696dd71e7e12fa8be5666ec3edbd4ca074161e5c"
                                }
                            }
                        }
                    },
                    "files": {}
                },
                "config": {
                    "dirs": {
                        "jest": {
                            "dirs": {},
                            "files": {
                                "cssTransform.js": {
                                    "sha": "0a7fc532a0df30ecd857155bed16e7e9c306d8b2"
                                },
                                "svgTransform.js": {
                                    "sha": "692f379da52a306b7bcec10220a7343e620401f0"
                                }
                            }
                        }
                    },
                    "files": {}
                },
                "containers": {
                    "dirs": {
                        "ArticlePage": {
                            "dirs": {},
                            "files": {
                                "ArticlePage.js": {
                                    "sha": "110eb0e8e90ba3e07d16b5c8a30ef3033e566c0b"
                                },
                                "ArticlePage.module.css": {
                                    "sha": "b4042d6ecffe0cd3e0948be9774c0ce62cea5c3d"
                                },
                                "index.js": {
                                    "sha": "ca219dd32dc63050175878deeeac5607a9bbd804"
                                }
                            }
                        },
                        "BasePage": {
                            "dirs": {},
                            "files": {
                                "BasePage.js": {
                                    "sha": "a6bcf1b8b1036fa106e206cf63550a068318199c"
                                },
                                "index.js": {
                                    "sha": "c7775f8defa22079c7a3882e2b943e522a0a16eb"
                                }
                            }
                        },
                        "HomePage": {
                            "dirs": {},
                            "files": {
                                "HomePage.data.js": {
                                    "sha": "d81632667b80056dfee46410951526cb9e3d255d"
                                },
                                "HomePage.js": {
                                    "sha": "1fc3d02c5302a124e8ec867702dd882a68640891"
                                },
                                "HomePage.module.css": {
                                    "sha": "b4042d6ecffe0cd3e0948be9774c0ce62cea5c3d"
                                },
                                "HomePage.stories.js": {
                                    "sha": "35e846e1a8cdf87df28f3528ea7e4b07468a8e67"
                                },
                                "index.js": {
                                    "sha": "d91fb083d2cb9bc7ec5ef2beaf8f1664c15ca187"
                                }
                            }
                        },
                        "NotFoundPage": {
                            "dirs": {},
                            "files": {
                                "NotFoundPage.data.js": {
                                    "sha": "ff8b4c56321a3362fc00224b01800f62466f9a1f"
                                },
                                "NotFoundPage.js": {
                                    "sha": "df1372b1f976d0792264d65ea580e1c6473b7b74"
                                },
                                "NotFoundPage.module.css": {
                                    "sha": "b4042d6ecffe0cd3e0948be9774c0ce62cea5c3d"
                                },
                                "NotFoundPage.stories.js": {
                                    "sha": "a752560e95eef6a2eb9b2217a010ea2d3decfff8"
                                },
                                "NotFoundPage.test.js": {
                                    "sha": "579e2db20ab68aad3cdc5c423cc5d4091644d5ef"
                                },
                                "index.js": {
                                    "sha": "a4684e21bfeb96702d8a8113fa69f36bd68eef65"
                                }
                            }
                        },
                        "PasswordProtectedPage": {
                            "dirs": {},
                            "files": {
                                "PasswordProtectedPage.js": {
                                    "sha": "c8d39ce51a2a90e90fd9c2ef6065258e3b4ce945"
                                },
                                "index.js": {
                                    "sha": "b0bf90bed9eb37ead6ec3f29a9e624a501640c4e"
                                }
                            }
                        },
                        "PureHtmlPage": {
                            "dirs": {},
                            "files": {
                                "PureHtmlPage.js": {
                                    "sha": "980f822392174f5644f23717dfbcf62e0a666566"
                                },
                                "index.js": {
                                    "sha": "ab22314e0920fc2a5a7be70493dadd79bda67b5d"
                                }
                            }
                        }
                    },
                    "files": {
                        "LazyContainers.js": {
                            "sha": "111ec490a5aef8c6ab37a15dc0f4b902c94f244a"
                        },
                        "index.js": {
                            "sha": "ad235301361dabcbc8f709a3c38de6e3fc5e2f85"
                        }
                    }
                },
                "data": {
                    "dirs": {},
                    "files": {
                        "README.md": {
                            "sha": "72aa8041fd1a3cacdedfc7426932cab818d4041e"
                        },
                        "factory.js": {
                            "sha": "d966edb81e44290cef0e449f8a6ae01ebee5d274"
                        },
                        "image.js": {
                            "sha": "5a82cb88dc80da0d0c5626cf106545f4a22db538"
                        },
                        "rendition.js": {
                            "sha": "753579211ef5d750affa345dbab0bc0262968765"
                        }
                    }
                },
                "i18n": {
                    "dirs": {
                        "translations": {
                            "dirs": {},
                            "files": {
                                "en.json": {
                                    "sha": "cc38b9c5ab9aa8dfff9ffd204c9b11b3fb2610a3"
                                },
                                "sv.json": {
                                    "sha": "27183c3e1cea9d5a2b4f806ad83ff2ba6df46bef"
                                }
                            }
                        }
                    },
                    "files": {
                        "index.js": {
                            "sha": "c6e1a4704e681ef154219e991888fd4d67b31039"
                        }
                    }
                },
                "pages": {
                    "dirs": {
                        "api": {
                            "dirs": {},
                            "files": {
                                "preview.js": {
                                    "sha": "658998487bb6990694051a77e563929f25b5969e"
                                }
                            }
                        }
                    },
                    "files": {
                        "404.js": {
                            "sha": "c09bdd4e63575941af36f51c83858f32fba623e4"
                        },
                        "[...path].js": {
                            "sha": "1b4b16bfa7ed7eca2ff8315e9449b693e08b98bd"
                        },
                        "_app.js": {
                            "sha": "f3c6dbb3f2117a5ea912144959949c923960ba99"
                        },
                        "_document.js": {
                            "sha": "7f540c67cdf165992c7c3631276b6246b6b35f33"
                        },
                        "_error.js": {
                            "sha": "644c79ad0572e654d54f67e5251b313c92cd72bb"
                        },
                        "_preview.js": {
                            "sha": "4877ca7bb3db670284a3ebe325150a5cb96b1b1d"
                        },
                        "index.js": {
                            "sha": "cb03f883093093a9266e9b0b29b92ad1cff51db4"
                        }
                    }
                },
                "public": {
                    "dirs": {
                        "fonts": {
                            "dirs": {},
                            "files": {
                                ".gitkeep": {
                                    "sha": "e69de29bb2d1d6434b8b29ae775ad8c2e48c5391"
                                }
                            }
                        },
                        "img": {
                            "dirs": {},
                            "files": {
                                "logo.svg": {
                                    "sha": "6b60c1042f58d9fabb75485aa3624dddcf633b5c"
                                },
                                "white_circle.png": {
                                    "sha": "98faab8110ceefdc353ed5c988e3d8e90cecbcfc"
                                }
                            }
                        },
                        "locales": {
                            "dirs": {
                                "sv": {
                                    "dirs": {},
                                    "files": {
                                        "common.json": {
                                            "sha": "0967ef424bce6791893e9a57bb952f80fd536e93"
                                        }
                                    }
                                }
                            },
                            "files": {}
                        }
                    },
                    "files": {
                        "favicon.ico": {
                            "sha": "4965832f2c9b0605eaa189b7c7fb11124d24e48a"
                        }
                    }
                },
                "stories": {
                    "dirs": {},
                    "files": {
                        ".gitkeep": {
                            "sha": "e69de29bb2d1d6434b8b29ae775ad8c2e48c5391"
                        }
                    }
                },
                "styles": {
                    "dirs": {},
                    "files": {
                        "fonts.css": {
                            "sha": "d5658e3e47b6c7d22afa773f8a6d2f213a5de134"
                        },
                        "globals.css": {
                            "sha": "ca375514cea85cdbc0c2da018c13f2adb154f3eb"
                        },
                        "index.css": {
                            "sha": "d6d184cbf4b4d33656293d0744a55786feac548c"
                        },
                        "reset.css": {
                            "sha": "8d5b6301eadecf8d6482e22d495565ca6f970eaa"
                        }
                    }
                },
                "utils": {
                    "dirs": {},
                    "files": {
                        "Http.js": {
                            "sha": "862912ef2c779147e50d4d9c0930ddc3183852d7"
                        },
                        "caseconverters.js": {
                            "sha": "ed44cb0bc67858fd81ad51afd439fb6bda0dd803"
                        }
                    }
                }
            },
            "files": {
                ".env": {
                    "sha": "f75a3e09f100fed1269167059bc089b416372c5c"
                },
                ".gitignore": {
                    "sha": "fc0cbb04bb5324dbb0bdbcf99b82e8ca1a85b201"
                },
                ".nvmrc": {
                    "sha": "48ef2c10babeda27217b5ea2ac4f258f046ab3e1"
                },
                ".prettierignore": {
                    "sha": "ca39960397f0a39e0618e8f574e12193b3d1a1d5"
                },
                ".prettierrc.js": {
                    "sha": "c7ee028161fe809074f1496478135072048a5c7b"
                },
                ".swcrc": {
                    "sha": "95438c40cde764aa191c2c00071e62b1b96b2496"
                },
                "Dockerfile": {
                    "sha": "940ed6bca697de557610b37ed7695a96ba708a22"
                },
                "index.css": {
                    "sha": "2cb3e298071ac6eb349c7e27648f19e1e2f4fd7e"
                },
                "jest.config.js": {
                    "sha": "63338411b9f3062bc713978e0c29544de2a692e2"
                },
                "middleware.js": {
                    "sha": "edc53cd6fe5a76cf2412915103a0014b6731cc2e"
                },
                "next-i18next.config.js": {
                    "sha": "86b1fa81a353269173115cb9c798bc0d7c1c8cf1"
                },
                "next.config.js": {
                    "sha": "f331555d1e01484d484785ed38adb17be49528bd"
                },
                "package-lock.json": {
                    "sha": "7d3e87ace97e51e7d0bd5f1106ad51c901101cd6"
                },
                "package.json": {
                    "sha": "f792a3b47721ddb6bcda3b2fe127be111cf8a55f"
                },
                "sentry.client.config.js": {
                    "sha": "f34bbc4ba8ebe50f97a4557bd38666d0ca50bf83"
                },
                "sentry.edge.config.js": {
                    "sha": "e7c7aaed55a8fec0e22bb9b52d7649d2e1c2323c"
                },
                "sentry.server.config.js": {
                    "sha": "3b1f2f7eb82f78679dc6c42f5f8e3fe7559c93a4"
                },
                "setupTests.js": {
                    "sha": "8580be48ef5711a42245baf6ecc7a61e67169804"
                }
            }
        },
        "scripts": {
            "dirs": {},
            "files": {
                "enable_ssl.sh": {
                    "sha": "d4c9d02121d5fb39c537e41b07ae67be065e1bbb"
                },
                "example_prod_to_stage.sh": {
                    "sha": "fba7780f0390003e86235c72873931e246d3f4f3"
                },
                "manage.sh": {
                    "sha": "31d49ac7960dec92f5701965924bad000871e2d5"
                },
                "pip.sh": {
                    "sha": "9df6914d61c61165a6926d240d2a7b7f44698fdc"
                },
                "prod_to_local.sh": {
                    "sha": "7c43fe8f2ff22676083db2d6b19a766385e9d70f"
                },
                "restore_db.sh": {
                    "sha": "07aed71cf9d123c2af87873bc61d475f0621b84f"
                },
                "stage_to_local.sh": {
                    "sha": "eddc993fef018399ccc49995728b052ee4daa502"
                },
                "store_db.sh": {
                    "sha": "35ead598f0b6bcb691f454e04c2c8287ab984d12"
                }
            }
        },
        "src": {
            "dirs": {
                "customdocument": {
                    "dirs": {
                        "migrations": {
                            "dirs": {},
                            "files": {
                                "0001_initial.py": {
                                    "sha": "c3bc4fb1805b8757a26050f74449227ed44a4dfc"
                                },
                                "__init__.py": {
                                    "sha": "e69de29bb2d1d6434b8b29ae775ad8c2e48c5391"
                                }
                            }
                        }
                    },
                    "files": {
                        "__init__.py": {
                            "sha": "e69de29bb2d1d6434b8b29ae775ad8c2e48c5391"
                        },
                        "models.py": {
                            "sha": "aae43aac27caa343ed3febaa9dd4aa444494a521"
                        },
                        "serializers.py": {
                            "sha": "60c394c2d816e49a716a5ec4a0767a251877b8c7"
                        }
                    }
                },
                "customimage": {
                    "dirs": {
                        "migrations": {
                            "dirs": {},
                            "files": {
                                "0001_initial.py": {
                                    "sha": "030c686c11660c99fdcc35b5cd32ee987dc73e74"
                                },
                                "__init__.py": {
                                    "sha": "e69de29bb2d1d6434b8b29ae775ad8c2e48c5391"
                                }
                            }
                        }
                    },
                    "files": {
                        "__init__.py": {
                            "sha": "e69de29bb2d1d6434b8b29ae775ad8c2e48c5391"
                        },
                        "admin.py": {
                            "sha": "846f6b4061a68eda58bc9c76c36603d1e7721ee8"
                        },
                        "apps.py": {
                            "sha": "bc0830ddbb56ecfcf78f579f9af2b0bd162a60e3"
                        },
                        "factories.py": {
                            "sha": "af5091ecc19a1e1802274f1a8025e55fb9c3c8b6"
                        },
                        "models.py": {
                            "sha": "d6e26700d14855e9dc6ffbfb7f34b98da6f06cf8"
                        },
                        "serializers.py": {
                            "sha": "c216d62a5eb21fd193083fc7e3c231fe49f49314"
                        },
                        "tests.py": {
                            "sha": "a39b155ac3ee946fb97efafe6ecbb42f571cd7ad"
                        }
                    }
                },
                "customuser": {
                    "dirs": {
                        "migrations": {
                            "dirs": {},
                            "files": {
                                "0001_initial.py": {
                                    "sha": "a0c5be3ac07e3bb774a9f0811f87cee8c2a7d2b9"
                                },
                                "__init__.py": {
                                    "sha": "e69de29bb2d1d6434b8b29ae775ad8c2e48c5391"
                                }
                            }
                        }
                    },
                    "files": {
                        "__init__.py": {
                            "sha": "e69de29bb2d1d6434b8b29ae775ad8c2e48c5391"
                        },
                        "admin.py": {
                            "sha": "6d53b53a70c2ca448e231c592ae6bc27430985af"
                        },
                        "models.py": {
                            "sha": "a03ee02697ca21786f2dc8a38dea0a0685ae90a2"
                        }
                    }
                },
                "main": {
                    "dirs": {
                        "blocks": {
                            "dirs": {},
                            "files": {
                                "__init__.py": {
                                    "sha": "e69de29bb2d1d6434b8b29ae775ad8c2e48c5391"
                                }
                            }
                        },
                        "factories": {
                            "dirs": {},
                            "files": {
                                "__init__.py": {
                                    "sha": "8b137891791fe96927ad78e64b0aad7bded08bdc"
                                },
                                "base_page.py": {
                                    "sha": "e114bd4cebb71f50e905feecd635450ac3fcf8ea"
                                },
                                "home_page.py": {
                                    "sha": "b8aaa94ff269b9b1e3914b19ead041612d40d512"
                                }
                            }
                        },
                        "middlewares": {
                            "dirs": {},
                            "files": {
                                "__init__.py": {
                                    "sha": "e69de29bb2d1d6434b8b29ae775ad8c2e48c5391"
                                }
                            }
                        },
                        "migrations": {
                            "dirs": {},
                            "files": {
                                "0001_initial.py": {
                                    "sha": "9056f6a9d97f7deb23abf0c9f7fb5cab9cd02a13"
                                },
                                "__init__.py": {
                                    "sha": "e69de29bb2d1d6434b8b29ae775ad8c2e48c5391"
                                }
                            }
                        },
                        "pages": {
                            "dirs": {},
                            "files": {
                                "__init__.py": {
                                    "sha": "0f2ac0938808c996821ec4cfd0448f8c49521d56"
                                },
                                "article.py": {
                                    "sha": "f427b244a900531abeff5c4441b2263509abfe14"
                                },
                                "article_serializer.py": {
                                    "sha": "b0787f116cb44c50b255b2700c67358834237e16"
                                },
                                "base.py": {
                                    "sha": "6d2e2d12ba2f2257513757b6e3de0684d927f3a4"
                                },
                                "base_serializer.py": {
                                    "sha": "cec2455b83d290092d03129f2de10b6ce2629dda"
                                },
                                "home.py": {
                                    "sha": "4fa006e6869c8ad39c41d4a50a5adf2b3f79e32d"
                                },
                                "home_serializer.py": {
                                    "sha": "7457013400d93e7a5e8aee45d7423c1e3589a546"
                                }
                            }
                        },
                        "templates": {
                            "dirs": {
                                "email": {
                                    "dirs": {},
                                    "files": {
                                        "test_send.txt": {
                                            "sha": "5d0d99dee845be867397ed95c12a0723b90cf75d"
                                        }
                                    }
                                },
                                "pages": {
                                    "dirs": {},
                                    "files": {
                                        "empty.html": {
                                            "sha": "e69de29bb2d1d6434b8b29ae775ad8c2e48c5391"
                                        }
                                    }
                                },
                                "partials": {
                                    "dirs": {},
                                    "files": {
                                        "sentry.html": {
                                            "sha": "bde2d9bab6502a0fd980d472f7f8b043638c1359"
                                        }
                                    }
                                }
                            },
                            "files": {
                                "500.html": {
                                    "sha": "0cb87355847786cad2865c4411a9b388a66368f4"
                                }
                            }
                        },
                        "tests": {
                            "dirs": {},
                            "files": {
                                "__init__.py": {
                                    "sha": "e69de29bb2d1d6434b8b29ae775ad8c2e48c5391"
                                },
                                "test_base_page.py": {
                                    "sha": "380e8280c4b25bb1002c9bc46e92a61160ad72fd"
                                },
                                "test_no_pending_migrations.py": {
                                    "sha": "b78b335fd4c84fc394e5263c65e44ac4c55162d2"
                                },
                                "test_page_not_found.py": {
                                    "sha": "19f01e016f275201f30db0b02a4dc2929c309730"
                                },
                                "test_seo_mixin.py": {
                                    "sha": "1375f915231636dcec6ae762e3c70a96bdef1bce"
                                }
                            }
                        },
                        "views": {
                            "dirs": {},
                            "files": {
                                "__init__.py": {
                                    "sha": "accd0c944d651790f38eeb8146a779527c655990"
                                },
                                "error_500.py": {
                                    "sha": "a10017831ed7ade62fbb55397b3c1a519c1639e7"
                                },
                                "page_not_found.py": {
                                    "sha": "fa87e6f26f1584230eee1abac4cf9e2499c03c50"
                                }
                            }
                        }
                    },
                    "files": {
                        "__init__.py": {
                            "sha": "e69de29bb2d1d6434b8b29ae775ad8c2e48c5391"
                        },
                        "mixins.py": {
                            "sha": "02705355fa7546f77b01b356317c17e618fd5c9b"
                        },
                        "models.py": {
                            "sha": "c2319505a76e8d5ac4d267651d8c2babf8cb5775"
                        },
                        "serializers.py": {
                            "sha": "5d80390c32db36b4b776390ca2f64c9f167141ac"
                        }
                    }
                },
                "nextjs": {
                    "dirs": {
                        "tests": {
                            "dirs": {},
                            "files": {
                                "test_external_view_api.py": {
                                    "sha": "3d56b259952204a6cca6406f1fff615fa100c987"
                                },
                                "test_page_by_path_api.py": {
                                    "sha": "bb714590e802024200a9ba6965632e3a10ab386d"
                                },
                                "test_page_preview_api.py": {
                                    "sha": "555edf82af2b66a4466741b02cec37b797c4be20"
                                },
                                "test_page_relative_urls_api.py": {
                                    "sha": "dbb0962a2c02068f092cb7133011ca67bbf009a2"
                                },
                                "test_password_protected_page_api.py": {
                                    "sha": "377947db3495ddc613b0e0fb7b5baf2803f601b6"
                                },
                                "test_redirect_by_path_api.py": {
                                    "sha": "8ed1051863cf6a03021994790e0c8fd0f83227a0"
                                },
                                "test_session_protected_page_api.py": {
                                    "sha": "d8cfb8166d899e864875ff7a4c317853162bb083"
                                }
                            }
                        }
                    },
                    "files": {
                        "__init__.py": {
                            "sha": "e69de29bb2d1d6434b8b29ae775ad8c2e48c5391"
                        },
                        "api.py": {
                            "sha": "3d4c2b36387c364eb831f21747241be266e992b7"
                        },
                        "factories.py": {
                            "sha": "3d0af430c4b562c3e255447b644b1692e48ab4b2"
                        }
                    }
                },
                "pipit": {
                    "dirs": {
                        "locale": {
                            "dirs": {},
                            "files": {
                                ".gitkeep": {
                                    "sha": "e69de29bb2d1d6434b8b29ae775ad8c2e48c5391"
                                }
                            }
                        },
                        "management": {
                            "dirs": {
                                "commands": {
                                    "dirs": {},
                                    "files": {
                                        "__init__.py": {
                                            "sha": "e69de29bb2d1d6434b8b29ae775ad8c2e48c5391"
                                        },
                                        "change_user_password.py": {
                                            "sha": "0bc93f7873ec84bb352180ea58ef8875680d14a9"
                                        },
                                        "create_superuser_if_none_exists.py": {
                                            "sha": "c118356e1f000c4f17823de797a898d5400c0bb5"
                                        },
                                        "new_page.py": {
                                            "sha": "29eeb861fdfa1886c621861cdf4ef80287c3257d"
                                        },
                                        "wagtail_change_site_domain.py": {
                                            "sha": "782eb040a5bfee1d707f2d90e853a781773e6729"
                                        },
                                        "wagtail_replace_default_site_root_page.py": {
                                            "sha": "f712a3bce35367d497534c4e13910f6868a6036b"
                                        }
                                    }
                                }
                            },
                            "files": {
                                "__init__.py": {
                                    "sha": "e69de29bb2d1d6434b8b29ae775ad8c2e48c5391"
                                }
                            }
                        },
                        "settings": {
                            "dirs": {},
                            "files": {
                                "__init__.py": {
                                    "sha": "8b137891791fe96927ad78e64b0aad7bded08bdc"
                                },
                                "base.py": {
                                    "sha": "bb7ff05a0eb64b72ec032ae9c71e2afd7409ebc7"
                                },
                                "local.py": {
                                    "sha": "e84a01a8ab900be1d5dcd5cb7418b99b61f35757"
                                },
                                "prod.py": {
                                    "sha": "0f7f90626a69d8e865a6814812e5d2b430cc4852"
                                },
                                "stage.py": {
                                    "sha": "d1383f9974d89b019a27456e3307f486606cfb98"
                                },
                                "test.py": {
                                    "sha": "8ed41db416852b4832279a37281db18fa83106c3"
                                }
                            }
                        },
                        "static": {
                            "dirs": {
                                "pipit": {
                                    "dirs": {},
                                    "files": {
                                        "admin-overrides.css": {
                                            "sha": "e332d9734eb76b108861a68cd4a8d90ef640b5f9"
                                        }
                                    }
                                }
                            },
                            "files": {}
                        },
                        "templates": {
                            "dirs": {
                                "commands": {
                                    "dirs": {
                                        "new_page": {
                                            "dirs": {},
                                            "files": {
                                                "factory.py.tpl": {
                                                    "sha": "f472304c7aac9357df33e1fae6cd15202ca043f0"
                                                },
                                                "page.py.tpl": {
                                                    "sha": "31932dc0dc4d3f1a144ab395f5ef6a942ce0deeb"
                                                },
                                                "serializer.py.tpl": {
                                                    "sha": "850cb118e3cdfec18f66509986968ccadf54b725"
                                                },
                                                "test.py.tpl": {
                                                    "sha": "d243d79b62532829b7334afae0bcc00d6a817f09"
                                                }
                                            }
                                        }
                                    },
                                    "files": {}
                                }
                            },
                            "files": {}
                        }
                    },
                    "files": {
                        "__init__.py": {
                            "sha": "e69de29bb2d1d6434b8b29ae775ad8c2e48c5391"
                        },
                        "context_processors.py": {
                            "sha": "ad503455583da21fabac287afd99452e4a011fb0"
                        },
                        "test_runner.py": {
                            "sha": "220c4cb0c188d56c783602eef37dd6edc3365916"
                        },
                        "urls.py": {
                            "sha": "bca1a952f3bbf0bd51852743264465df10d0b920"
                        },
                        "wagtail_hooks.py": {
                            "sha": "7b5d1a5061f884c66aac5952762475b098262615"
                        },
                        "wsgi.py": {
                            "sha": "b5dc893587453f96403080acd300c5d7d29915f1"
                        }
                    }
                },
                "requirements": {
                    "dirs": {},
                    "files": {
                        "base.txt": {
                            "sha": "0ecbd562eacffa4c9e090b9c011767810f939eed"
                        },
                        "local.txt": {
                            "sha": "11c8e5fda9b551f58394af223fc09c9d53ca05d9"
                        },
                        "prod.txt": {
                            "sha": "bf0c9be3041e0a34aab4e329a37c1c204fe4e239"
                        },
                        "stage.txt": {
                            "sha": "2532ff91412aaa28d060054918819cc35b6efcc8"
                        },
                        "test.txt": {
                            "sha": "5c0bba15a0c7ba239c38ff869b13bdad5af772ba"
                        }
                    }
                },
                "sitesettings": {
                    "dirs": {
                        "migrations": {
                            "dirs": {},
                            "files": {
                                "0001_initial.py": {
                                    "sha": "2aab5b0af5e10565d264577fb08f24ab7a54d412"
                                },
                                "__init__.py": {
                                    "sha": "e69de29bb2d1d6434b8b29ae775ad8c2e48c5391"
                                }
                            }
                        }
                    },
                    "files": {
                        "__init__.py": {
                            "sha": "e69de29bb2d1d6434b8b29ae775ad8c2e48c5391"
                        },
                        "admin.py": {
                            "sha": "78560cb52cb35d02597ac1241b4a8b6cfd189b33"
                        },
                        "apps.py": {
                            "sha": "fe81aba8e6698cf82e7153b927ba663b1f812d8e"
                        },
                        "factories.py": {
                            "sha": "ea8e08df9d0ad0e2bee99b0d68e533d9015c95ee"
                        },
                        "models.py": {
                            "sha": "d57fd426c7d9a01572254245cb2af833cb82e4de"
                        },
                        "serializers.py": {
                            "sha": "0cdbb07bc28b46b088e54bdb4047d8ee6c4887bd"
                        },
                        "tests.py": {
                            "sha": "a39b155ac3ee946fb97efafe6ecbb42f571cd7ad"
                        }
                    }
                },
                "utils": {
                    "dirs": {
                        "tests": {
                            "dirs": {},
                            "files": {
                                "test_email.py": {
                                    "sha": "30fb55e0b5678eab77ff145e365c765e6cc6bb91"
                                }
                            }
                        }
                    },
                    "files": {
                        "__init__.py": {
                            "sha": "e69de29bb2d1d6434b8b29ae775ad8c2e48c5391"
                        },
                        "email.py": {
                            "sha": "069f2af4e779962b1a2734c0693da7b0ef2dc929"
                        },
                        "env.py": {
                            "sha": "fd8f3a333d300aedadd32ee94bfa0b874d1e2745"
                        }
                    }
                }
            },
            "files": {
                ".coveragerc": {
                    "sha": "8c64164ae370d600464f818551a885ee2a001644"
                },
                "Dockerfile": {
                    "sha": "a1125c7bf38519e0f41488a3f5d41dafa6b0fc83"
                },
                "Dockerfile_noop": {
                    "sha": "126fe990234272b7938b2d846ffd488d0e7ebc4e"
                },
                "docker-entrypoint.sh": {
                    "sha": "f46d6ed74c7b262b587d6626898ede50a6b97c57"
                },
                "manage.py": {
                    "sha": "3bb4c35c55b6652a7d075c8ffa2b35796bc116e7"
                },
                "mypy.ini": {
                    "sha": "d0812a9741f26d852609cd0d312de200a7db7b11"
                },
                "pyproject.toml": {
                    "sha": "ea42d3943b3275e9c8bc4043c70b0671ea9192d6"
                },
                "pytest.circleci.ini": {
                    "sha": "53dc93a5d077109741995ae747a2e18233b814db"
                },
                "pytest.ini": {
                    "sha": "8c25ad79197357924ce14d12bf88468d2ada2844"
                },
                "pytest.local.ini": {
                    "sha": "853302a90660575f18a409fd965103ad9315f7fd"
                },
                "uwsgi.ini": {
                    "sha": "1853585e0e7cc0479127046a857f927571e439f8"
                }
            }
        }
    },
    "files": {
        ".ciignore": {
            "sha": "ddb74adf8a654e466a2e89a708b099afc05868a5"
        },
        ".dockerignore": {
            "sha": "5a8968239068890e8d1f263d195ca51bc0665a8b"
        },
        ".editorconfig": {
            "sha": "11b22607738ef90c42e1db9ddb86924855a4f040"
        },
        ".gitattributes": {
            "sha": "c3808d8dec8315ea9d6236890df6819bbf0e1b0c"
        },
        ".gitignore": {
            "sha": "0c70719ba30f8db2dfeb9129e893d392dbfdd202"
        },
        ".ignore": {
            "sha": "3ce1d246a49fec6e8f6d505d60c09274d7f97051"
        },
        ".python-version": {
            "sha": "c8cfe3959183f8e9a50f83f54cd723f2dc9c252d"
        },
        ".rsync-filter": {
            "sha": "67b58224c1ea53f1ff680f80c1520393fb644d66"
        },
        "Makefile": {
            "sha": "360e62518d3a5c970f323884d65dd2a472dccb7f"
        },
        "README.md": {
            "sha": "4c9cca6c7e5e41df8fefd66dc14e38d1d310ab9c"
        },
        "docker-compose.override.local.yml": {
            "sha": "b4b51085d31465773052c720d0a5645f15224cba"
        },
        "docker-compose.yml": {
            "sha": "ae3dcc4ec615f710e7040376c796cdb321584c45"
        },
        "package-lock.json": {
            "sha": "7a5bcb98559d2a9a9ca8ed2d3c6069b8cd225294"
        }
    }
}