{
    "dirs": {
        ".github": {
            "dirs": {
                "workflows": {
                    "dirs": {},
                    "files": {
                        "pre-commit.yaml": {
                            "sha": "a4b585cd123425faa5bc795aeb7789b6cb6fd8d6"
                        },
                        "test.yaml": {
                            "sha": "33fea06870507c30e51cc56d0495cfc89500f4fb"
                        }
                    }
                }
            },
            "files": {
                "dependabot.yml": {
                    "sha": "3fa49b0b35f6bbefaf10154f5f61c23ca4ee0bfc"
                }
            }
        },
        "backend": {
            "dirs": {
                "alembic": {
                    "dirs": {
                        "versions": {
                            "dirs": {},
                            "files": {
                                "5c89a726934c_add_item_migration.py": {
                                    "sha": "6fcb70d9ae767a35b774f7969b97d14017dc0132"
                                },
                                "7e09fa75df7a_add_initial_migration.py": {
                                    "sha": "9e3f0855fb1920b32c77b0103bea0aa392defd25"
                                }
                            }
                        }
                    },
                    "files": {
                        "README": {
                            "sha": "2500aa1bcf726a14c436070389837be3666ba96f"
                        },
                        "env.py": {
                            "sha": "ee39709e79220dc4f55b4d9e51062a6a977c9e15"
                        },
                        "script.py.mako": {
                            "sha": "5b524d7a26c3537dd515bf7f2e94a2a5638c3425"
                        }
                    }
                },
                "app": {
                    "dirs": {
                        "api": {
                            "dirs": {},
                            "files": {
                                "__init__.py": {
                                    "sha": "2251c6b50d08055486fd656356e3a6120eb96eac"
                                },
                                "items.py": {
                                    "sha": "b9d568da1476cbdda8f4276c68df429f42a04838"
                                },
                                "users.py": {
                                    "sha": "4e53f2c04d84ea47036b9e61b50425f272ef05f7"
                                },
                                "utils.py": {
                                    "sha": "93e16b6f915d39ec9bdf32f9dabc960a142ef093"
                                }
                            }
                        },
                        "core": {
                            "dirs": {},
                            "files": {
                                "config.py": {
                                    "sha": "e7b31f12c33ed68b0d60921d152ce3bb84dcc3dc"
                                },
                                "logger.py": {
                                    "sha": "c146410fc622e8e5eaef0edddcc0b1635614fd1e"
                                }
                            }
                        },
                        "deps": {
                            "dirs": {},
                            "files": {
                                "db.py": {
                                    "sha": "c33b43141df2ef9c5dfa0d4a7f650edd224b68b2"
                                },
                                "request_params.py": {
                                    "sha": "afb153232bc7799ea0f634520b72f7f318381ed8"
                                },
                                "users.py": {
                                    "sha": "bece38a5aa2490342311834f3a4a5153ce7f35fd"
                                }
                            }
                        },
                        "models": {
                            "dirs": {},
                            "files": {
                                "__init__.py": {
                                    "sha": "aed403c271888138f1f1120f811eeba4a999d0db"
                                },
                                "item.py": {
                                    "sha": "5a42cd92d40115ff956f9adbd21c694eecca1f8c"
                                },
                                "user.py": {
                                    "sha": "ebd2b7c9ba97d89cb5f621f484e40eabbffc945d"
                                }
                            }
                        },
                        "schemas": {
                            "dirs": {},
                            "files": {
                                "item.py": {
                                    "sha": "5454782812b44ff1b7b85d72afd0eeb4f8ce784a"
                                },
                                "msg.py": {
                                    "sha": "945e0c627bc183f8a0ee0aa736c0a1d8d54cd895"
                                },
                                "request_params.py": {
                                    "sha": "17301c6a9198d19f2482242ada5143cc4d9b59f9"
                                },
                                "user.py": {
                                    "sha": "de1169e4c89fbf97778676621b936015f4548c38"
                                }
                            }
                        }
                    },
                    "files": {
                        "db.py": {
                            "sha": "420dd8e7be994fe4c91ba360924b92b7616e6516"
                        },
                        "factory.py": {
                            "sha": "92ff874d42f2e7dd167bac8f7a5b63d7fdba0cf2"
                        }
                    }
                },
                "static": {
                    "dirs": {},
                    "files": {
                        "index.html": {
                            "sha": "4d248c7b037f87b42771fa3d6a8a455109008d68"
                        }
                    }
                },
                "tests": {
                    "dirs": {
                        "api": {
                            "dirs": {},
                            "files": {
                                "__init__.py": {
                                    "sha": "e69de29bb2d1d6434b8b29ae775ad8c2e48c5391"
                                },
                                "test_items.py": {
                                    "sha": "47081c75bd5f4d7a62de0b52a4c1b596ddebbb0a"
                                },
                                "test_utils.py": {
                                    "sha": "992a11f591c58b96d2f09c4a7ac1596b318deebf"
                                }
                            }
                        },
                        "models": {
                            "dirs": {},
                            "files": {
                                "test_user.py": {
                                    "sha": "fc4d74d5fca19275004bec4834f19eae59fcfbf2"
                                }
                            }
                        }
                    },
                    "files": {
                        "__init__.py": {
                            "sha": "e69de29bb2d1d6434b8b29ae775ad8c2e48c5391"
                        },
                        "conftest.py": {
                            "sha": "c5277685819281b38fa11cc23a548037f905e0eb"
                        },
                        "utils.py": {
                            "sha": "4900d9435838420540d9be20846de8b32d4b7f22"
                        }
                    }
                }
            },
            "files": {
                "Dockerfile": {
                    "sha": "723d39c49bd758dd97626001b55e7208730ffbf2"
                },
                "alembic.ini": {
                    "sha": "49641573366e61537e3f44456977d7ca29306473"
                },
                "main.py": {
                    "sha": "348704790f48fffcfc2e4c10107f9d23b740ec26"
                },
                "poetry.lock": {
                    "sha": "23bf770c9b60f31ab10519af2be9be659650e342"
                },
                "pyproject.toml": {
                    "sha": "5ccf5e731e7d16371f816ffae87b88c053e940f4"
                },
                "shell.py": {
                    "sha": "68beb9fd3a2e8424ce38dcbb3103ea9c1d4c831c"
                }
            }
        },
        "frontend": {
            "dirs": {
                "cypress": {
                    "dirs": {
                        "e2e": {
                            "dirs": {},
                            "files": {
                                "app.cy.js": {
                                    "sha": "e5829337e712936d13d56803b7943111747fed45"
                                }
                            }
                        },
                        "plugins": {
                            "dirs": {},
                            "files": {
                                "index.js": {
                                    "sha": "8229063adc1fdaf6966cdb7d81723ee5ba2b0b58"
                                }
                            }
                        },
                        "support": {
                            "dirs": {},
                            "files": {
                                "commands.js": {
                                    "sha": "ec94c4dd44ff011488b47698b3359934fd8f63fa"
                                },
                                "e2e.js": {
                                    "sha": "d076cec9fd362e6ba078011de956512f5072929c"
                                }
                            }
                        }
                    },
                    "files": {}
                },
                "public": {
                    "dirs": {},
                    "files": {
                        "favicon.ico": {
                            "sha": "a11777cc471a4344702741ab1c8a588998b1311a"
                        },
                        "index.html": {
                            "sha": "cdda666b7b420bc71eaa6ac5e5a1414142c30dda"
                        },
                        "logo192.png": {
                            "sha": "fc44b0a3796c0e0a64c3d858ca038bd4570465d9"
                        },
                        "logo512.png": {
                            "sha": "a4e47a6545bc15971f8f63fba70e4013df88a664"
                        },
                        "manifest.json": {
                            "sha": "b85a70220df110f8d018cbdaddae44f257040f23"
                        },
                        "robots.txt": {
                            "sha": "e9e57dc4d41b9b46e05112e9f45b7ea6ac0ba15e"
                        }
                    }
                },
                "src": {
                    "dirs": {
                        "components": {
                            "dirs": {},
                            "files": {
                                "AdminLayout.tsx": {
                                    "sha": "fcdf3c5325b9a425f6f2f74e27ef768d723e67ce"
                                },
                                "Auth.tsx": {
                                    "sha": "41d72e14e448773f87ea188bc0b089a90b28c1ef"
                                },
                                "authStyles.tsx": {
                                    "sha": "750a8c2ab9ad430f71859f1b7d280ab15e2d16e4"
                                }
                            }
                        },
                        "generated": {
                            "dirs": {
                                ".openapi-generator": {
                                    "dirs": {},
                                    "files": {
                                        "FILES": {
                                            "sha": "3287aeb3b213ae06a9aa6d603cfbdc0aabca85ce"
                                        },
                                        "VERSION": {
                                            "sha": "5f84a81db0e5f99341d0c7e6e1856d5a5c66e6cd"
                                        }
                                    }
                                },
                                "api": {
                                    "dirs": {},
                                    "files": {
                                        "auth-api.ts": {
                                            "sha": "357b25d149cd84eb581bd3e975a680a77293bff9"
                                        },
                                        "items-api.ts": {
                                            "sha": "18b4c9b0fa7802260422f72acc5822db71302993"
                                        },
                                        "users-api.ts": {
                                            "sha": "6829b0192fd007b49bf77be139bd94e2789ed3b4"
                                        }
                                    }
                                },
                                "models": {
                                    "dirs": {},
                                    "files": {
                                        "bearer-response.ts": {
                                            "sha": "2b6c94a7d19b6f3f70300903b6b89af4625134ee"
                                        },
                                        "detail.ts": {
                                            "sha": "6a505258b5babc378a80b1720f65ff64ebb7894f"
                                        },
                                        "error-model.ts": {
                                            "sha": "a44c6ebdbec3a632ec56343323017b4dc12b8924"
                                        },
                                        "httpvalidation-error.ts": {
                                            "sha": "934e678aad4daf8cb9f4779897ad2db84c7b2ca6"
                                        },
                                        "index.ts": {
                                            "sha": "6096a446901a5972cefc03a96dc6226378578750"
                                        },
                                        "item-create.ts": {
                                            "sha": "25d5f96842096c3bcd03808c999132dc7a9cdd49"
                                        },
                                        "item-update.ts": {
                                            "sha": "7a7530fc6bbb62b6dda1c320391f2867ad773383"
                                        },
                                        "item.ts": {
                                            "sha": "32473f157951888adb4c0408931ae6b5bfb44d8b"
                                        },
                                        "user-create.ts": {
                                            "sha": "94928624db415fb7d6d6d1d91ece492b307567e9"
                                        },
                                        "user-read.ts": {
                                            "sha": "b95db90fcee9b7c5b9df67dc078553d007adfcff"
                                        },
                                        "user-update.ts": {
                                            "sha": "0044217c679dceae07354b77ed74bb89db70a380"
                                        },
                                        "validation-error-loc-inner.ts": {
                                            "sha": "5229e61776a86d2feb23c3bfceeca93052d8a9f9"
                                        },
                                        "validation-error.ts": {
                                            "sha": "f1fc881bf972f1804ba7ed291c0670e5071f3e65"
                                        }
                                    }
                                }
                            },
                            "files": {
                                ".gitignore": {
                                    "sha": "149b57654723c14590f35c6c0db8460f19173078"
                                },
                                ".npmignore": {
                                    "sha": "999d88df6939a13529be54ef2e68fb3248257ad8"
                                },
                                ".openapi-generator-ignore": {
                                    "sha": "7484ee590a3894506cf063799b885428f95a71be"
                                },
                                "api.ts": {
                                    "sha": "fc700d8a736ee4644beefdcb6faeb32fbd82f4e0"
                                },
                                "base.ts": {
                                    "sha": "80666a17f972041b19d8c756f76591236bd164e3"
                                },
                                "common.ts": {
                                    "sha": "a2037eb2f0fca3b0aa4b5286da14af8bd047b1c1"
                                },
                                "configuration.ts": {
                                    "sha": "aa72616d033b885116c8e337398ffc58ae46b346"
                                },
                                "git_push.sh": {
                                    "sha": "f53a75d4fabe760cce49eddfd62fcc702938ea90"
                                },
                                "index.ts": {
                                    "sha": "782dc5685b7d2c94afcd7b30be224b5698146ea8"
                                }
                            }
                        },
                        "pages": {
                            "dirs": {},
                            "files": {
                                "Dashboard.test.tsx": {
                                    "sha": "02ccfbf2ae056a21a3a5c5ca5a1371e85720e77e"
                                },
                                "Dashboard.tsx": {
                                    "sha": "bc26ebfbf95a99c881320b43708dcd8d0bd610e8"
                                },
                                "Items.tsx": {
                                    "sha": "adc45fcb20a6023160f444ce622f0be416b85f21"
                                },
                                "Login.test.tsx": {
                                    "sha": "3ce283d88be11d1678d272e778ccd0d819710263"
                                },
                                "Login.tsx": {
                                    "sha": "7979b760d422b025f01a9080cfbf16178fb47962"
                                },
                                "ProfileEdit.tsx": {
                                    "sha": "cc0a1e372920d5b697bb7e2a04901cba4b7cec73"
                                },
                                "Register.test.tsx": {
                                    "sha": "466becf359d317670094eb40663a194d591182e4"
                                },
                                "Register.tsx": {
                                    "sha": "a162e90d1701d862f67fc810aa17d91d74aa744b"
                                },
                                "Users.tsx": {
                                    "sha": "4223f94211d57ce838e6dd127195af704447fb8d"
                                }
                            }
                        },
                        "providers": {
                            "dirs": {},
                            "files": {
                                "authProvider.ts": {
                                    "sha": "03c30332476851f028ee85cc5e5539af6b6bb26b"
                                },
                                "env.ts": {
                                    "sha": "089099db09e45f1dde1c54fb7d79a903e764142e"
                                }
                            }
                        }
                    },
                    "files": {
                        "App.css": {
                            "sha": "74b5e053450a48a6bdb4d71aad648e7af821975c"
                        },
                        "App.tsx": {
                            "sha": "6f5bc01d46c0c3fe74799caaa9e3def8e7aa8595"
                        },
                        "index.css": {
                            "sha": "ec2585e8c0bb8188184ed1e0703c4c8f2a8419b0"
                        },
                        "index.tsx": {
                            "sha": "ad9cbbbf8f3cf52c00c6cffe408ffce752a0c77a"
                        },
                        "logo.svg": {
                            "sha": "71694760334b71b61b9b4501297ef3391cd6f240"
                        },
                        "react-app-env.d.ts": {
                            "sha": "6431bc5fc6b2c932dfe5d0418fc667b86c18b9fc"
                        },
                        "reportWebVitals.ts": {
                            "sha": "5fa3583b7500be19f1ed614222d46fdacbcb8d3b"
                        },
                        "setupTests.ts": {
                            "sha": "1dd407a63ef3dfe125f2044471689923a3c507a9"
                        }
                    }
                }
            },
            "files": {
                ".dockerignore": {
                    "sha": "dd87e2d73f9fa1fc3f4ec8b39d194d04c52c7c1a"
                },
                ".gitignore": {
                    "sha": "4d29575de80483b005c29bfcac5061cd2f45313e"
                },
                ".prettierignore": {
                    "sha": "cdb9d823f1be271e34cd5f914835dc8e4abf060b"
                },
                "Dockerfile": {
                    "sha": "2dac7efd22b1a6ec433da8baaa6aa3bf1563e713"
                },
                "README.md": {
                    "sha": "b58e0af830ec5dbc90534e641396406fd17bf11c"
                },
                "cypress.config.ts": {
                    "sha": "c5eb5282561bb6921195522a77ae6370fe985d36"
                },
                "nginx.conf": {
                    "sha": "ca68b7e170f502c7b5fb5fb11720c2180ac12aa0"
                },
                "openapitools.json": {
                    "sha": "6f7db3e8ffde6989f8b68a048de4fd7871862c8d"
                },
                "package.json": {
                    "sha": "e039125fa371d44d401240072bb22ac3123bba2a"
                },
                "tsconfig.json": {
                    "sha": "a273b0cfc0e965c35524e3cd0d3574cbe1ad2d0d"
                },
                "yarn.lock": {
                    "sha": "bdf4e07442f7a8de1e90a1cc38e6478352e94fbe"
                }
            }
        }
    },
    "files": {
        ".dockerignore": {
            "sha": "6bde8b99982755f2ca439974ca691440aac12b4e"
        },
        ".env": {
            "sha": "fef7b03627ac80d6d0eb3f3736d7558cb9e9c866"
        },
        ".gitignore": {
            "sha": "84f208e93c3aaa7cd7eba2fa107be5f989f24412"
        },
        ".isort.cfg": {
            "sha": "ea47108efd8b49af7788999ffaeebfe33c55076a"
        },
        ".pre-commit-config.yaml": {
            "sha": "5b8c047fb930f0984d8ea0d292adc64721220827"
        },
        "Dockerfile": {
            "sha": "649471872b8abb877099bcf97db5efb0265381cc"
        },
        "README.md": {
            "sha": "8fc6fdddcf013b3add6fb649b7e41a15baec13bb"
        },
        "docker-compose.ci.yml": {
            "sha": "bb3d8b846e239171a69e816a0508161ae0b28be8"
        },
        "docker-compose.override.yml": {
            "sha": "65ac196e6d0d2fd36ab6a98a66f7d77d1482d59d"
        },
        "docker-compose.yml": {
            "sha": "e25b2926f4d3956502117163e53f07cf52c62d84"
        },
        "env-template": {
            "sha": "6db423f9b993219b03581c192aafe9178bdd3014"
        }
    }
}