{
    "dirs": {
        "app": {
            "dirs": {
                "src": {
                    "dirs": {
                        "androidTest": {
                            "dirs": {
                                "java": {
                                    "dirs": {},
                                    "files": {
                                        "ApplicationTest.java": {
                                            "sha": "1e0dcad1a0a9d91683159ac4500d1f6c3eb6c92f"
                                        }
                                    }
                                }
                            },
                            "files": {}
                        },
                        "main": {
                            "dirs": {
                                "kotlin": {
                                    "dirs": {
                                        "base": {
                                            "dirs": {},
                                            "files": {
                                                "BaseActivity.kt": {
                                                    "sha": "87f0af5e69db8fc77c6ffe8c315a223d8e4faf83"
                                                },
                                                "IBaseView.kt": {
                                                    "sha": "2ae201d29331b088b822537370973f98808bd719"
                                                }
                                            }
                                        },
                                        "di": {
                                            "dirs": {
                                                "component": {
                                                    "dirs": {},
                                                    "files": {
                                                        "ApplicationComponent.kt": {
                                                            "sha": "dfa1e340bc7aa25fb74d0d88ce75645a627c3c39"
                                                        }
                                                    }
                                                },
                                                "module": {
                                                    "dirs": {},
                                                    "files": {
                                                        "ApplicationModule.kt": {
                                                            "sha": "c786b5080110b51f59f8d66f8912b7b2a7be45bc"
                                                        },
                                                        "DatabaseModule.kt": {
                                                            "sha": "8d416714201c6ca1167470331b838c0d74b7c594"
                                                        },
                                                        "NetModule.kt": {
                                                            "sha": "9333e0507804f149f495b9a60df7b6705d09b318"
                                                        }
                                                    }
                                                },
                                                "scope": {
                                                    "dirs": {},
                                                    "files": {
                                                        "ActivityScope.kt": {
                                                            "sha": "c5d8edd563d7922446556a7d79bf8ae7dd8110d7"
                                                        }
                                                    }
                                                }
                                            },
                                            "files": {}
                                        },
                                        "main": {
                                            "dirs": {},
                                            "files": {
                                                "IMainView.kt": {
                                                    "sha": "20f33d6aa2b52c5b7b808cc162a0ddb3429c7efc"
                                                },
                                                "MainActivity.kt": {
                                                    "sha": "5b9642e0f07221201b5a1bfce4c90e9fbb05d2d7"
                                                },
                                                "MainComponent.kt": {
                                                    "sha": "a9905586d8fd78fe6e279d7a3b24b10eb64dba10"
                                                },
                                                "MainModule.kt": {
                                                    "sha": "4a94d6f6966e12bd1e401f2f8861898faa892560"
                                                },
                                                "MainPresenter.kt": {
                                                    "sha": "dc641a30334d96fb948e817fd049a5b87d44ffd8"
                                                }
                                            }
                                        },
                                        "splash": {
                                            "dirs": {},
                                            "files": {
                                                "SplashActivity.kt": {
                                                    "sha": "9363839f0cdb3e7ea509c10327618e2d6cee30ff"
                                                }
                                            }
                                        },
                                        "utils": {
                                            "dirs": {
                                                "timber": {
                                                    "dirs": {},
                                                    "files": {
                                                        "CrashReportTree.kt": {
                                                            "sha": "59b3699bdf8a6ef73c171e71d6e7f296bd3f020e"
                                                        }
                                                    }
                                                }
                                            },
                                            "files": {
                                                "RxBus.kt": {
                                                    "sha": "c0e73af75ce4a8dc2f88c7a543fb1882ff2afc7d"
                                                }
                                            }
                                        }
                                    },
                                    "files": {
                                        "Application.kt": {
                                            "sha": "71201fa62f164c4ff10a0f84835194d5faa0c006"
                                        }
                                    }
                                },
                                "res": {
                                    "dirs": {
                                        "drawable": {
                                            "dirs": {},
                                            "files": {
                                                "android_starter.png": {
                                                    "sha": "d9a294bd749c3f7a251e697eac0fd6949dc95a2d"
                                                },
                                                "splash_logo.xml": {
                                                    "sha": "12d60037239e122bd63dbd00241051bded453916"
                                                }
                                            }
                                        },
                                        "layout": {
                                            "dirs": {},
                                            "files": {
                                                "activity_main.xml": {
                                                    "sha": "75b10f0ff1d1b1422c6c31348423c02055c3ecdd"
                                                }
                                            }
                                        },
                                        "menu": {
                                            "dirs": {},
                                            "files": {
                                                "menu_main.xml": {
                                                    "sha": "d63768105d8c1d99736c188df1b5d4af6474c638"
                                                }
                                            }
                                        },
                                        "mipmap-hdpi": {
                                            "dirs": {},
                                            "files": {
                                                "ic_launcher.png": {
                                                    "sha": "550730310e5f66436525e196a5884166c4a3fb48"
                                                },
                                                "ic_launcher_round.png": {
                                                    "sha": "8fab6a3a5b8342cacf009fd1a5481eb3c7faa5ac"
                                                }
                                            }
                                        },
                                        "mipmap-mdpi": {
                                            "dirs": {},
                                            "files": {
                                                "ic_launcher.png": {
                                                    "sha": "6bc7fcd6f356ecd97203dade6c3bee8616d24af3"
                                                },
                                                "ic_launcher_round.png": {
                                                    "sha": "1eecc0e7d5b0129aff2236d3c4ed2592543a8fe0"
                                                }
                                            }
                                        },
                                        "mipmap-xhdpi": {
                                            "dirs": {},
                                            "files": {
                                                "ic_launcher.png": {
                                                    "sha": "ec87dcebee2b6e52f988e50e087a7dbcfc4321a4"
                                                },
                                                "ic_launcher_round.png": {
                                                    "sha": "05ca079ca743343d5b2d6037aa42047efa865269"
                                                }
                                            }
                                        },
                                        "mipmap-xxhdpi": {
                                            "dirs": {},
                                            "files": {
                                                "ic_launcher.png": {
                                                    "sha": "6f67f21bac1024e18e1584913e5bcd5e1395456a"
                                                },
                                                "ic_launcher_round.png": {
                                                    "sha": "8bac0f274a9fd4a4afc0c7998ef00e87412c28b3"
                                                }
                                            }
                                        },
                                        "mipmap-xxxhdpi": {
                                            "dirs": {},
                                            "files": {
                                                "ic_launcher.png": {
                                                    "sha": "0327e13fa7927a4a05b16efa6db900c7b5591043"
                                                },
                                                "ic_launcher_round.png": {
                                                    "sha": "bacd3e75845e56977d704afbe260c6d0371a8bbb"
                                                }
                                            }
                                        },
                                        "values-v21": {
                                            "dirs": {},
                                            "files": {
                                                "styles.xml": {
                                                    "sha": "1948ec0b13ca679b76d7c4936f8202be557869d0"
                                                }
                                            }
                                        },
                                        "values-w820dp": {
                                            "dirs": {},
                                            "files": {
                                                "dimens.xml": {
                                                    "sha": "c37d093189c7f2ea7d84c7b2cef9b9fade84bf22"
                                                }
                                            }
                                        },
                                        "values": {
                                            "dirs": {},
                                            "files": {
                                                "colors.xml": {
                                                    "sha": "da48e3ea7d8fba425c5bc3fffbe5cde31bea7470"
                                                },
                                                "dimens.xml": {
                                                    "sha": "d9388e06bc1d401ba8d7f3ce1d787c2b0d86e49a"
                                                },
                                                "strings.xml": {
                                                    "sha": "30f69757d9adf212ba686d636fa85a30a4195cb6"
                                                },
                                                "styles.xml": {
                                                    "sha": "6f27bd3a1345630a98a0a8097761a37f2513f689"
                                                }
                                            }
                                        }
                                    },
                                    "files": {}
                                }
                            },
                            "files": {
                                "AndroidManifest.xml": {
                                    "sha": "9f2fab00854d01ab58aaf0f2dfcd6f5ead9b65ef"
                                }
                            }
                        },
                        "test": {
                            "dirs": {
                                "java": {
                                    "dirs": {},
                                    "files": {
                                        "ExampleUnitTest.java": {
                                            "sha": "dd6d1304872534b9f68d45a02c3d1c5591c993ed"
                                        }
                                    }
                                }
                            },
                            "files": {}
                        }
                    },
                    "files": {}
                }
            },
            "files": {
                ".gitignore": {
                    "sha": "796b96d1c402326528b4ba3c12ee9d92d0e212e9"
                },
                "build.gradle": {
                    "sha": "cefc58703dca2fe7646ae38932f988af8d30e8a6"
                },
                "proguard-rules.pro": {
                    "sha": "8eccb38fc41017a1cf688828530b0b4277ba0262"
                }
            }
        },
        "gradle": {
            "dirs": {
                "wrapper": {
                    "dirs": {},
                    "files": {
                        "gradle-wrapper.jar": {
                            "sha": "13372aef5e24af05341d49695ee84e5f9b594659"
                        },
                        "gradle-wrapper.properties": {
                            "sha": "3b822a499dca8c165a59cbddaf45e45e29b94569"
                        }
                    }
                }
            },
            "files": {}
        }
    },
    "files": {
        "build.gradle": {
            "sha": "eedbd3705902d280f991c082587d2f372efb7a9f"
        },
        "gradle.properties": {
            "sha": "aac7c9b4614ccfde6c721f24994cf30885a791d0"
        },
        "gradlew": {
            "sha": "cc16da200b6cd29290c54314392cf02fe190ecb1"
        },
        "gradlew.bat": {
            "sha": "8a0b282aa6885fb573c106b3551f7275c5f17e8e"
        },
        "settings.gradle": {
            "sha": "e7b4def49cb53d9aa04228dd3edb14c9e635e003"
        }
    }
}