{
    "dirs": {
        "config": {
            "dirs": {},
            "files": {
                "webpack.base.config.js": {
                    "sha": "d607eed1b615ca16fee57c10fe725c403045766f"
                },
                "webpack.local.config.js": {
                    "sha": "df23122f8194c03ba0fbbfbdae7b0480cde3305b"
                },
                "webpack.production.config.js": {
                    "sha": "9a9001ada5484487c387ea862f3903231a3c6944"
                },
                "webpack.test.config.js": {
                    "sha": "9a06ee4b9294506dda30e2f87305c7c3c383238b"
                }
            }
        },
        "{{cookiecutter.static_root}}": {
            "dirs": {
                "__tests__": {
                    "dirs": {
                        "counter": {
                            "dirs": {},
                            "files": {
                                "component-test.js": {
                                    "sha": "aa4f9f2a28ca181d14652241966b8009638d1d0e"
                                },
                                "reducer-test.js": {
                                    "sha": "78d68a90f5e1562e36b1ef9f40372678bda6fb8c"
                                }
                            }
                        }
                    },
                    "files": {}
                },
                "actions": {
                    "dirs": {},
                    "files": {
                        "counterActions.js": {
                            "sha": "a48f32ca86bf3a8fbd68b69129cf76ee0b0e80a0"
                        }
                    }
                },
                "components": {
                    "dirs": {
                        "Counter": {
                            "dirs": {},
                            "files": {
                                "Counter.js": {
                                    "sha": "1584828af45b6387e1c0571638397e956efe2483"
                                },
                                "Counter.less": {
                                    "sha": "2e62d31d4b5c451b5f0a635bed0d1458fd26f2c0"
                                },
                                "Counter.scss": {
                                    "sha": "108da72e60c1c5f37d95fcea8015ef082cbe5d93"
                                },
                                "package.json": {
                                    "sha": "cce88ed7669b2eadbf1295c95690ae7bbc7ac428"
                                }
                            }
                        }
                    },
                    "files": {
                        "App.js": {
                            "sha": "821e52c195c0b5203d926b14f6930b119fb22e46"
                        }
                    }
                },
                "constants": {
                    "dirs": {},
                    "files": {
                        "actionTypes.js": {
                            "sha": "930d9efede569d7076cf8a21b755571284868170"
                        }
                    }
                },
                "containers": {
                    "dirs": {},
                    "files": {
                        "CounterApp.js": {
                            "sha": "4642eabc35bb9d068c136df5cc37c6ec591040ad"
                        },
                        "DevTools.js": {
                            "sha": "53d9779cf56a160180fea9dc8a0d7786c62e6cd9"
                        }
                    }
                },
                "reducers": {
                    "dirs": {},
                    "files": {
                        "counter.js": {
                            "sha": "11d866a49a4c873578bdd8ee82796837c6adf5ad"
                        },
                        "index.js": {
                            "sha": "2e6e16fa030bfe2cbabb1a8669495b06e32c1f38"
                        }
                    }
                },
                "store": {
                    "dirs": {},
                    "files": {
                        "configureStore.js": {
                            "sha": "78d15af384accc5c4237153ff16eb6e006533250"
                        }
                    }
                },
                "templates": {
                    "dirs": {},
                    "files": {
                        "default.ejs": {
                            "sha": "6737f057b4594d84c6cc7860bee23143dd6f7d2e"
                        },
                        "partial.ejs": {
                            "sha": "adf6b8a2cb988c29734a36b03fadcdddae84f638"
                        }
                    }
                }
            },
            "files": {
                "index.js": {
                    "sha": "8790a70f5de0417554ce83a08a914e4ff0a1f756"
                },
                "routes.js": {
                    "sha": "77b180359ffbc4bc15c2ba59685afdaea7d7c109"
                }
            }
        }
    },
    "files": {
        ".babelrc": {
            "sha": "8dc3601284a8fa39f2092657a7add7bead2d43a5"
        },
        ".eslintignore": {
            "sha": "ba0caa614442d27178d1fcac14aa19150f4d65ab"
        },
        ".eslintrc": {
            "sha": "eb2787af3296aaac93293637fdf786b5a91dc25b"
        },
        ".gitignore": {
            "sha": "4e13ec6f8243e5cbaaad841aa7056294add0671c"
        },
        "README.md": {
            "sha": "065c815c768d37ccdbaca90cd01cd5865c1d7f6c"
        },
        "karma.conf.js": {
            "sha": "8ec12c4825577c08fd8799e033b051b8ad469d21"
        },
        "package.json": {
            "sha": "45d1a59fefe79c36dc50d98c8f74d9d7a1454d1e"
        },
        "webpack.config.js": {
            "sha": "497ceda8496af589a44637f7db672a237a183512"
        }
    }
}