{
    "dirs": {
        "tests": {
            "dirs": {
                "acceptance": {
                    "dirs": {},
                    "files": {
                        "__init__.py": {
                            "sha": "e69de29bb2d1d6434b8b29ae775ad8c2e48c5391"
                        },
                        "test_status.py": {
                            "sha": "6a09c4c80e97e299537c0dec1dba7fa2a87d3690"
                        }
                    }
                }
            },
            "files": {
                "__init__.py": {
                    "sha": "e69de29bb2d1d6434b8b29ae775ad8c2e48c5391"
                },
                "base_test.py": {
                    "sha": "04d35224e799e50d4e92cf7701bf68c6852990a4"
                },
                "requirements.txt": {
                    "sha": "eddabd777b7fc8a99f06e506a753bd404e680e60"
                }
            }
        },
        "tools": {
            "dirs": {
                "scripts": {
                    "dirs": {},
                    "files": {
                        "export_openapi.py": {
                            "sha": "ae4e2404dba7c432150e7571d7d3110e33a4fce9"
                        },
                        "healthcheck.py": {
                            "sha": "53f2e5f228b545136a556b5a3fe68b1b1ac1a0fe"
                        }
                    }
                }
            },
            "files": {}
        },
        "{{cookiecutter.project_slug}}": {
            "dirs": {
                "exceptions": {
                    "dirs": {
                        "api": {
                            "dirs": {},
                            "files": {
                                "__init__.py": {
                                    "sha": "e69de29bb2d1d6434b8b29ae775ad8c2e48c5391"
                                },
                                "base.py": {
                                    "sha": "5592c89bcb01d4c02a05702a6f1760a28b30c3de"
                                }
                            }
                        }
                    },
                    "files": {
                        "__init__.py": {
                            "sha": "e69de29bb2d1d6434b8b29ae775ad8c2e48c5391"
                        }
                    }
                },
                "models": {
                    "dirs": {},
                    "files": {
                        "__init__.py": {
                            "sha": "e69de29bb2d1d6434b8b29ae775ad8c2e48c5391"
                        }
                    }
                },
                "routes": {
                    "dirs": {},
                    "files": {
                        "__init__.py": {
                            "sha": "e69de29bb2d1d6434b8b29ae775ad8c2e48c5391"
                        },
                        "api.py": {
                            "sha": "e79af0ea6f7e8c8ffdc6651e2835b41b4ca140c8"
                        }
                    }
                }
            },
            "files": {
                "__init__.py": {
                    "sha": "e69de29bb2d1d6434b8b29ae775ad8c2e48c5391"
                },
                "app.py": {
                    "sha": "3cf98a46dfa8f42e51963ca798c7faf2a212425e"
                },
                "documentation.py": {
                    "sha": "8c14b1c7f1304e1d7e2caa85fc7ff01646a4450d"
                },
                "logger.py": {
                    "sha": "74a2cb7bd7ae5562a36d15a522bf7e92bbee74bf"
                },
                "middlewares.py": {
                    "sha": "5c2f6483d4555de7ea10f1d967c29bcec44e7c22"
                },
                "routers.py": {
                    "sha": "8281392acd1c45b1f00775543f23c3d56e01215a"
                },
                "settings.py": {
                    "sha": "fad99e0d67de6612dd5b80e288c8ff33bebfabef"
                },
                "utils.py": {
                    "sha": "fdd052d81e0a73dab940d0fdd990b124b5556b92"
                }
            }
        }
    },
    "files": {
        ".gitignore": {
            "sha": "700aee944d798444cc15613b780c9e73174abd9a"
        },
        "Dockerfile": {
            "sha": "d09f443975a020c47d937bc125733aeedcc3dfb1"
        },
        "NOTICE": {
            "sha": "2291b036136cd580b3d24bbf1e2720011bc75461"
        },
        "README.md": {
            "sha": "fe7638ba884262026bc732056bfa52f5da65bb91"
        },
        "__main__.py": {
            "sha": "cef8b7bebe947f37f07b68b76284438e718e85c1"
        },
        "requirements.txt": {
            "sha": "955ccc7ffd325ef1a4ff9a0d0666d5efb11e3b11"
        },
        "sample.env": {
            "sha": "b0f294a9df1eeb690d951b3461de1845e35b0dd1"
        }
    }
}