{
    "dirs": {
        "backend": {
            "dirs": {
                "apps": {
                    "dirs": {
                        "users": {
                            "dirs": {
                                "management": {
                                    "dirs": {
                                        "commands": {
                                            "dirs": {},
                                            "files": {
                                                "createsu.py": {
                                                    "sha": "3de5d5aeb9501c7e0f0fe8c45d31a934cf95881d"
                                                }
                                            }
                                        }
                                    },
                                    "files": {}
                                },
                                "migrations": {
                                    "dirs": {},
                                    "files": {
                                        "0001_initial.py": {
                                            "sha": "3a255a501f7c18b2b56c6dca2b31d9d6e5fdd5b6"
                                        },
                                        "__init__.py": {
                                            "sha": "e69de29bb2d1d6434b8b29ae775ad8c2e48c5391"
                                        }
                                    }
                                },
                                "templates": {
                                    "dirs": {
                                        "mail": {
                                            "dirs": {},
                                            "files": {
                                                "password_reset.txt": {
                                                    "sha": "ff988e91b94ca8b3dd9f893f88c7fcdbcba3c061"
                                                }
                                            }
                                        }
                                    },
                                    "files": {}
                                },
                                "tests": {
                                    "dirs": {},
                                    "files": {
                                        "factories.py": {
                                            "sha": "7b961d8e06e6fd965c9422a9119d4d1de33cb49a"
                                        }
                                    }
                                }
                            },
                            "files": {
                                "__init__.py": {
                                    "sha": "e69de29bb2d1d6434b8b29ae775ad8c2e48c5391"
                                },
                                "admin.py": {
                                    "sha": "9a2ff20ae32ecf8a1c977b0d6739a8e581cc75b2"
                                },
                                "apps.py": {
                                    "sha": "22fd981b1ba552bb09e5458a255131e9fa21823f"
                                },
                                "forms.py": {
                                    "sha": "9645e92dd3e3438bbbbbb6aa8e98ef0e4877256f"
                                },
                                "models.py": {
                                    "sha": "28153c1f46c68c3b27bb4fe52aba3d196c0dd45a"
                                },
                                "schema.py": {
                                    "sha": "e3d90e267fe1eb166fccdb1c313ec2e15991f42f"
                                }
                            }
                        }
                    },
                    "files": {
                        "__init__.py": {
                            "sha": "e69de29bb2d1d6434b8b29ae775ad8c2e48c5391"
                        }
                    }
                },
                "config": {
                    "dirs": {},
                    "files": {
                        "__init__.py": {
                            "sha": "e69de29bb2d1d6434b8b29ae775ad8c2e48c5391"
                        },
                        "schema.py": {
                            "sha": "265d0810f8f50b86e5498333e43b49fe8fb13092"
                        },
                        "settings.py": {
                            "sha": "ec43d3047474157666ac4dc6cfadc5e7bc3e588d"
                        },
                        "urls.py": {
                            "sha": "91f61edbe20281ce95ea6c18886800006b394c25"
                        },
                        "wsgi.py": {
                            "sha": "a6bdcd0cbd434250b6e0ce79342850c09e9bc2e8"
                        }
                    }
                },
                "psycopg2": {
                    "dirs": {},
                    "files": {
                        "README.md": {
                            "sha": "a0933093ef6e48e94642636ba2a4b9929d38960d"
                        },
                        "__init__.py": {
                            "sha": "492b924d6ed9f2a7043e66937f5441bc514e770c"
                        },
                        "_ipaddress.py": {
                            "sha": "f2a64644dcc7db9f849bc937fd005352333fd12f"
                        },
                        "_json.py": {
                            "sha": "b137a2d9fd6474cc62880036bc057ab29853e585"
                        },
                        "_psycopg.cpython-37m-x86_64-linux-gnu.so": {
                            "sha": "613c41982cad0afdadd481f61a1727b4905fbc89"
                        },
                        "_range.py": {
                            "sha": "eadc65712c37258fabba5fbf07dcfaa5a3ead42c"
                        },
                        "errorcodes.py": {
                            "sha": "6b3e6d8c9d57b4e4fc251ab870f9983078eaf1db"
                        },
                        "extensions.py": {
                            "sha": "0375d91c6bd785f3fe4d1a6271c901b74f0b3903"
                        },
                        "extras.py": {
                            "sha": "3ecb4bf84761a2ec9d58853886efda329bcf7cc5"
                        },
                        "pool.py": {
                            "sha": "425e0087c4343c83d2c35b4918e207a2c99d9a68"
                        },
                        "psycopg1.py": {
                            "sha": "3808aaaf3d186ccdd43119ca6bde3a6b5f6ea40f"
                        },
                        "sql.py": {
                            "sha": "950b61217822d3a116963bc2607b663670ab0f3e"
                        },
                        "tz.py": {
                            "sha": "92a16041e3dc98afab329bc6207c010c67a2debb"
                        }
                    }
                },
                "requirements": {
                    "dirs": {},
                    "files": {
                        "common.txt": {
                            "sha": "2f5d85d0209c4ed07752a7905bf531e820ceb6ac"
                        },
                        "deploy.txt": {
                            "sha": "99e24b229f6310fd7591dcc24d4804426046507c"
                        },
                        "dev.txt": {
                            "sha": "4ae86df88cf5533341e908078cd6ad14166ec3e9"
                        }
                    }
                },
                "scripts": {
                    "dirs": {},
                    "files": {
                        "entrypoint.sh": {
                            "sha": "27a08882bf22148c889d54992a834239eb16031e"
                        },
                        "gunicorn.sh": {
                            "sha": "8ced569c890e05e8cba9cff66dca1e6bff72d932"
                        },
                        "start.sh": {
                            "sha": "743f6cacc5b9e6f98eea4a378839780417f00e92"
                        }
                    }
                },
                "static": {
                    "dirs": {},
                    "files": {
                        ".gitkeep": {
                            "sha": "e69de29bb2d1d6434b8b29ae775ad8c2e48c5391"
                        }
                    }
                }
            },
            "files": {
                "Dockerfile": {
                    "sha": "b6849dc6e0e43b0b1d3ce5e5cf9fe25202e92138"
                },
                "__init__.py": {
                    "sha": "e69de29bb2d1d6434b8b29ae775ad8c2e48c5391"
                },
                "manage.py": {
                    "sha": "80a3e3a681b5e65c220afcfe2359088cac26f3a0"
                },
                "zappa_settings.json": {
                    "sha": "75a3532cdcd91a83c19f1f9b2b8c28237c0bb87d"
                }
            }
        },
        "deploy": {
            "dirs": {
                "{{cookiecutter.project_slug}}": {
                    "dirs": {},
                    "files": {
                        "__init__.py": {
                            "sha": "e69de29bb2d1d6434b8b29ae775ad8c2e48c5391"
                        },
                        "frontend.py": {
                            "sha": "b627834589c983b3834ce2f9d8b4a60cf48cbf2f"
                        },
                        "networking.py": {
                            "sha": "d667d7c459f29d1cb44fef2fcd991762d0cf708b"
                        }
                    }
                }
            },
            "files": {
                ".gitignore": {
                    "sha": "383cdd5040f7e27110512e3220f6a76fd91d6844"
                },
                "README.md": {
                    "sha": "b06f09fb47918b3dba879c5a6077f160720d86d6"
                },
                "app.py": {
                    "sha": "fbf509e649d195a85c801e3fe8f0965c673ac1f1"
                },
                "cdk.context.json": {
                    "sha": "ac51370e7342ce141c39561a37889c97279af478"
                },
                "cdk.json": {
                    "sha": "b4baa10225b81473dadc903671b35570b028427c"
                },
                "requirements.txt": {
                    "sha": "d6e1198b1ab1f5a7f19c6f1fc2ba7338438cf718"
                },
                "setup.py": {
                    "sha": "97d513bf3a4ffb2d0bf1efe7683aa1dd0e43b702"
                }
            }
        },
        "frontend": {
            "dirs": {
                "public": {
                    "dirs": {
                        "img": {
                            "dirs": {
                                "icons": {
                                    "dirs": {},
                                    "files": {
                                        "android-chrome-192x192.png": {
                                            "sha": "fdffb4f19441d0bf9475608bad4e6ae97e8a3eaa"
                                        },
                                        "android-chrome-512x512.png": {
                                            "sha": "e99803aa714574f8773bc44f89c2647834b1a291"
                                        },
                                        "apple-touch-icon.png": {
                                            "sha": "0f3e18a89ca09c78f13f53eb70d1a6132029a203"
                                        },
                                        "favicon-16x16.png": {
                                            "sha": "f6ac01d0de0cd01f1dd5616309435326e66f493b"
                                        },
                                        "favicon-32x32.png": {
                                            "sha": "6caa9ee8055a4a598dd0f70126b6e07ae603002b"
                                        },
                                        "favicon.ico": {
                                            "sha": "e10b5ffff0847392f77b69ebf68fae63071f3e21"
                                        }
                                    }
                                },
                                "svg": {
                                    "dirs": {},
                                    "files": {
                                        "404.svg": {
                                            "sha": "8c6b3d64569f5f9efc67de0c12d9cc9088036a6c"
                                        }
                                    }
                                }
                            },
                            "files": {}
                        }
                    },
                    "files": {
                        "index.html": {
                            "sha": "bb8ec6df7dd3b5913cd53207eae3706c51898c55"
                        },
                        "manifest.json": {
                            "sha": "9100635ada9b81de1af1c82f403aad99d97d1be1"
                        },
                        "robots.txt": {
                            "sha": "eb0536286f3081c6c0646817037faf5446e3547d"
                        }
                    }
                },
                "src": {
                    "dirs": {
                        "components": {
                            "dirs": {},
                            "files": {
                                "Footer.vue": {
                                    "sha": "e4d4385a42fb9daf1fc2996b71a26597126531ef"
                                },
                                "TopNav.vue": {
                                    "sha": "360df5893ca5ce7df96301c771f3fe450d088f79"
                                }
                            }
                        },
                        "graphql": {
                            "dirs": {
                                "mutations": {
                                    "dirs": {},
                                    "files": {
                                        "login.gql": {
                                            "sha": "02e7eee0657da173b7357c9469228044851e43e3"
                                        },
                                        "logout.gql": {
                                            "sha": "9440265459b776b77eed3a4b9ef589010e69358c"
                                        },
                                        "refreshToken.gql": {
                                            "sha": "abd715f62c42eb30843a15c54f919e95d00e139d"
                                        },
                                        "register.gql": {
                                            "sha": "8a1c5ca63d03ff687e3459158c8ce6e1bb1166fc"
                                        },
                                        "resetPassword.gql": {
                                            "sha": "4bf69876ce1a1f78b5bde40978682f5dace3dfb1"
                                        },
                                        "resetPasswordConfirm.gql": {
                                            "sha": "97219e0ee681686914eb6c8a69194edba89a6162"
                                        },
                                        "updateProfile.gql": {
                                            "sha": "4c62198cc28ef757205349e1d34278fcc4d707f5"
                                        },
                                        "verifyToken.gql": {
                                            "sha": "6c0c0d6f583370885b25fcfdd5a6794ef36d3adf"
                                        }
                                    }
                                },
                                "queries": {
                                    "dirs": {},
                                    "files": {
                                        "profile.gql": {
                                            "sha": "739c675d02584e60440d2a65356abe85bfee9032"
                                        }
                                    }
                                }
                            },
                            "files": {}
                        },
                        "layouts": {
                            "dirs": {},
                            "files": {
                                "Default.vue": {
                                    "sha": "dbd6e3f03503259043889cef4caeda2f4e14b620"
                                },
                                "NoSidebar.vue": {
                                    "sha": "919f217bef1653c009236e2973f163aa31ae8369"
                                }
                            }
                        },
                        "pages": {
                            "dirs": {},
                            "files": {
                                "Home.vue": {
                                    "sha": "ba2b136703b285fa7a29e4875e94527326030b47"
                                },
                                "PageNotFound.vue": {
                                    "sha": "51edd9c2ef83e3fca4ed842f5961075b76d8afb8"
                                }
                            }
                        },
                        "scss": {
                            "dirs": {},
                            "files": {
                                ".gitkeep": {
                                    "sha": "e69de29bb2d1d6434b8b29ae775ad8c2e48c5391"
                                }
                            }
                        }
                    },
                    "files": {
                        "App.vue": {
                            "sha": "ed3f175cc6e99cdf09e3ab4d391184ba4b29d358"
                        },
                        "apollo.js": {
                            "sha": "e69decdb8a069f73b9656961040c016ba4034ca5"
                        },
                        "constants.js": {
                            "sha": "96532c86a7b3b058a4e8dbd7d9857f8ded27fba1"
                        },
                        "main.js": {
                            "sha": "bd5daa7380cf649bc1ca85d279f13c5966487138"
                        },
                        "registerServiceWorker.js": {
                            "sha": "fc23027a3504be8156bedcaea5b4944e399312a7"
                        },
                        "router.js": {
                            "sha": "6de55f7b37020c3121f91cf2cb11880f8a77317b"
                        },
                        "store.js": {
                            "sha": "e32f74d75d46dfa6585246e18c23a4879aefa679"
                        }
                    }
                },
                "tests": {
                    "dirs": {
                        "unit": {
                            "dirs": {},
                            "files": {
                                ".eslintrc.js": {
                                    "sha": "4e51c63f4ec969a7230037ce517cba59bc7565b7"
                                }
                            }
                        }
                    },
                    "files": {}
                }
            },
            "files": {
                ".env": {
                    "sha": "e69de29bb2d1d6434b8b29ae775ad8c2e48c5391"
                },
                ".env.production": {
                    "sha": "0550f6bfd0ad4b889c19f69554ee8e0d5c8422bb"
                },
                "Dockerfile": {
                    "sha": "54fb888e318cd0a977d980b0186e337782616a7f"
                },
                "babel.config.js": {
                    "sha": "ba179669a123909a9728283fd9c004c65adb90c5"
                },
                "package.json": {
                    "sha": "f7e5404a653b508070a12cd499348273cff7d530"
                },
                "vue.config.js": {
                    "sha": "366799dc1340696b0eca65b97f681e492ae099f5"
                }
            }
        },
        "nginx": {
            "dirs": {},
            "files": {
                "dev.conf": {
                    "sha": "270a971eb6317e3f283355d5b515e20fd72a008d"
                }
            }
        }
    },
    "files": {
        ".editorconfig": {
            "sha": "3876b05a42e1a99e069e7435955a6d73e38e246d"
        },
        ".env": {
            "sha": "1e5a0fa7271dec30ce638231b76b43219e2c08b9"
        },
        ".flake8": {
            "sha": "51b50a0465baf354d5f08c76e1bffeaa9cbf1780"
        },
        ".gitignore": {
            "sha": "4cdbd16fd0500f15f1ec8f53b552b4caabb228ac"
        },
        ".graphqlrc": {
            "sha": "4f1c8dacd1388549cc7da96b5bd1dd27309574e2"
        },
        "CHANGELOG.md": {
            "sha": "356488b3fe15845fb563a57dd720e4419775ac2a"
        },
        "Makefile": {
            "sha": "a0484397b61e63be524857eacf2630b7f439844c"
        },
        "README.md": {
            "sha": "1905b0ed7189f2ca957ca4706e37decc32ffcc8b"
        },
        "apollo.config.js": {
            "sha": "98e49f372a11dee3889fea9e9671db0c9ae6f53d"
        },
        "deploy.sh": {
            "sha": "ec47ed6a35d22fce5297c4c8ca2cadfd54146ca5"
        },
        "docker-compose.yml": {
            "sha": "9ec6b3db753c32a389d5e00d5a81e87b814aff43"
        },
        "jsconfig.json": {
            "sha": "98dff0ea5ba39807ffe3902508577c0bd48c1d18"
        },
        "pyproject.toml": {
            "sha": "06e9d5efa4109e8df27a89efaf3a7c1d556051b7"
        }
    }
}