{
    "dirs": {
        "tests": {
            "dirs": {},
            "files": {
                "__init__.py": {
                    "sha": "e69de29bb2d1d6434b8b29ae775ad8c2e48c5391"
                },
                "test_{{cookiecutter.repo_name}}app.py": {
                    "sha": "da4d48ad142dfe116db3fa991c3e4c20935c0519"
                }
            }
        },
        "{{cookiecutter.repo_name}}": {
            "dirs": {},
            "files": {
                "__init__.py": {
                    "sha": "e69de29bb2d1d6434b8b29ae775ad8c2e48c5391"
                },
                "{{cookiecutter.repo_name}}.kv": {
                    "sha": "10cf4bce7f611ab597f41608833dfa917a396f0d"
                },
                "{{cookiecutter.repo_name}}app.py": {
                    "sha": "d41c460b288aefd2f5d465f73e2599e7c9aa04e8"
                }
            }
        }
    },
    "files": {
        ".gitignore": {
            "sha": "1a365474312e5b2a46b5d973303626af1d676e4f"
        },
        "LICENSE": {
            "sha": "dba95112b3c377031c02e16158240644ab39bbc9"
        },
        "README.rst": {
            "sha": "97eff483c82a7ecd62f8d5d38167d8fb7584ef41"
        },
        "android.txt": {
            "sha": "52c044bf11a69692b9b51f7906fe9f82e4f15d12"
        },
        "main.py": {
            "sha": "1f56afd180f5d75ac78347adef726080d2dba744"
        }
    }
}