{
    "dirs": {
        "docs": {
            "dirs": {
                "source": {
                    "dirs": {},
                    "files": {
                        "conf.py": {
                            "sha": "41190a3c89eedb272d80bcd00e6cedf4b5c2cb39"
                        },
                        "index.rst": {
                            "sha": "e035a3ea2938c2226ffc34aacfbe7dec26885297"
                        },
                        "readme.rst": {
                            "sha": "d97f1cf97b9147185645deb65d1bcd4a4f9a3a72"
                        },
                        "{{cookiecutter.repo_name}}.rst": {
                            "sha": "fbfe084bdefb495cd22cb7d4bad94168793b36c6"
                        }
                    }
                }
            },
            "files": {
                "Makefile": {
                    "sha": "76af6260c20345b130cb5fe234d526a7f0270138"
                }
            }
        },
        "po": {
            "dirs": {},
            "files": {
                "de.po": {
                    "sha": "4d5227e44e3457df66cdb44a570e57e562eca2e8"
                },
                "en.po": {
                    "sha": "ce1f58de512ef5fa850c6aa56e127eedd399987c"
                },
                "es.po": {
                    "sha": "c1bb6e54bfacc8b9af45f9561356c5a331125613"
                },
                "fr.po": {
                    "sha": "e7c14bf4d53fb7e26d21ff685af60e8c2b4cc4c5"
                }
            }
        },
        "tests": {
            "dirs": {},
            "files": {
                "conftest.py": {
                    "sha": "8b2f578abafbda0d93381ff041f7312fd1b1b254"
                },
                "test_cli.py": {
                    "sha": "825adafda22c51da0fb6fe8ba6e9622c5311c79f"
                },
                "test_i18n.py": {
                    "sha": "dc58679b8e257d1bf3c75d2a73661c43b8a4a8ff"
                },
                "test_{{cookiecutter.repo_name}}.py": {
                    "sha": "588acac9eb8a811d75215577ace4cb93dbb12fa9"
                }
            }
        },
        "{{cookiecutter.repo_name}}": {
            "dirs": {},
            "files": {
                "__init__.py": {
                    "sha": "66bcd6a39cda6eb31ff2bde0de0dd0b251750341"
                },
                "cli.py": {
                    "sha": "ecc8e63b57edecc85cea186a3a4b2787e6139076"
                },
                "user_settings.json": {
                    "sha": "54e1e78b1cbb2c976eaff76ee0dbebf8e3efd6c0"
                },
                "{{cookiecutter.app_class_name}}.kv": {
                    "sha": "6b5e329517d3ede04fb354757c36d4a4f58ff985"
                },
                "{{cookiecutter.repo_name}}.py": {
                    "sha": "b6990f2e422a26f284a6c336633e69908ff83cb1"
                }
            }
        }
    },
    "files": {
        "LICENSE": {
            "sha": "dba95112b3c377031c02e16158240644ab39bbc9"
        },
        "MANIFEST.in": {
            "sha": "2fbc95328dd04c4d28b1e98ed3aef280c7ead9b0"
        },
        "Makefile": {
            "sha": "5b3b6d69d09a1ad7a8448ffe81f5d573064b22dd"
        },
        "README.rst": {
            "sha": "cc1095d35d4fe546e71f3a783fa58ed3597eab5d"
        },
        "buildozer.spec": {
            "sha": "0eca7418b7b77abd5b1ded5914f12dbab0b38e9d"
        },
        "requirements.txt": {
            "sha": "167fe6b4ce48c7f0f3eca30efbb4127ac1180e05"
        },
        "setup.py": {
            "sha": "e111c19d8e1986ec6cb87e9ef1e0a9851420bddd"
        }
    }
}