{
    "dirs": {
        ".github": {
            "dirs": {
                "ISSUE_TEMPLATE": {
                    "dirs": {},
                    "files": {
                        "bug.md": {
                            "sha": "ccf70c04ab38c51156a960538b9da4662129a86e"
                        }
                    }
                },
                "PULL_REQUEST_TEMPLATE": {
                    "dirs": {},
                    "files": {
                        "bugfix.md": {
                            "sha": "3343d757734140441a9ea271bef638131197ea04"
                        },
                        "feature.md": {
                            "sha": "a6d998cde8a2598d4d75fa1d0ec0657424086fa8"
                        },
                        "release.md": {
                            "sha": "5ec1966ac8c3fba0cbe376f02b35ce6257350216"
                        }
                    }
                }
            },
            "files": {}
        },
        "config": {
            "dirs": {},
            "files": {
                "gunicorn.conf": {
                    "sha": "b1bd733add02f0f61643ef54203f75be23de6d50"
                },
                "logging.conf": {
                    "sha": "fc87378931f52cf24eae7f9c6d71a2a942a27b51"
                }
            }
        },
        "docs": {
            "dirs": {
                "_static": {
                    "dirs": {},
                    "files": {
                        ".gitkeep": {
                            "sha": "e69de29bb2d1d6434b8b29ae775ad8c2e48c5391"
                        }
                    }
                }
            },
            "files": {
                "Makefile": {
                    "sha": "2fc67b6c6ed4eaf16c2962f69e3c3044b397db0c"
                },
                "authors.rst": {
                    "sha": "e122f914a87b277e565fc9567af1a7545ec9872b"
                },
                "conf.py": {
                    "sha": "b271189b798714ed51924d4b2b1f83a25164d1e2"
                },
                "contributing.rst": {
                    "sha": "e582053ea018c369be05aae96cf730744f1dc616"
                },
                "history.rst": {
                    "sha": "250649964bbc36f4bec2942f69238aa6f7c02c1a"
                },
                "index.rst": {
                    "sha": "673b471fb0444208382bbae332654510709a3340"
                },
                "installation.rst": {
                    "sha": "e26874050826aa1082c95b0274f75412e3e261ba"
                },
                "make.bat": {
                    "sha": "787888efdaf5a13ee2fde49b29c6a562cbe7cbd2"
                },
                "readme.rst": {
                    "sha": "72a33558153fb57def85612b021ec596ef2a51b9"
                },
                "usage.rst": {
                    "sha": "e6300a9c6a250a2c6100c88b9b08ca3497520d7b"
                }
            }
        },
        "tests": {
            "dirs": {},
            "files": {
                "conftest.py": {
                    "sha": "e7fcef134f13a66e0a6c0b013b6c9f7233a50453"
                },
                "pytest.ini": {
                    "sha": "48560c98af13b11c5398fdc4fa55667dada0eca9"
                },
                "test_default_api.py": {
                    "sha": "e20ac036f274599dcc2d0f58d0c7d9d22296ebd6"
                },
                "test_health_api.py": {
                    "sha": "7233b8c251e98180496c60b5efc14d069b1e283b"
                },
                "test_utils.py": {
                    "sha": "3f4b2d4764e6cbd99a7294c44fd780859947675a"
                }
            }
        },
        "{{cookiecutter.app_name}}": {
            "dirs": {
                "auth": {
                    "dirs": {},
                    "files": {
                        "__init__.py": {
                            "sha": "e69de29bb2d1d6434b8b29ae775ad8c2e48c5391"
                        }
                    }
                },
                "blueprint": {
                    "dirs": {
                        "health": {
                            "dirs": {},
                            "files": {
                                "__init__.py": {
                                    "sha": "c58fde0d0fdcd8428907f4ae10ba3833ab5ee193"
                                },
                                "swagger-__init__.py": {
                                    "sha": "7a5b0a11c45854f59d8fa9ab7f482601a7a2c9c5"
                                }
                            }
                        },
                        "user": {
                            "dirs": {},
                            "files": {
                                "__init__.py": {
                                    "sha": "f169aa3f6af8c7885a0a92e9de4e1e9ae50903ac"
                                }
                            }
                        }
                    },
                    "files": {
                        "__init__.py": {
                            "sha": "e69de29bb2d1d6434b8b29ae775ad8c2e48c5391"
                        }
                    }
                },
                "dao": {
                    "dirs": {},
                    "files": {
                        "__init__.py": {
                            "sha": "853df392ed0c73ded45c978a0706cb6878f75ea5"
                        }
                    }
                },
                "middleware": {
                    "dirs": {},
                    "files": {
                        "__init__.py": {
                            "sha": "e69de29bb2d1d6434b8b29ae775ad8c2e48c5391"
                        }
                    }
                },
                "model": {
                    "dirs": {},
                    "files": {
                        "__init__.py": {
                            "sha": "b3d497b16e2e69d6577322a11b10b990987b11ef"
                        },
                        "user.py": {
                            "sha": "f83a724c9815a2a7793261cfa1b6b92c318a3f6a"
                        }
                    }
                },
                "plugin": {
                    "dirs": {},
                    "files": {
                        "__init__.py": {
                            "sha": "e69de29bb2d1d6434b8b29ae775ad8c2e48c5391"
                        },
                        "opentracing.py": {
                            "sha": "af56ea98a15623dfbc930cd1c704642c58ebd46b"
                        }
                    }
                },
                "util": {
                    "dirs": {},
                    "files": {
                        "__init__.py": {
                            "sha": "5d0c5a796c33a20df3a0bc387ef9722d3c70b7e6"
                        }
                    }
                }
            },
            "files": {
                "__init__.py": {
                    "sha": "c15bad459e99060fc9beca5a9ff31107256a11cf"
                },
                "{{cookiecutter.app_name}}-swagger.py": {
                    "sha": "eb058d676d076db3757405d2529fc88a04fad6e8"
                },
                "{{cookiecutter.app_name}}.py": {
                    "sha": "e4bbdb0f68f9fea133932f43be4d55d70ce4aa95"
                }
            }
        }
    },
    "files": {
        ".coveragerc": {
            "sha": "f8ebb708a32a58f1d06cbd8c8d451c54c10a0c33"
        },
        ".editorconfig": {
            "sha": "5a710c0dd7c759865b5cd7a5c2f9f764a1d8bf93"
        },
        ".env": {
            "sha": "0f1bad9a8c2cdd176a1a5fe44f7c80c8c659d4a6"
        },
        ".gitchangelog.rc": {
            "sha": "3614afcf0133e8e3f8e74f5f2d018fbdaa1a5b1a"
        },
        ".gitignore": {
            "sha": "55366839331b7a19c6d78640c0e62f0957da7a14"
        },
        ".travis.yml": {
            "sha": "85c1bada49d097c7b9ea62e91b4811ddf3f33956"
        },
        "AUTHORS.rst": {
            "sha": "cc015334d6900898bb954557a2b645c962f76b38"
        },
        "CONTRIBUTING.rst": {
            "sha": "7214b3bb95515257fac54f915d4a4f4e8f4cf49e"
        },
        "Dockerfile": {
            "sha": "29983bcd28b8056d2123d21aacaec43734be4f92"
        },
        "HISTORY.rst": {
            "sha": "6735a75fdba246edbb5d480af61f74d35dff387d"
        },
        "MANIFEST.ini": {
            "sha": "88e1608c445a03844278bb515a6367eff4328e4b"
        },
        "Makefile": {
            "sha": "f4d3dacdbf09d4931f55af14cf78499cc8096338"
        },
        "README.rst": {
            "sha": "61564c6310335b804e7f700e9a5c5eec30c86aad"
        },
        "docker-compose.yaml": {
            "sha": "ba8dfee82982c92c192d4606b2ad87b29ecac271"
        },
        "requirements-dev.txt": {
            "sha": "f59eda848222f1ea798c9fd6310aea16687cb123"
        },
        "requirements-doc.txt": {
            "sha": "8e44a4c5a37285cb179f44fe00b075cb9bb91576"
        },
        "requirements.txt": {
            "sha": "a040cdc763e21de1c4c6d2b711fa1c6bfd0fb038"
        },
        "setup.cfg": {
            "sha": "8a1ac46b1ac9d972f830d0c9e493fc50035075d8"
        },
        "setup.py": {
            "sha": "e009bcf7e512a66dcf7ba9cb2b20825f5b78d554"
        },
        "tox.ini": {
            "sha": "b8d7d343446b5dfae412780769bdf392285537e1"
        },
        "{{cookiecutter.run}}.py": {
            "sha": "7ee55ddfc57d3f2f407d6b88d3524637fcf0ac08"
        }
    }
}