{
    "dirs": {
        "data": {
            "dirs": {},
            "files": {
                ".gitkeep": {
                    "sha": "e69de29bb2d1d6434b8b29ae775ad8c2e48c5391"
                }
            }
        },
        "figures": {
            "dirs": {},
            "files": {
                ".gitkeep": {
                    "sha": "e69de29bb2d1d6434b8b29ae775ad8c2e48c5391"
                }
            }
        },
        "notebooks": {
            "dirs": {},
            "files": {
                ".gitkeep": {
                    "sha": "e69de29bb2d1d6434b8b29ae775ad8c2e48c5391"
                }
            }
        },
        "tests": {
            "dirs": {},
            "files": {
                ".gitkeep": {
                    "sha": "e69de29bb2d1d6434b8b29ae775ad8c2e48c5391"
                }
            }
        },
        "{{ cookiecutter.python_module_name }}": {
            "dirs": {},
            "files": {
                "__init__.py": {
                    "sha": "e69de29bb2d1d6434b8b29ae775ad8c2e48c5391"
                }
            }
        }
    },
    "files": {
        ".gitignore": {
            "sha": "241bc427c509e9b8bca5801fc228586fb12908cb"
        },
        "LICENSE": {
            "sha": "413f8af5649f973b9952c1b327f2f098984b2448"
        },
        "Makefile": {
            "sha": "63b7186e23691d502cafdbc0385baf55456dae6f"
        },
        "README.md": {
            "sha": "20c8a18acc0fb108cc7f294098bf63675716bdb5"
        },
        "environment.yml": {
            "sha": "a0efb0d5fb109370e3c5d8f95d867ebab6e5a9f4"
        },
        "setup.py": {
            "sha": "e5a4011187eda86bf7d3f8bb1c777544722859c0"
        },
        "tox.ini": {
            "sha": "c32fbd859bf4cc4f5e2e65690c00889b54683af7"
        }
    }
}