{
    "dirs": {
        "docs": {
            "dirs": {
                "source": {
                    "dirs": {},
                    "files": {
                        "conf.py": {
                            "sha": "c82a7dc41ae9d9c213ff5e77c6aa955291d24359"
                        },
                        "index.rst": {
                            "sha": "11188ad6badb134004865be8c7e9305d97042ff5"
                        }
                    }
                }
            },
            "files": {
                "Makefile": {
                    "sha": "c65f12447e610720e2e4df0dfba99e66bda5d56f"
                },
                "make.bat": {
                    "sha": "7a17ae7e3a36d297284525ed714b3d0709731c50"
                }
            }
        },
        "requirements": {
            "dirs": {},
            "files": {
                "base.txt": {
                    "sha": "5bb5bb1d9cb453763d4345ba4b025201fb73836a"
                },
                "dev.txt": {
                    "sha": "a5697c7cf764c168eab7c34ea8070027a91c6cad"
                },
                "prod.txt": {
                    "sha": "33154567a0afa3182b371e3be009c0ad37d3ca28"
                }
            }
        },
        "tests": {
            "dirs": {},
            "files": {
                "__init__.py": {
                    "sha": "e69de29bb2d1d6434b8b29ae775ad8c2e48c5391"
                }
            }
        },
        "{{cookiecutter.package_name}}": {
            "dirs": {
                "assets": {
                    "dirs": {
                        "sass": {
                            "dirs": {},
                            "files": {
                                "style.scss": {
                                    "sha": "e69de29bb2d1d6434b8b29ae775ad8c2e48c5391"
                                }
                            }
                        }
                    },
                    "files": {}
                },
                "handlers": {
                    "dirs": {},
                    "files": {
                        "__init__.py": {
                            "sha": "40a96afc6ff09d58a702b76e3f7dd412fe975e26"
                        },
                        "base.py": {
                            "sha": "3b6044a170bf48fc0930deaabbf63a420527697b"
                        }
                    }
                },
                "locale": {
                    "dirs": {
                        "en_US": {
                            "dirs": {
                                "LC_MESSAGES": {
                                    "dirs": {},
                                    "files": {
                                        "{{ cookiecutter.package_name }}.po": {
                                            "sha": "e69de29bb2d1d6434b8b29ae775ad8c2e48c5391"
                                        }
                                    }
                                }
                            },
                            "files": {}
                        }
                    },
                    "files": {
                        "{{ cookiecutter.package_name }}.pot": {
                            "sha": "44b6048301d8b43aad28924f44c20fbdefea4f98"
                        }
                    }
                },
                "static": {
                    "dirs": {
                        "css": {
                            "dirs": {},
                            "files": {
                                "style.css": {
                                    "sha": "e69de29bb2d1d6434b8b29ae775ad8c2e48c5391"
                                }
                            }
                        }
                    },
                    "files": {}
                },
                "templates": {
                    "dirs": {},
                    "files": {
                        "404.html": {
                            "sha": "e69de29bb2d1d6434b8b29ae775ad8c2e48c5391"
                        },
                        "500.html": {
                            "sha": "e69de29bb2d1d6434b8b29ae775ad8c2e48c5391"
                        },
                        "base.html": {
                            "sha": "8661371e7daf4cc19fa1b89c378b07505ccd00f8"
                        },
                        "index.html": {
                            "sha": "c99d0332a5fdd162457a914b7ec2e3840d5106ef"
                        }
                    }
                }
            },
            "files": {
                "__init__.py": {
                    "sha": "e69de29bb2d1d6434b8b29ae775ad8c2e48c5391"
                },
                "urls.py": {
                    "sha": "8a7a347b3eaf7d12e285357dd515a29c436cf614"
                },
                "version.py": {
                    "sha": "f07fc08c096c3ffb1f185572217cf07082557fec"
                }
            }
        }
    },
    "files": {
        ".dockerignore": {
            "sha": "e63c0c1844fda5ac3ba4a5c4d34d222908d62d33"
        },
        ".editorconfig": {
            "sha": "585e2abce090bed5b190007575955a0d3f862b74"
        },
        ".gitignore": {
            "sha": "690ebceea8c732656982ba46813dac1c4493be21"
        },
        ".isort.cfg": {
            "sha": "791c0645a5b5742f02466bcd2f8f0a4605b4ec54"
        },
        "AUTHORS.rst": {
            "sha": "5a8d1cc9a08c4baf641452c8806fc86b41688056"
        },
        "CHANGELOG.md": {
            "sha": "df3d745b653f0ac822d0d245b5a41587e0ba8cc8"
        },
        "Dockerfile": {
            "sha": "e033d068da0ceb4b27e59a012c3830e1d63ccb41"
        },
        "LICENSE": {
            "sha": "abab55088692e56d76710a4c068da8ca1d04aee1"
        },
        "MANIFEST.in": {
            "sha": "80ab59b131aef04bb7849e9e2b064893896224e3"
        },
        "README.rst": {
            "sha": "4fd10398cb3ac0a61a71d43205c10034b39aad96"
        },
        "Vagrantfile": {
            "sha": "86c6687ba158a54465b505f49987ec9f3d900bc7"
        },
        "bootstrap.sh": {
            "sha": "73bd795a4b878bbc47a0e7d34e349dd1d3d49d43"
        },
        "docker-compose.yml": {
            "sha": "4bbdff6595c38d0f821ad78800754836c826fbe3"
        },
        "fabfile.py": {
            "sha": "74ec81db9b681f662901af04f71f3dada630704e"
        },
        "pytest.ini": {
            "sha": "9016f44870742802fb23a27f00b3296dad4629f8"
        },
        "requirements.txt": {
            "sha": "e47e37f52a3b08b6162402af8693f2702826f687"
        },
        "robots.txt": {
            "sha": "d0e5f1be6bb0124953f05108e71171eb531e46f5"
        },
        "run.py": {
            "sha": "1026623e114754733421cbf8f53aca30bc59cace"
        },
        "settings.py": {
            "sha": "53defb24387ac3e751962b04b014aedd0214bd15"
        },
        "setup.cfg": {
            "sha": "ec38a1cfccd7f8b408d8c8706f896e35a52c8839"
        },
        "setup.py": {
            "sha": "88d1eeedc02223670fbddf1b142e02e4ba7084b2"
        },
        "tox.ini": {
            "sha": "f8b9c559a7998d930f428c3c85e4c90b2edb0ccc"
        }
    }
}