{
    "dirs": {
        "requirements": {
            "dirs": {},
            "files": {
                "base.pip": {
                    "sha": "4b864b515b5f5172b851d45d99dca7ef572a0aac"
                },
                "development.pip": {
                    "sha": "fa7f9fd313a346393888c5d07a78c6da1356a3fd"
                },
                "staging.pip": {
                    "sha": "545d2403635c31be0d23be34fcb43441ba075ef0"
                }
            }
        },
        "{{cookiecutter.project_slug}}": {
            "dirs": {
                "core": {
                    "dirs": {
                        "templates": {
                            "dirs": {
                                "core": {
                                    "dirs": {},
                                    "files": {
                                        "agradecimento_presente.html": {
                                            "sha": "3bd5c181c239dd5665aaf17d470879d02a862be9"
                                        },
                                        "apps.html": {
                                            "sha": "7a6c7941184d8da84b56c427e36d151054a06da2"
                                        },
                                        "avisoconfirmacao.html": {
                                            "sha": "caf0a4e8d4fe9e7f025ed478367231b02bd7fc63"
                                        },
                                        "base_core.html": {
                                            "sha": "90efb79d7333ce17a5a435081fc183ab12a91e1a"
                                        },
                                        "cerimoniareligiosa.html": {
                                            "sha": "f25a2649ebf60dbff50bc185693eec6433ab78bb"
                                        },
                                        "dicasdehoteis.html": {
                                            "sha": "c226c1f18d998b5cf8eef071cf1e478a7a6fb5d4"
                                        },
                                        "home.html": {
                                            "sha": "46766a2c43e4ed4b0d72b292d405316560d5bbbb"
                                        },
                                        "home_savethedate.html": {
                                            "sha": "91a951fb02db48061f506dc4e97019481a5ad1fa"
                                        },
                                        "login.html": {
                                            "sha": "8db94f258d478fc55d32badf9c9bf6fff0c96b78"
                                        },
                                        "restaurante.html": {
                                            "sha": "fc55562b4695061e72ff0391847111127f0747ed"
                                        },
                                        "salaodebeleza.html": {
                                            "sha": "3d944228e23505a04faebbcca6bafd15328a9140"
                                        },
                                        "savethedate.html": {
                                            "sha": "b11b478b180c1b25291b7a0411d37af4b8c7ae0a"
                                        }
                                    }
                                }
                            },
                            "files": {}
                        }
                    },
                    "files": {
                        "__init__.py": {
                            "sha": "e69de29bb2d1d6434b8b29ae775ad8c2e48c5391"
                        },
                        "admin.py": {
                            "sha": "8c38f3f3dad51e4585f3984282c2a4bec5349c1e"
                        },
                        "context_processors.py": {
                            "sha": "95b8cf947eeabbc3bf4f8f8fa546b018e294fbfb"
                        },
                        "forms.py": {
                            "sha": "6296df2037ddd75b7ef75a80fcce8bb55ffd959f"
                        },
                        "models.py": {
                            "sha": "71a836239075aa6e6e4ecb700e9c42c95c022d91"
                        },
                        "tests.py": {
                            "sha": "7ce503c2dd97ba78597f6ff6e4393132753573f6"
                        },
                        "urls.py": {
                            "sha": "479d93149cd10d18da692e4832d95839b469ba30"
                        },
                        "views.py": {
                            "sha": "018f5f28a55928bebf72c743e3d052f223c49186"
                        }
                    }
                },
                "fornecedores": {
                    "dirs": {
                        "migrations": {
                            "dirs": {},
                            "files": {
                                "0001_initial.py": {
                                    "sha": "c93e4d4c3d2a0d2066ad3b17aba8a720ecd8de70"
                                },
                                "0002_auto__add_field_fornecedor_contato__chg_field_fornecedor_categoria.py": {
                                    "sha": "c90b3383f75d1025af09fd531e595373a75dee60"
                                },
                                "0003_auto__add_field_fornecedor_site__add_field_fornecedor_notas.py": {
                                    "sha": "19e4c93e0f4ed7b572318de7b81f9326647a2ea9"
                                },
                                "0004_auto__add_field_fornecedor_endereco.py": {
                                    "sha": "dc095cc1abcf2c837879d74706f7fb9584729b7f"
                                },
                                "__init__.py": {
                                    "sha": "e69de29bb2d1d6434b8b29ae775ad8c2e48c5391"
                                }
                            }
                        },
                        "templates": {
                            "dirs": {
                                "fornecedores": {
                                    "dirs": {},
                                    "files": {
                                        "fornecedor_list.html": {
                                            "sha": "0d7274fb53c5f32a86103a433450dfe621301c60"
                                        }
                                    }
                                }
                            },
                            "files": {}
                        }
                    },
                    "files": {
                        "__init__.py": {
                            "sha": "e69de29bb2d1d6434b8b29ae775ad8c2e48c5391"
                        },
                        "admin.py": {
                            "sha": "23e1f435847c2c26e2cd928b4e0bbd9710c3279b"
                        },
                        "models.py": {
                            "sha": "6f1e6f58b3604eaaf8b7cfc2281473121fd23291"
                        },
                        "tests.py": {
                            "sha": "7ce503c2dd97ba78597f6ff6e4393132753573f6"
                        },
                        "urls.py": {
                            "sha": "ddda7727af42141fa5827a51c8df76cd5ab85ee7"
                        },
                        "views.py": {
                            "sha": "aa642542d5acc810625f663e73362871b238f566"
                        }
                    }
                },
                "fotos": {
                    "dirs": {
                        "migrations": {
                            "dirs": {},
                            "files": {
                                "0001_initial.py": {
                                    "sha": "cf9f03d7322fcb91d57af6fd79edb003319c1249"
                                },
                                "0002_auto__add_field_fotos_ordem.py": {
                                    "sha": "d1872c4dd99039deccc7d043b4650ff3c198bc8e"
                                },
                                "__init__.py": {
                                    "sha": "e69de29bb2d1d6434b8b29ae775ad8c2e48c5391"
                                }
                            }
                        }
                    },
                    "files": {
                        "__init__.py": {
                            "sha": "e69de29bb2d1d6434b8b29ae775ad8c2e48c5391"
                        },
                        "admin.py": {
                            "sha": "32ab4fe19ab5ef5b35bc2e8cceecb544cc336fe8"
                        },
                        "models.py": {
                            "sha": "1acec60829c9e980a81f991884ec1de4044c4265"
                        },
                        "tests.py": {
                            "sha": "7ce503c2dd97ba78597f6ff6e4393132753573f6"
                        },
                        "views.py": {
                            "sha": "91ea44a218fbd2f408430959283f0419c921093e"
                        }
                    }
                },
                "listapresentes": {
                    "dirs": {
                        "migrations": {
                            "dirs": {},
                            "files": {
                                "0001_initial.py": {
                                    "sha": "71bc243d8f06003831bde3aba56a26472c489d81"
                                },
                                "0002_auto__add_field_presente_imagem.py": {
                                    "sha": "863f985c9fe273cafee0ea3fa86b3ccca676f946"
                                },
                                "0003_auto__add_intencaodepresente.py": {
                                    "sha": "235103c780a5104275db56b794d3981472cec363"
                                },
                                "0004_auto__add_field_intencaodepresente_pagamento_ok__add_field_intencaodep.py": {
                                    "sha": "b81a6fffb07c8595de7b037576c056db4b8f54b4"
                                },
                                "__init__.py": {
                                    "sha": "e69de29bb2d1d6434b8b29ae775ad8c2e48c5391"
                                }
                            }
                        },
                        "templates": {
                            "dirs": {
                                "listapresentes": {
                                    "dirs": {},
                                    "files": {
                                        "base_listapresentes.html": {
                                            "sha": "90efb79d7333ce17a5a435081fc183ab12a91e1a"
                                        },
                                        "intencaodepresente_confirmacao.html": {
                                            "sha": "92ed5371987c6c335569646e6d51a5866929d324"
                                        },
                                        "intencaodepresente_form.html": {
                                            "sha": "c62b5b4c8af37cfcacf2ee19731278311dcefb15"
                                        },
                                        "presente_list.html": {
                                            "sha": "f7bbd930bf2d64ffc8e8c98d0ca3574900d83f9a"
                                        }
                                    }
                                }
                            },
                            "files": {}
                        }
                    },
                    "files": {
                        "__init__.py": {
                            "sha": "e69de29bb2d1d6434b8b29ae775ad8c2e48c5391"
                        },
                        "admin.py": {
                            "sha": "e7136c7c21e08b292b3b01274b64952f8e47585c"
                        },
                        "forms.py": {
                            "sha": "5ba862e6690b1163cea48da1539d09097b6d1419"
                        },
                        "models.py": {
                            "sha": "c59d58a8afdf2277d4ca587e22935d2b03b9b8e8"
                        },
                        "tests.py": {
                            "sha": "7ce503c2dd97ba78597f6ff6e4393132753573f6"
                        },
                        "urls.py": {
                            "sha": "f7f0303381bf2d0f4a679c290ecab024158b3eab"
                        },
                        "views.py": {
                            "sha": "e64ad619a52a90c5e4fad4b5dff0af305ef62d00"
                        }
                    }
                },
                "roteiros": {
                    "dirs": {
                        "templates": {
                            "dirs": {
                                "roteiros": {
                                    "dirs": {},
                                    "files": {
                                        "lista.html": {
                                            "sha": "fa955aecf462aaff94c434daa6f606052e380a0c"
                                        }
                                    }
                                }
                            },
                            "files": {}
                        }
                    },
                    "files": {
                        "__init__.py": {
                            "sha": "e69de29bb2d1d6434b8b29ae775ad8c2e48c5391"
                        },
                        "admin.py": {
                            "sha": "8c38f3f3dad51e4585f3984282c2a4bec5349c1e"
                        },
                        "models.py": {
                            "sha": "71a836239075aa6e6e4ecb700e9c42c95c022d91"
                        },
                        "tests.py": {
                            "sha": "7ce503c2dd97ba78597f6ff6e4393132753573f6"
                        },
                        "urls.py": {
                            "sha": "cc3d48a8fb3962dd30144753d9b13fbf9bf73cbc"
                        },
                        "views.py": {
                            "sha": "91ea44a218fbd2f408430959283f0419c921093e"
                        }
                    }
                },
                "rsvp": {
                    "dirs": {
                        "migrations": {
                            "dirs": {},
                            "files": {
                                "0001_initial.py": {
                                    "sha": "b0600712f4000cbcfc0760eba1a510444eea6b77"
                                },
                                "0002_auto__add_field_convidadorsvp_eh_primeiro_acesso.py": {
                                    "sha": "ecd90ddf749f14bb93f86bf94f17f031197975e7"
                                },
                                "0003_auto__add_field_convidadorsvp_slug.py": {
                                    "sha": "e662dc283bf46c2f69d0aa5da570dd0f3bac1d25"
                                },
                                "0004_auto__add_acompanhante__add_convidado.py": {
                                    "sha": "46a788998123700ea9b7a0748a61a54e226ee274"
                                },
                                "0005_auto__add_field_acompanhante_rsvp.py": {
                                    "sha": "074ac311f83f355a3cab61cc38123ed3f0fa77d4"
                                },
                                "0006_auto__add_field_convidadorsvp_contabilizado.py": {
                                    "sha": "a80c52451aadf0a2d380ba212ab45d190228b180"
                                },
                                "__init__.py": {
                                    "sha": "e69de29bb2d1d6434b8b29ae775ad8c2e48c5391"
                                }
                            }
                        },
                        "templates": {
                            "dirs": {
                                "rsvp": {
                                    "dirs": {},
                                    "files": {
                                        "base_rsvp.html": {
                                            "sha": "90efb79d7333ce17a5a435081fc183ab12a91e1a"
                                        },
                                        "confirmacaohome.html": {
                                            "sha": "0c2dd1336084f84550da646c66bb534c60d45de7"
                                        },
                                        "confirmado.html": {
                                            "sha": "0e28c46518a0253175b40f0f196afa06c3194fa2"
                                        },
                                        "convidado_form.html": {
                                            "sha": "0c1d70dd708846f689342dca2ac5ceb807f4b5d7"
                                        },
                                        "convidado_list.html": {
                                            "sha": "6d0933f554dd58b1cbbfe724278b91b57ed0e863"
                                        },
                                        "convidadorsvp_form.html": {
                                            "sha": "15eceefc12a9beef623857d5eff1cb42d21a3a96"
                                        }
                                    }
                                }
                            },
                            "files": {}
                        }
                    },
                    "files": {
                        "__init__.py": {
                            "sha": "e69de29bb2d1d6434b8b29ae775ad8c2e48c5391"
                        },
                        "admin.py": {
                            "sha": "91a57f5e86c45e1628618ec481ce7c98a32b7d93"
                        },
                        "forms.py": {
                            "sha": "d20259115e28c69375274064fef0ce904cac6abf"
                        },
                        "models.py": {
                            "sha": "adb8257312a147c04e490364600f97c3e18376c5"
                        },
                        "tests.py": {
                            "sha": "7ce503c2dd97ba78597f6ff6e4393132753573f6"
                        },
                        "urls.py": {
                            "sha": "45a3a6345cfa89306211c4acd70f64c37c077cde"
                        },
                        "validators.py": {
                            "sha": "2a5e03a2f6bcb60a89ea97f902743d241a8110a3"
                        },
                        "views.py": {
                            "sha": "d0d587ed3bcee8d57ed84efc5da656842e4c4b47"
                        }
                    }
                },
                "static": {
                    "dirs": {},
                    "files": {
                        ".gitkeep": {
                            "sha": "e69de29bb2d1d6434b8b29ae775ad8c2e48c5391"
                        }
                    }
                },
                "themes": {
                    "dirs": {
                        "static": {
                            "dirs": {
                                "themes": {
                                    "dirs": {
                                        "default": {
                                            "dirs": {
                                                "css": {
                                                    "dirs": {},
                                                    "files": {
                                                        "AjaxLoader.gif": {
                                                            "sha": "3c329ffe098b94e746ee20ec5b8fb216ea7703e1"
                                                        },
                                                        "app_v2.css": {
                                                            "sha": "2072a36abbb63b4cd230a83a8171247db9c0c4fa"
                                                        },
                                                        "base.css": {
                                                            "sha": "e65925b48a0ea79755bc03e576e25f2eedb65399"
                                                        },
                                                        "bootstrapValidator.min.css": {
                                                            "sha": "030cbdf75ce67b7278acbb5dfe71d32e0ee07d1e"
                                                        },
                                                        "ladda-themeless.min.css": {
                                                            "sha": "95505f0b5ee8288448c1f4f042c4e21b7d603305"
                                                        },
                                                        "owl.carousel.css": {
                                                            "sha": "4e3c17c3fcbdaa1afb50644fa1faac66c71f2a80"
                                                        },
                                                        "owl.theme.css": {
                                                            "sha": "977297530614e94ad06ec6d893b9873c3f0d231d"
                                                        }
                                                    }
                                                },
                                                "img": {
                                                    "dirs": {
                                                        "favicon": {
                                                            "dirs": {},
                                                            "files": {
                                                                "favicon.ico": {
                                                                    "sha": "a535be4ceaa9437329ce909bdf02a11002b4e656"
                                                                }
                                                            }
                                                        }
                                                    },
                                                    "files": {
                                                        "background_home_3240x1900_default.jpg": {
                                                            "sha": "21c1697257abd87901e4732088ec99f852973d5f"
                                                        },
                                                        "imagem-cerimonia.png": {
                                                            "sha": "d05aa318b7bc98b7a10dfc5044f9afe9ab66b02a"
                                                        },
                                                        "imagem-dicas-hoteis.jpg": {
                                                            "sha": "68e55e6d236e7723499d391d6492c99c694695c3"
                                                        },
                                                        "imagem-restaurante.png": {
                                                            "sha": "28ecad5c8f43049d3b2b156871cd45e81f66b694"
                                                        },
                                                        "save-the-date.png": {
                                                            "sha": "74233d3ab9c7d2efe06ef7afdbe9d16f19623382"
                                                        }
                                                    }
                                                },
                                                "js": {
                                                    "dirs": {},
                                                    "files": {
                                                        "jquery.backstretch.min.js": {
                                                            "sha": "1bb20f83c29537def553ce591c11d9494469ca3d"
                                                        },
                                                        "jquery.countdown.min.js": {
                                                            "sha": "a63351376ac65d0a099726ab9ffc6e462352bb93"
                                                        },
                                                        "ladda.min.js": {
                                                            "sha": "4793093ce1153a696b3e0d0646eba1642e1fa351"
                                                        },
                                                        "owl.carousel.min.js": {
                                                            "sha": "394505e0f430f75487ac95b6ca71a4f156bc1627"
                                                        },
                                                        "retina.min.js": {
                                                            "sha": "da0a60d24f9282e6daa790b7d59562e6222937c7"
                                                        },
                                                        "spin.min.js": {
                                                            "sha": "ebfbb1a2e2e433736a408aefcc1c34d9bcd68028"
                                                        },
                                                        "wow.min.js": {
                                                            "sha": "2e74283eb928887ae2df12d7cf647c04f5cfa49e"
                                                        }
                                                    }
                                                }
                                            },
                                            "files": {}
                                        }
                                    },
                                    "files": {}
                                }
                            },
                            "files": {}
                        },
                        "templates": {
                            "dirs": {
                                "floppyforms": {
                                    "dirs": {
                                        "layouts": {
                                            "dirs": {},
                                            "files": {
                                                "bootstrap.html": {
                                                    "sha": "78922b88d585f94c289027f54b9dbeeb64b6df79"
                                                },
                                                "default.html": {
                                                    "sha": "2194bde637bacce7183d6efd16f84411512a0cc4"
                                                }
                                            }
                                        },
                                        "rows": {
                                            "dirs": {},
                                            "files": {
                                                "bootstrap.html": {
                                                    "sha": "ebd33e1c629e339bc385ae0e1a66e081e26f9e74"
                                                }
                                            }
                                        }
                                    },
                                    "files": {
                                        "attrs.html": {
                                            "sha": "5e01ea5e480ef905a9de5962b741ed67141c605e"
                                        },
                                        "checkbox.html": {
                                            "sha": "b0eab154e6bc037f8c3d2554c6ae6fadf91c6b55"
                                        },
                                        "checkbox_select.html": {
                                            "sha": "60f8b77f8206d7c6cdf2557c97e03ba966ed766a"
                                        },
                                        "clearable_input.html": {
                                            "sha": "b988dd3aaf546df7af6dec5baa312fa831b33eab"
                                        },
                                        "errors.html": {
                                            "sha": "aefeabe0c4d37543c2522217dafc98e702ec75b6"
                                        },
                                        "input.html": {
                                            "sha": "1a4e7e9e18b7ecfe2b86f59a1d96bc7bfa38206e"
                                        },
                                        "radio.html": {
                                            "sha": "41f912a1a7cfdc86a257d42e9ef9e3ad6d1cc412"
                                        },
                                        "select.html": {
                                            "sha": "7905e516ff9ab89724582b0468a8edf2308eb805"
                                        },
                                        "textarea.html": {
                                            "sha": "5a1dbc2e595c07935775d2b724fd6cd5a128f785"
                                        }
                                    }
                                },
                                "themes": {
                                    "dirs": {
                                        "default": {
                                            "dirs": {},
                                            "files": {
                                                "base.html": {
                                                    "sha": "69a55bd638402db9cbacb884e3bc14223ae04800"
                                                }
                                            }
                                        }
                                    },
                                    "files": {}
                                }
                            },
                            "files": {}
                        }
                    },
                    "files": {
                        "__init__.py": {
                            "sha": "e69de29bb2d1d6434b8b29ae775ad8c2e48c5391"
                        },
                        "models.py": {
                            "sha": "71a836239075aa6e6e4ecb700e9c42c95c022d91"
                        },
                        "tests.py": {
                            "sha": "7ce503c2dd97ba78597f6ff6e4393132753573f6"
                        },
                        "views.py": {
                            "sha": "91ea44a218fbd2f408430959283f0419c921093e"
                        }
                    }
                },
                "{{cookiecutter.project_slug}}": {
                    "dirs": {
                        "settings": {
                            "dirs": {},
                            "files": {
                                "__init__.py": {
                                    "sha": "e69de29bb2d1d6434b8b29ae775ad8c2e48c5391"
                                },
                                "base.py": {
                                    "sha": "a3cefe5b341f869d8ad131779711b36e4503021f"
                                },
                                "development.py": {
                                    "sha": "cd6c0398a6dd3a620cff44646cbd15fa0c814290"
                                },
                                "production.py": {
                                    "sha": "995d418a7e0e4f54eebfd9f9b7a401532701d495"
                                },
                                "staging.py": {
                                    "sha": "2ab3cbb277834072ed6b5c030b770920c46f5c71"
                                }
                            }
                        }
                    },
                    "files": {
                        "__init__.py": {
                            "sha": "e69de29bb2d1d6434b8b29ae775ad8c2e48c5391"
                        },
                        "urls.py": {
                            "sha": "afa2b495797acaf710a783fc5fa8ecc5f9b01ed3"
                        },
                        "wsgi.py": {
                            "sha": "5530b695d63fe9149ee265194b3ebfe8d627aa06"
                        }
                    }
                }
            },
            "files": {
                "manage.py": {
                    "sha": "05392aa3d49a4f855b21c4fa71996676bbcf5edc"
                }
            }
        }
    },
    "files": {
        ".gitignore": {
            "sha": "5b9af9deabf9a12abe5bea55299092509299749b"
        }
    }
}