{
    "dirs": {
        ".github": {
            "dirs": {
                "ISSUE_TEMPLATE": {
                    "dirs": {},
                    "files": {
                        "bug_report.md": {
                            "sha": "960f91ba225ec96a07158864571dda0d1086465a"
                        },
                        "config.yml": {
                            "sha": "f3aad96939b24f41b2929b38bc271f1f8aff890c"
                        },
                        "feature_request.md": {
                            "sha": "9b2e2d99c5e8b53db977b479402f16cc79b16604"
                        },
                        "refactor.md": {
                            "sha": "8d7bff65bf3675e0228505515be4414063d8885e"
                        },
                        "support_request.md": {
                            "sha": "a5a9e07e9223ff775ad50689a4fdb7af5d0b633c"
                        }
                    }
                }
            },
            "files": {
                "stale.yml": {
                    "sha": "c765ed15e39369d956ba82b96ac174f5ddc8d547"
                }
            }
        },
        "defaults": {
            "dirs": {},
            "files": {
                "main.yml": {
                    "sha": "1d029c6ebb15066d09ed089475228d66232d3d67"
                }
            }
        },
        "files": {
            "dirs": {},
            "files": {
                ".empty": {
                    "sha": "e69de29bb2d1d6434b8b29ae775ad8c2e48c5391"
                }
            }
        },
        "handlers": {
            "dirs": {},
            "files": {
                "main.yml": {
                    "sha": "89e129823ad240fbbe6a328af3cd374c10d51bb0"
                }
            }
        },
        "meta": {
            "dirs": {},
            "files": {
                "main.yml": {
                    "sha": "03785df8f182bb679451c4ce74fc51ff261b507e"
                }
            }
        },
        "molecule": {
            "dirs": {
                "default": {
                    "dirs": {
                        "group_vars": {
                            "dirs": {},
                            "files": {
                                "all.yml": {
                                    "sha": "9739ddbfd6bed6325f85a62551a0d47e84f9eea1"
                                }
                            }
                        },
                        "tests": {
                            "dirs": {},
                            "files": {
                                "test_app.yml": {
                                    "sha": "3aef5a7fa87c5c79dbf3d21926babff7443b575a"
                                }
                            }
                        }
                    },
                    "files": {
                        "Dockerfile.j2": {
                            "sha": "0b1c41362d55cb3344dda6623dfec69ca7540588"
                        },
                        "converge.yml": {
                            "sha": "ee54492ce0e06436b377ef218b07211af9c4ab59"
                        },
                        "molecule.yml": {
                            "sha": "83c6550f8088de2503c5e4eaa662a617e4106eab"
                        },
                        "verify.yml": {
                            "sha": "7ef413cfac7410527ab4ed8fa5e13a573f908d89"
                        }
                    }
                }
            },
            "files": {}
        },
        "tasks": {
            "dirs": {},
            "files": {
                "config.yml": {
                    "sha": "ed97d539c095cf1413af30cc23dea272095b97dd"
                },
                "install.yml": {
                    "sha": "34025a92c6af4c95208c5e883d9396c8834f497c"
                },
                "main.yml": {
                    "sha": "25be2e8beec80ad453c6c2742dbaf387b99ba83d"
                },
                "service.yml": {
                    "sha": "a20310c07a318f914b48fdafe5510580df6d00b7"
                }
            }
        },
        "templates": {
            "dirs": {},
            "files": {
                "{{ cookiecutter.app_name }}.service.j2": {
                    "sha": "79cad1263dbd6056543ee3b1a384899010e77b4d"
                }
            }
        }
    },
    "files": {
        ".ansible-lint": {
            "sha": "355eeacbde1acedd26953577a3bfb4ba3a5e9fc9"
        },
        ".yamllint": {
            "sha": "dd136477d2820a48f9ab2f54a50015fe98af3d4e"
        },
        "CHANGELOG.md": {
            "sha": "4a8cc2061d5bec1e29557f4c5001ffad1e4be0fb"
        },
        "LICENSE": {
            "sha": "adf03045b70c29721a3c9ac86991793d96e1eb3e"
        },
        "README.md": {
            "sha": "d7c6de8def6ec4d7370191781e676c3d710dde84"
        },
        "logo.gif": {
            "sha": "d96f592f538fc16bd38c56d49773ce3c6580ddb5"
        },
        "test-requirements.txt": {
            "sha": "c0440ff9d36347467813bf1ac180ef8279dfc5ca"
        },
        "{% raw %}.gitattributes{% endraw %}": {
            "sha": "d08e2bfc87089447fd99285b0e056222d2f80bf9"
        },
        "{% raw %}.gitignore{% endraw %}": {
            "sha": "c45c4614a7f9e3b995cfbba02c592eaa6c583deb"
        },
        "{% raw %}.travis.yml{% endraw %}": {
            "sha": "8633d5031955d7cc5e2915e5f23367e60e982fed"
        }
    }
}