{
    "dirs": {
        "defaults": {
            "dirs": {},
            "files": {
                "main.yml": {
                    "sha": "e69de29bb2d1d6434b8b29ae775ad8c2e48c5391"
                }
            }
        },
        "files": {
            "dirs": {},
            "files": {
                ".empty": {
                    "sha": "e69de29bb2d1d6434b8b29ae775ad8c2e48c5391"
                }
            }
        },
        "handlers": {
            "dirs": {},
            "files": {
                "main.yml": {
                    "sha": "cd21505a47e530a967e3c44bd2a772d1b8d08bd7"
                }
            }
        },
        "meta": {
            "dirs": {},
            "files": {
                "main.yml": {
                    "sha": "e77f3cc09198ec2eb39bde7e4158ae90bd456333"
                }
            }
        },
        "tasks": {
            "dirs": {},
            "files": {
                "main.yml": {
                    "sha": "cd21505a47e530a967e3c44bd2a772d1b8d08bd7"
                }
            }
        },
        "templates": {
            "dirs": {},
            "files": {
                ".empty": {
                    "sha": "e69de29bb2d1d6434b8b29ae775ad8c2e48c5391"
                }
            }
        }
    },
    "files": {
        "CONTRIBUTORS.txt": {
            "sha": "5c2bdc53be43fac3f71141e77029087a4b503ae6"
        },
        "LICENSE.md": {
            "sha": "62dd26a368dab3cad13153a66efbaebd7fef059e"
        },
        "README.md": {
            "sha": "a9552fb1d6b492c995ebc71d5b7859d3bf4e6cbd"
        }
    }
}