{
    "dirs": {
        "ci": {
            "dirs": {
                "templates": {
                    "dirs": {
                        ".github": {
                            "dirs": {
                                "workflows": {
                                    "dirs": {},
                                    "files": {
                                        "github-actions.yml": {
                                            "sha": "5c8d38aaa38bcaedb266a7d8a4a494e2d58b0a04"
                                        }
                                    }
                                }
                            },
                            "files": {}
                        }
                    },
                    "files": {}
                }
            },
            "files": {
                "bootstrap.py": {
                    "sha": "6b72c2fa4e47de6bb0bb40c6646b75fafd3f74c7"
                },
                "requirements.txt": {
                    "sha": "b4f18520eb662bf92354f33b2a681f6f14db63dd"
                }
            }
        },
        "docs": {
            "dirs": {
                "reference": {
                    "dirs": {},
                    "files": {
                        "index.rst": {
                            "sha": "f11c7011f63592baa95c6841b197fb16a457ba83"
                        },
                        "{{cookiecutter.package_name}}.rst": {
                            "sha": "37f99888b6f1174f4e8c3ab4e7f479d409ea7841"
                        }
                    }
                }
            },
            "files": {
                "authors.rst": {
                    "sha": "e122f914a87b277e565fc9567af1a7545ec9872b"
                },
                "changelog.rst": {
                    "sha": "565b0521d0c2cdbfe493d19765b04d5c119fa7eb"
                },
                "conf.py": {
                    "sha": "aec3998d3c001ed496be90fd59e7657845dc8f7a"
                },
                "contributing.rst": {
                    "sha": "e582053ea018c369be05aae96cf730744f1dc616"
                },
                "index.rst": {
                    "sha": "ad842d51d97d389707466a2f855e895fa0b9f6d6"
                },
                "installation.rst": {
                    "sha": "f0427cc98dbecb6144864b9706ed42d8e0589139"
                },
                "readme.rst": {
                    "sha": "72a33558153fb57def85612b021ec596ef2a51b9"
                },
                "requirements.txt": {
                    "sha": "14f1fd2b12048de976ee549ca20170be34b65799"
                },
                "spelling_wordlist.txt": {
                    "sha": "f95eb78d8a603b0fe5d17560d0dd04877d55c71c"
                },
                "usage.rst": {
                    "sha": "0b2b67452e272a6b96df32a623a9ec85c54c68a6"
                }
            }
        },
        "src": {
            "dirs": {
                "{{cookiecutter.package_name}}": {
                    "dirs": {
                        "tests": {
                            "dirs": {},
                            "files": {
                                "__init__.py": {
                                    "sha": "e69de29bb2d1d6434b8b29ae775ad8c2e48c5391"
                                },
                                "test_cli.py": {
                                    "sha": "a6c56447eca5512e3aa5d95c9191f9b0d768f48d"
                                },
                                "test_{{cookiecutter.module_name}}.py": {
                                    "sha": "3277ff6c864a1a6f03ac8348615cb10cdc428639"
                                }
                            }
                        }
                    },
                    "files": {
                        "__init__.py": {
                            "sha": "17d8b6705c2e0c8ccbb87639392dc5daddca45e5"
                        },
                        "__main__.py": {
                            "sha": "ae8344155cdb49be70fcbd8cb71a98c183e3a136"
                        },
                        "_{{cookiecutter.module_name}}.c": {
                            "sha": "57b0a3f6898159f5676da857580d70a3bdef09d6"
                        },
                        "_{{cookiecutter.module_name}}.pyx": {
                            "sha": "a303510c1eb717f0164d9f4a3efba247a0f56e19"
                        },
                        "_{{cookiecutter.module_name}}_build.py": {
                            "sha": "eb610e0aea641f77e4e93c498ba2ca5947f2b38d"
                        },
                        "cli.py": {
                            "sha": "ea0fe1aa80ed436c44ea79dd7da13b9c5ed7e442"
                        },
                        "{{cookiecutter.module_name}}.py": {
                            "sha": "30ff269243fb6a81f1b300e376d9620953577b89"
                        }
                    }
                }
            },
            "files": {}
        },
        "tests": {
            "dirs": {},
            "files": {
                "test_cli.py": {
                    "sha": "a6c56447eca5512e3aa5d95c9191f9b0d768f48d"
                },
                "test_{{cookiecutter.module_name}}.py": {
                    "sha": "5514016393971466293aee44a3ad653ca2f2efbc"
                }
            }
        }
    },
    "files": {
        ".bumpversion.cfg": {
            "sha": "53bf56a32a70a75d9a9c195879ee2315bf507a56"
        },
        ".cookiecutterrc": {
            "sha": "9c53edf0d4ec603ceb2cd4e4594e4eeb729f75ed"
        },
        ".coveragerc": {
            "sha": "8dd0dc28352b90228f1d48fa0fc20541111737ff"
        },
        ".editorconfig": {
            "sha": "586c7367de1cff5d362be309c0a4014b0905edb1"
        },
        ".gitignore": {
            "sha": "343e9903dbd8bac8a4aeae45a8a1fbb0c4ba5dc1"
        },
        ".pre-commit-config.yaml": {
            "sha": "6811fce0af7752fd09de871eace572229c3ff976"
        },
        ".readthedocs.yml": {
            "sha": "009a913cde5985359d40200f00c0efcc2baf5582"
        },
        "AUTHORS.rst": {
            "sha": "fccd768d955005aa3283ae0b05460b47b94d795e"
        },
        "CHANGELOG.rst": {
            "sha": "5de010faded0071c1e76352e28c5a6a6c501368b"
        },
        "CONTRIBUTING.rst": {
            "sha": "21334ea5d1b86500f6f6196018942b62ab4e23dc"
        },
        "LICENSE": {
            "sha": "a95d091454307d7480a7e2ddb08ee6f4acc001e5"
        },
        "MANIFEST.in": {
            "sha": "d96c107635ffe28c4626e124360e9490fdbb8f95"
        },
        "README.rst": {
            "sha": "bb0a436500613c35b64f8bc148774f5a81bbf2d6"
        },
        "pyproject.toml": {
            "sha": "4c1aa01fabdac15e3b87ebe323b3f8e9a15b1a39"
        },
        "pytest.ini": {
            "sha": "5d3a6cc8a788eba1ee70a0fdf47e700b68906012"
        },
        "setup.py": {
            "sha": "879c572c8edae298636eb643b321dac730c57d26"
        },
        "tbump.toml": {
            "sha": "8799f7c1f2153afc65ac2e41056a954892ea1744"
        },
        "tox.ini": {
            "sha": "e1bb7d0919784e0583bd0af206a4d9222d9da56b"
        }
    }
}