{
    "dirs": {
        "backend": {
            "dirs": {
                "app": {
                    "dirs": {
                        "alembic": {
                            "dirs": {
                                "versions": {
                                    "dirs": {},
                                    "files": {
                                        ".keep": {
                                            "sha": "e69de29bb2d1d6434b8b29ae775ad8c2e48c5391"
                                        },
                                        "d4867f3a4c0a_first_revision.py": {
                                            "sha": "a43bf9d2fd2319267ffdbea037aa4fc97d01d760"
                                        }
                                    }
                                }
                            },
                            "files": {
                                "README": {
                                    "sha": "98e4f9c44effe479ed38c66ba922e7bcc672916f"
                                },
                                "env.py": {
                                    "sha": "3ba3420643b8529dc2c429b67bdc3e75bb046839"
                                },
                                "script.py.mako": {
                                    "sha": "2c0156303a8df3ffdc9de87765bf801bf6bea4a5"
                                }
                            }
                        },
                        "app": {
                            "dirs": {
                                "api": {
                                    "dirs": {
                                        "api_v1": {
                                            "dirs": {
                                                "endpoints": {
                                                    "dirs": {},
                                                    "files": {
                                                        "__init__.py": {
                                                            "sha": "e69de29bb2d1d6434b8b29ae775ad8c2e48c5391"
                                                        },
                                                        "items.py": {
                                                            "sha": "e88885cd8065295cecee2bc55b9002acb48f2b59"
                                                        },
                                                        "login.py": {
                                                            "sha": "4dc3a9b248efd58cccc75f4aaabb7d30aac7910d"
                                                        },
                                                        "users.py": {
                                                            "sha": "c8f89b63d88efaf15382a4fa172f3c448f34eb9d"
                                                        },
                                                        "utils.py": {
                                                            "sha": "71fe68d0ce5170930d92f7c01b5f668616fb2378"
                                                        }
                                                    }
                                                }
                                            },
                                            "files": {
                                                "__init__.py": {
                                                    "sha": "e69de29bb2d1d6434b8b29ae775ad8c2e48c5391"
                                                },
                                                "api.py": {
                                                    "sha": "216301726857a79de447f468929a30770e16d5ea"
                                                }
                                            }
                                        }
                                    },
                                    "files": {
                                        "__init__.py": {
                                            "sha": "e69de29bb2d1d6434b8b29ae775ad8c2e48c5391"
                                        },
                                        "deps.py": {
                                            "sha": "a0109afe8407cf6a6db5563f29a045e10bff2859"
                                        }
                                    }
                                },
                                "core": {
                                    "dirs": {},
                                    "files": {
                                        "__init__.py": {
                                            "sha": "e69de29bb2d1d6434b8b29ae775ad8c2e48c5391"
                                        },
                                        "celery_app.py": {
                                            "sha": "0477d145894dd87a24f343ca71bc4634147790f4"
                                        },
                                        "config.py": {
                                            "sha": "8b07276dac787850457ebb1f0b3407c16b150e2a"
                                        },
                                        "security.py": {
                                            "sha": "6c6ee8bc30b4dd5abf06073b87330959ba5c6c02"
                                        }
                                    }
                                },
                                "crud": {
                                    "dirs": {},
                                    "files": {
                                        "__init__.py": {
                                            "sha": "40e2c673b4fe7ddf1a1fe83d5d1e1b6ab5f9991a"
                                        },
                                        "base.py": {
                                            "sha": "2b6f1f10cd5447f706abe528eb186ed1c428d068"
                                        },
                                        "crud_item.py": {
                                            "sha": "dcb87cdc5c71665429ec63ade9d2cf802b34661f"
                                        },
                                        "crud_user.py": {
                                            "sha": "14525d326f60c933d080aaf6734d9b20bf77ef74"
                                        }
                                    }
                                },
                                "db": {
                                    "dirs": {},
                                    "files": {
                                        "__init__.py": {
                                            "sha": "e69de29bb2d1d6434b8b29ae775ad8c2e48c5391"
                                        },
                                        "base.py": {
                                            "sha": "b7ec44fec169cb086bfde9dda94e95884ed1d7c5"
                                        },
                                        "base_class.py": {
                                            "sha": "3b759110b6e887781e12bdf6613bc367703ec289"
                                        },
                                        "init_db.py": {
                                            "sha": "bc1dd2e06cd930e613029be44efc4ecb82a1bfd8"
                                        },
                                        "session.py": {
                                            "sha": "9edb2fa1d06cec289a6857d4b75166afe3a8aeb2"
                                        }
                                    }
                                },
                                "email-templates": {
                                    "dirs": {
                                        "build": {
                                            "dirs": {},
                                            "files": {
                                                "new_account.html": {
                                                    "sha": "395c7bd1565794a309c479f5e1a9102bb5717484"
                                                },
                                                "reset_password.html": {
                                                    "sha": "7fbf368b9fcd66fa1a63cf1b67bb902334a56cb4"
                                                },
                                                "test_email.html": {
                                                    "sha": "294d576623addc7a6296ac622a271cbbdd336414"
                                                }
                                            }
                                        },
                                        "src": {
                                            "dirs": {},
                                            "files": {
                                                "new_account.mjml": {
                                                    "sha": "16c033b07834d38d216bee271e47c1b8b57db9bf"
                                                },
                                                "reset_password.mjml": {
                                                    "sha": "4f45ea285b7c5c7a29fcbaceb5e32328c8464043"
                                                },
                                                "test_email.mjml": {
                                                    "sha": "5b9baa4594690423506f89cb35d9038045a57caa"
                                                }
                                            }
                                        }
                                    },
                                    "files": {}
                                },
                                "models": {
                                    "dirs": {},
                                    "files": {
                                        "__init__.py": {
                                            "sha": "a9c6bdb1ef47f70acde4229041ad2113ed203e7b"
                                        },
                                        "item.py": {
                                            "sha": "205535e4b4715c26d683c033d4c10b4121ef0fc3"
                                        },
                                        "user.py": {
                                            "sha": "1e8e1a011b5da7551ff2292e039e5b954d325371"
                                        }
                                    }
                                },
                                "schemas": {
                                    "dirs": {},
                                    "files": {
                                        "__init__.py": {
                                            "sha": "6b41593dbb98b0118c3148535771a15ffffcaa86"
                                        },
                                        "item.py": {
                                            "sha": "ac992cf2b1c3a2c925869601e380ec95fee3e6d9"
                                        },
                                        "msg.py": {
                                            "sha": "945e0c627bc183f8a0ee0aa736c0a1d8d54cd895"
                                        },
                                        "token.py": {
                                            "sha": "ea85b460dad03ac4de7759003beedb8f5fe9a8a4"
                                        },
                                        "user.py": {
                                            "sha": "7f5c85ac684ff69136fbe41e6b4a33c983b383fd"
                                        }
                                    }
                                },
                                "tests": {
                                    "dirs": {
                                        "api": {
                                            "dirs": {
                                                "api_v1": {
                                                    "dirs": {},
                                                    "files": {
                                                        "__init__.py": {
                                                            "sha": "e69de29bb2d1d6434b8b29ae775ad8c2e48c5391"
                                                        },
                                                        "test_celery.py": {
                                                            "sha": "7b10a331f2c73e39f1956502a1e02acd03a4013f"
                                                        },
                                                        "test_items.py": {
                                                            "sha": "6d799b62d4ecd023e84b1e298d6a3068b37e0f4e"
                                                        },
                                                        "test_login.py": {
                                                            "sha": "fd2c65a6221dc4411845bf31fdea679f7e3f1182"
                                                        },
                                                        "test_users.py": {
                                                            "sha": "ba22bfe9699292242f0c290aed878872e9eb28d0"
                                                        }
                                                    }
                                                }
                                            },
                                            "files": {
                                                "__init__.py": {
                                                    "sha": "e69de29bb2d1d6434b8b29ae775ad8c2e48c5391"
                                                }
                                            }
                                        },
                                        "crud": {
                                            "dirs": {},
                                            "files": {
                                                "__init__.py": {
                                                    "sha": "e69de29bb2d1d6434b8b29ae775ad8c2e48c5391"
                                                },
                                                "test_item.py": {
                                                    "sha": "e529144ef6e2ea42b7296c002dae896fc6814347"
                                                },
                                                "test_user.py": {
                                                    "sha": "2caee5b870695d702ebf1dbeee2d1e20c3710de8"
                                                }
                                            }
                                        },
                                        "utils": {
                                            "dirs": {},
                                            "files": {
                                                "__init__.py": {
                                                    "sha": "e69de29bb2d1d6434b8b29ae775ad8c2e48c5391"
                                                },
                                                "item.py": {
                                                    "sha": "e28f9670789503f7c77e64644e8a764557062027"
                                                },
                                                "user.py": {
                                                    "sha": "097056c197da20578dbc453e2cf259d8acda0335"
                                                },
                                                "utils.py": {
                                                    "sha": "021fc2201791ea67d3ac5f6509e194a7a42497e8"
                                                }
                                            }
                                        }
                                    },
                                    "files": {
                                        ".gitignore": {
                                            "sha": "16d3c4dbbfec555a7690fe6a0f9f812de215fab2"
                                        },
                                        "__init__.py": {
                                            "sha": "e69de29bb2d1d6434b8b29ae775ad8c2e48c5391"
                                        },
                                        "conftest.py": {
                                            "sha": "0304cb84dcd68d302c81923ab15dcc04f035dad2"
                                        }
                                    }
                                }
                            },
                            "files": {
                                "__init__.py": {
                                    "sha": "e69de29bb2d1d6434b8b29ae775ad8c2e48c5391"
                                },
                                "backend_pre_start.py": {
                                    "sha": "3363a4154219f8d0df6ef3155bc78ef057446d66"
                                },
                                "celeryworker_pre_start.py": {
                                    "sha": "81de37134f77f61cd8388895721363f674699a6e"
                                },
                                "initial_data.py": {
                                    "sha": "c50646d2df4b47da2bd33b13990f3e403f3dbcc1"
                                },
                                "main.py": {
                                    "sha": "d5d0a7949379618ea92bd7b6529514e4aa8f9f08"
                                },
                                "tests_pre_start.py": {
                                    "sha": "81de37134f77f61cd8388895721363f674699a6e"
                                },
                                "utils.py": {
                                    "sha": "b1aba6bc00562db76923e5e4968829169deb9d19"
                                },
                                "worker.py": {
                                    "sha": "5fea53c961b13042ff26fafee3bad60fe50cf12a"
                                }
                            }
                        },
                        "scripts": {
                            "dirs": {},
                            "files": {
                                "format-imports.sh": {
                                    "sha": "68f70eea75c8246e6c603d75c630b823f5ccb505"
                                },
                                "format.sh": {
                                    "sha": "71d9779e413b2152f429b29daefdfb8ec4fdb2ca"
                                },
                                "lint.sh": {
                                    "sha": "9dc9ed427cf285857b8607fb9d813f44972cdd99"
                                },
                                "test-cov-html.sh": {
                                    "sha": "4a1fd3b75a2adb51b31d3be2b689f94a5ce5be96"
                                },
                                "test.sh": {
                                    "sha": "fba8e95576a524bfe76eb960c9d369e751007b11"
                                }
                            }
                        }
                    },
                    "files": {
                        ".flake8": {
                            "sha": "710dc9c0301e8dd440f0681089195cc372d21347"
                        },
                        ".gitignore": {
                            "sha": "f5116830164085c1f82bbb5a60370d9aa1debc47"
                        },
                        "alembic.ini": {
                            "sha": "921aaf17b8409ea60919664016b7384de4ea3e5f"
                        },
                        "mypy.ini": {
                            "sha": "9813db029bc2e938c66ea520db1889b2112bf127"
                        },
                        "prestart.sh": {
                            "sha": "fc1e5f18905726f4215e34322d4c0718f55df141"
                        },
                        "pyproject.toml": {
                            "sha": "a34dd2f93e025d8f62813d59a56789ad6fb0d0b5"
                        },
                        "tests-start.sh": {
                            "sha": "099c2b39731503d59a93dc824fd0dbf5b051e336"
                        },
                        "worker-start.sh": {
                            "sha": "172f08e6f81eead5d52150d22d2796953ac592e8"
                        }
                    }
                }
            },
            "files": {
                ".gitignore": {
                    "sha": "529e8d581fc6079a2f8b43426c20986daecbe9c6"
                },
                "backend.dockerfile": {
                    "sha": "0c0783fd330bd94ddeade5918b4cdd4688408fec"
                },
                "celeryworker.dockerfile": {
                    "sha": "1ccf6b289f7e3ee24e79215f3aeebd9ccba30cb0"
                }
            }
        },
        "frontend": {
            "dirs": {
                "assets": {
                    "dirs": {
                        "media": {
                            "dirs": {
                                "brand": {
                                    "dirs": {},
                                    "files": {
                                        "icon.png": {
                                            "sha": "ceaf80ca145613d976e11278164a3264611f504a"
                                        },
                                        "icon.svg": {
                                            "sha": "498534709ccaa93f53c2823ea20617c4e8dcd23a"
                                        },
                                        "react-redux-saga.png": {
                                            "sha": "9c6a6c720e1cfae7d2bbf3d499b481cd4389c072"
                                        },
                                        "react-redux-saga.svg": {
                                            "sha": "3e26f4cad22e0e6b9cae99625171a69f65627ed4"
                                        }
                                    }
                                },
                                "icons": {
                                    "dirs": {},
                                    "files": {
                                        "bell-o.svg": {
                                            "sha": "4f5c673280bc13b589400bcae590569b3f5a2886"
                                        },
                                        "bell.svg": {
                                            "sha": "853e5b78845a3d7f23c834ae626973ee52cc042e"
                                        },
                                        "bolt.svg": {
                                            "sha": "cf8b247dcf7544edc268605cbdc4ee2c8c5a5ca9"
                                        },
                                        "check-circle-o.svg": {
                                            "sha": "4f175c6e41ba638502b40257538e3a76793809e2"
                                        },
                                        "check-circle.svg": {
                                            "sha": "e8e56fa4caaf77dc53f10f2dd086181044bc206a"
                                        },
                                        "check.svg": {
                                            "sha": "1a73affd752b5627f68c988a6c0250d6cd048480"
                                        },
                                        "dot-circle-o.svg": {
                                            "sha": "591f8e54bde8c39b330895c8eec4091d88e869ac"
                                        },
                                        "exclamation-circle.svg": {
                                            "sha": "19b8aeb98d22de8f829c9147083ab0a8e09508bd"
                                        },
                                        "question-circle-o.svg": {
                                            "sha": "9dbdedf6d7d4c4dc40b71e5229e7362a5026def6"
                                        },
                                        "question-circle.svg": {
                                            "sha": "eb7df0ed740126d36f3a9c7c2118dad068209cf7"
                                        },
                                        "safari-pinned-tab.svg": {
                                            "sha": "5c4874d17734f1abf49e76dce03d9b07e38f76d8"
                                        },
                                        "sign-in.svg": {
                                            "sha": "34ac39b64b0660528ec291ac2910d6356ddf269f"
                                        },
                                        "sign-out.svg": {
                                            "sha": "797ad525de03b24ffe70432956623ee14988be02"
                                        },
                                        "times-circle-o.svg": {
                                            "sha": "0335dbd4b53a5e410e2eb87f7792d0a16642ed8c"
                                        },
                                        "times-circle.svg": {
                                            "sha": "750acb9b7355d8b76a7be02b2155bd65b2be6bbf"
                                        },
                                        "times.svg": {
                                            "sha": "8e46c107ebe8dcadc879711d1b40ecccc6a254b1"
                                        }
                                    }
                                },
                                "images": {
                                    "dirs": {},
                                    "files": {
                                        "og-image-v1.png": {
                                            "sha": "005a5590bafcd5818666db2309f4bef7761dfa9e"
                                        }
                                    }
                                },
                                "meta-icons": {
                                    "dirs": {},
                                    "files": {
                                        "apple-touch-icon.png": {
                                            "sha": "15dcb147b5794764e72ba794a0907d041fec2317"
                                        },
                                        "favicon-16x16.png": {
                                            "sha": "df3a0abb8ebd1e73c1c188b0f791a4fc1501ff48"
                                        },
                                        "favicon-32x32.png": {
                                            "sha": "068f90d8bcdb77a80f39632e5656ae0e58f3eaa9"
                                        },
                                        "favicon.ico": {
                                            "sha": "6b8523d91eb62a35f359d3ff2d941b85dfcdb773"
                                        },
                                        "icon-144x144.png": {
                                            "sha": "c716a432f8c4a0ee786f75b878b9cf52167e0d33"
                                        },
                                        "icon-192x192.png": {
                                            "sha": "373911ee28419b907ed04abe90ff1d7152ff30f9"
                                        },
                                        "icon-512x512.png": {
                                            "sha": "9f4656ee5dd0941246f542972b599a30f5610d27"
                                        },
                                        "icon-96x96.png": {
                                            "sha": "efc115ceb14c3783bc69a1f95780a48a61c2f7ee"
                                        },
                                        "safari-pinned-tab.svg": {
                                            "sha": "5c4874d17734f1abf49e76dce03d9b07e38f76d8"
                                        }
                                    }
                                }
                            },
                            "files": {}
                        }
                    },
                    "files": {
                        ".htaccess": {
                            "sha": "651bd96a37ec76189d3cf0c9a92999d6be006a33"
                        },
                        "index.html": {
                            "sha": "7494773a6feb581744b365f3540421a9fafd0085"
                        },
                        "manifest.json": {
                            "sha": "8861aac990f33be5af21f8786b3d4f2752a049d5"
                        },
                        "robots.txt": {
                            "sha": "3969cb1597743ada729f4f497170455e710efc0b"
                        },
                        "service-worker.js": {
                            "sha": "1166ab0b6a1ad89e9390cc5a17d8d0975d5eed1e"
                        }
                    }
                },
                "config": {
                    "dirs": {},
                    "files": {
                        "env.js": {
                            "sha": "f087faf3b610fae8d00fd8d5e6ee6f676a79dbc0"
                        },
                        "paths.js": {
                            "sha": "ec6654ea48d9b3a9e7e0370805599f9ab1d48a0e"
                        },
                        "webpack.config.js": {
                            "sha": "2bcf9751d10d6931350f37e9e3cdcb7d903d8571"
                        },
                        "webpackDevServer.js": {
                            "sha": "780349afc2571df981e1190779f5572ba3473d19"
                        }
                    }
                },
                "cypress": {
                    "dirs": {
                        "e2e": {
                            "dirs": {},
                            "files": {
                                "basic.js": {
                                    "sha": "483c72cdea1168579120926afb8a59d9fa3c5c29"
                                }
                            }
                        },
                        "fixtures": {
                            "dirs": {},
                            "files": {
                                "example.json": {
                                    "sha": "0967ef424bce6791893e9a57bb952f80fd536e93"
                                }
                            }
                        },
                        "plugins": {
                            "dirs": {},
                            "files": {
                                "index.js": {
                                    "sha": "d39f20b02f923cb566f23cd7bed9ec2b8231baca"
                                }
                            }
                        },
                        "support": {
                            "dirs": {},
                            "files": {
                                "commands.js": {
                                    "sha": "c1f5a772e2bcbd8a318fffcf7ba25e205a92dade"
                                },
                                "index.js": {
                                    "sha": "11e4ffb7b3c3ba04da4131bcf9f44c4723edea36"
                                }
                            }
                        }
                    },
                    "files": {}
                },
                "src": {
                    "dirs": {
                        "actions": {
                            "dirs": {},
                            "files": {
                                "app.js": {
                                    "sha": "d5e8123f7da6667c897b1c34095c2d2287d985e2"
                                },
                                "github.js": {
                                    "sha": "dd7ad0b5cec30940db60b60699eb220c50d519b1"
                                },
                                "index.js": {
                                    "sha": "c097bb029a1c0f3e37882d76b456ca2c75110592"
                                },
                                "user.js": {
                                    "sha": "dcd5c67bd14f11778186671c297bd5049f30d656"
                                }
                            }
                        },
                        "components": {
                            "dirs": {
                                "Transition": {
                                    "dirs": {},
                                    "files": {
                                        "index.jsx": {
                                            "sha": "968dba2392fb8d5d6e46c8557d1f5a55c53c426b"
                                        },
                                        "transitions.js": {
                                            "sha": "5e6a8b04649feba9a60c90269fbec10a80e46979"
                                        }
                                    }
                                }
                            },
                            "files": {
                                "Alert.jsx": {
                                    "sha": "0719dfbc3ae0200e3694311be478602301b250df"
                                },
                                "Background.jsx": {
                                    "sha": "f45dab4b5b78e94ca4dc40de60951335bdf9c958"
                                },
                                "Footer.jsx": {
                                    "sha": "c878c864e836e1b39f43c51f02306575ac3d9ce9"
                                },
                                "GitHub.jsx": {
                                    "sha": "bdcca07443d21132e3528fbc0ba596d66df95756"
                                },
                                "GlobalStyles.jsx": {
                                    "sha": "4f6b5b33a8d1492be749bcf48993a95f382f725d"
                                },
                                "Header.jsx": {
                                    "sha": "ff8b5cd9aafb83e6e80a721eb1c5515785ebc49e"
                                },
                                "Icon.jsx": {
                                    "sha": "6f0c1b6a71299bc8017704bc44dba7259c28e54a"
                                },
                                "Loader.jsx": {
                                    "sha": "86ce7d8481b626ca8e6049a202b8ef56d29b622a"
                                },
                                "Logo.jsx": {
                                    "sha": "64dc13fd3745876cc61cedf6e85395aac939e9ef"
                                },
                                "Reload.jsx": {
                                    "sha": "8c6951341ca2ae869aa940a924c29e7731616e12"
                                },
                                "RoutePrivate.jsx": {
                                    "sha": "610565989233aa74925957f542c259169f6fc2fd"
                                },
                                "RoutePublic.jsx": {
                                    "sha": "f881062b415ba3774739fa3920696bc64294e8bd"
                                },
                                "SystemAlerts.jsx": {
                                    "sha": "3ab3128dc478f5bd80908cb90b1779c348ddc080"
                                }
                            }
                        },
                        "constants": {
                            "dirs": {},
                            "files": {
                                "index.js": {
                                    "sha": "2ee023230fd7faa2beb88a7548920180621aa7af"
                                }
                            }
                        },
                        "modules": {
                            "dirs": {},
                            "files": {
                                "client.js": {
                                    "sha": "e3249f1929fa1de4f2c29da33b274f845a43abaf"
                                },
                                "helpers.js": {
                                    "sha": "c2e2d2be1599e57b04f173f554df51282d8e3fb1"
                                },
                                "history.js": {
                                    "sha": "84387cf816f746b6cf113eadcff4ed3b88f58e35"
                                },
                                "theme.js": {
                                    "sha": "9b69642097bbcc871982e36ae896ef79fb4658e5"
                                }
                            }
                        },
                        "reducers": {
                            "dirs": {},
                            "files": {
                                "app.js": {
                                    "sha": "d588cdf74c69c5cce8b3ac321aa4e319265ecee4"
                                },
                                "github.js": {
                                    "sha": "8d2e1dfd74b8c4d9fea3b456265f3768dbbc8fce"
                                },
                                "index.js": {
                                    "sha": "84a685999bf55b77e98de1d00096157724ee18ae"
                                },
                                "user.js": {
                                    "sha": "ffc1800c6ad3ea5e3cc6f4827731e99399118f1c"
                                }
                            }
                        },
                        "routes": {
                            "dirs": {},
                            "files": {
                                "Home.jsx": {
                                    "sha": "2ec0b0101f300b4c40794b21b0b77b291db5d582"
                                },
                                "NotFound.jsx": {
                                    "sha": "21b3435cd07bf43393f23a28eaadcf3c159f7218"
                                },
                                "Private.jsx": {
                                    "sha": "0407a3d5d96309ea24fc0c17829b3a85f081dcd6"
                                }
                            }
                        },
                        "sagas": {
                            "dirs": {},
                            "files": {
                                "app.js": {
                                    "sha": "02136749219cbfd5922190d0674fc2c811332b40"
                                },
                                "github.js": {
                                    "sha": "563441a33f04b186ddd515a62a6b9cfa2df141d1"
                                },
                                "index.js": {
                                    "sha": "a83ba016022b16c566ab4de9c97d3dbd8a6b5db3"
                                },
                                "user.js": {
                                    "sha": "e4eaa2bff49c9ef0acf410a9320b8d6bead3f550"
                                }
                            }
                        },
                        "store": {
                            "dirs": {},
                            "files": {
                                "index.js": {
                                    "sha": "e4096b2006e382665c57ac3dfef3cf39948eb256"
                                },
                                "middleware.js": {
                                    "sha": "e21a38f65f99983e4c86949b9d0cc386fe4c18a1"
                                }
                            }
                        },
                        "vendor": {
                            "dirs": {},
                            "files": {
                                "modernizr-custom.js": {
                                    "sha": "73583ab3a7986024a3865472ea18bc5ef93b6137"
                                },
                                "modernizrrc.json": {
                                    "sha": "da8981e14be949e40e7fe2ee7bde44234d658cd0"
                                }
                            }
                        }
                    },
                    "files": {
                        "App.jsx": {
                            "sha": "787f7524792d4517a9220086b9fd0b54e26a2fbb"
                        },
                        "config.js": {
                            "sha": "56aaab35b8a6f64daba12edacaacc20e79e09e4a"
                        },
                        "index.jsx": {
                            "sha": "e6369bffe7cd2ab1738d695a6b55adb41b94101e"
                        },
                        "polyfills.js": {
                            "sha": "f306460b08926792c7a66ab422f14720447c893c"
                        },
                        "serviceWorker.js": {
                            "sha": "9cb7eb10701613155f82bd911f9084d8a18f27ab"
                        }
                    }
                },
                "test": {
                    "dirs": {
                        "__mocks__": {
                            "dirs": {},
                            "files": {
                                "fileMock.js": {
                                    "sha": "9dc5fc1e4a43ed0f69b6fc6d2e16171c739ba703"
                                },
                                "history.js": {
                                    "sha": "3b36abb8510af797679dfa4ef609e8e5c95757a1"
                                },
                                "moduleMock.js": {
                                    "sha": "0ca8b6b9a44323a2b5cbd2c4abe816aa59bf7b7f"
                                },
                                "react-router-dom.js": {
                                    "sha": "fc14f8a83093f3a005f36765b6896f64076443d2"
                                },
                                "styleMock.js": {
                                    "sha": "7d1639ae70fb7c86acc8c2e409fae5efd16c2e65"
                                },
                                "svgMock.js": {
                                    "sha": "af5e1af32df867755b08aab67edc0fa62e045fe8"
                                }
                            }
                        },
                        "__setup__": {
                            "dirs": {},
                            "files": {
                                "setupFiles.js": {
                                    "sha": "24ca6173e30c4dc6980c3f62cf3ef9ef8fa1c17a"
                                },
                                "setupTests.js": {
                                    "sha": "2286b3d5ed40b0f12080a3f816eb447ab7af9878"
                                },
                                "withContext.js": {
                                    "sha": "2967dc4b632af37ca289e30222d2414a0e85ded9"
                                }
                            }
                        },
                        "__snapshots__": {
                            "dirs": {},
                            "files": {
                                "App.spec.js.snap": {
                                    "sha": "efa8ed79f4f2f4f89b68866fef942d1d4aea7f2a"
                                }
                            }
                        },
                        "actions": {
                            "dirs": {
                                "__snapshots__": {
                                    "dirs": {},
                                    "files": {
                                        "app.spec.js.snap": {
                                            "sha": "2984ac70f1903063a19eaf62c4dd12290ed7cc70"
                                        },
                                        "user.spec.js.snap": {
                                            "sha": "db032e8d11520807e3c086f996650c1ff32fcb4b"
                                        }
                                    }
                                }
                            },
                            "files": {
                                "app.spec.js": {
                                    "sha": "14623d396eaa1587f82323d7f84e9a65163dacbb"
                                },
                                "user.spec.js": {
                                    "sha": "0093a049b645129fdde9536a5bb668b3b837a927"
                                }
                            }
                        },
                        "components": {
                            "dirs": {
                                "Transition": {
                                    "dirs": {
                                        "__snapshots__": {
                                            "dirs": {},
                                            "files": {
                                                "index.spec.js.snap": {
                                                    "sha": "3f6bf4b7c38d60f8938f800978ab9eea5a0ab490"
                                                }
                                            }
                                        }
                                    },
                                    "files": {
                                        "index.spec.js": {
                                            "sha": "6581b9dd1a875f62268bd2264d6287fe444dfa8c"
                                        }
                                    }
                                },
                                "__snapshots__": {
                                    "dirs": {},
                                    "files": {
                                        "Alert.spec.js.snap": {
                                            "sha": "d9963854beaebde17263cddbe247c3a7da98f0b0"
                                        },
                                        "Background.spec.js.snap": {
                                            "sha": "c2650eaf3460f0072ed8272937908796b746b73d"
                                        },
                                        "Footer.spec.js.snap": {
                                            "sha": "d979d18d206c9515d4325caa02d5c1c861da0654"
                                        },
                                        "GitHub.spec.js.snap": {
                                            "sha": "6699138bde891627a3d02da940e0e778e7a3cd79"
                                        },
                                        "GlobalStyles.spec.js.snap": {
                                            "sha": "c495b0922be48b2e5174efedb0cbda3a686efc51"
                                        },
                                        "Header.spec.js.snap": {
                                            "sha": "6a4b7f61c9021b3279c0271b1ea6ccee1205c8aa"
                                        },
                                        "Icon.spec.js.snap": {
                                            "sha": "e059e2caf406f2b70a92b1ff8f6aac3a970ba8a2"
                                        },
                                        "Loader.spec.js.snap": {
                                            "sha": "2f0ef82c9ba31deaa06b011f4bd2a9ca1637e823"
                                        },
                                        "Logo.spec.js.snap": {
                                            "sha": "6eb9b199b66dd813cf6b0bf7de284335ce5d55eb"
                                        },
                                        "Reload.spec.js.snap": {
                                            "sha": "244af07ff6fd30902b35d91a67951123853d7683"
                                        },
                                        "RoutePrivate.spec.js.snap": {
                                            "sha": "a1a8db29728f05ad0fd2c2b2e8bf8b13e5007c4f"
                                        },
                                        "RoutePublic.spec.js.snap": {
                                            "sha": "8bd61c2fa871dc291ab9eb222e6c8dca170242e7"
                                        },
                                        "SystemAlerts.spec.js.snap": {
                                            "sha": "3ea05d8f5cd10e14cdcf24dfe979e3331a50c219"
                                        }
                                    }
                                }
                            },
                            "files": {
                                "Alert.spec.js": {
                                    "sha": "63f9f440a82c9fe52450a85bb05c736db8eaede1"
                                },
                                "Background.spec.js": {
                                    "sha": "7eb6ea369980bf690d30071a1d76e44b73feb4a1"
                                },
                                "Footer.spec.js": {
                                    "sha": "a3f1c7554931ae30a7d110bfcab9de04f5e53210"
                                },
                                "GitHub.spec.js": {
                                    "sha": "14eb2a5600d536bce5ae383ef5e1f4dc6d48d471"
                                },
                                "GlobalStyles.spec.js": {
                                    "sha": "690e0fad74a9f88ff1463a0bb013b79010094f70"
                                },
                                "Header.spec.js": {
                                    "sha": "1a9fb03ca944fcf2bea888c5ed1483625c4f6b26"
                                },
                                "Icon.spec.js": {
                                    "sha": "65cb26164296d470b170a03090d904143c406c92"
                                },
                                "Loader.spec.js": {
                                    "sha": "6b5d91ef0681a89beed0fe2a13368931b84f3205"
                                },
                                "Logo.spec.js": {
                                    "sha": "df1278d34c283142a83e5ddc524c8fbf53eff462"
                                },
                                "Reload.spec.js": {
                                    "sha": "a9d1866c27151073dee01ff2b50d16514f362a7f"
                                },
                                "RoutePrivate.spec.js": {
                                    "sha": "30d9935d320d93c7762f42ec4851bfe129477175"
                                },
                                "RoutePublic.spec.js": {
                                    "sha": "0f16cb0cee74e4dbef7cca7fdde14b57398b3b1b"
                                },
                                "SystemAlerts.spec.js": {
                                    "sha": "47cccca4a49613baef2885f3fdd0f79dca33c1f8"
                                }
                            }
                        },
                        "constants": {
                            "dirs": {
                                "__snapshots__": {
                                    "dirs": {},
                                    "files": {
                                        "index.spec.js.snap": {
                                            "sha": "ae83e67d2d6b4280c6d761f5440b001229654391"
                                        }
                                    }
                                }
                            },
                            "files": {
                                "index.spec.js": {
                                    "sha": "2de7ab72ff4f5cb527603236cfe815ee0b8ae794"
                                }
                            }
                        },
                        "modules": {
                            "dirs": {
                                "__snapshots__": {
                                    "dirs": {},
                                    "files": {
                                        "RoutePrivate.spec.js.snap": {
                                            "sha": "779986261db487155c4cfb93d16fcca03c2e9991"
                                        },
                                        "RoutePublic.spec.js.snap": {
                                            "sha": "182cac64d27a4afdcb4fa1c7469996c193b31ba8"
                                        },
                                        "client.spec.js.snap": {
                                            "sha": "64c0cef17cc0fd9b9367d39ce5097156dc6c9d77"
                                        },
                                        "helpers.spec.js.snap": {
                                            "sha": "fe4014aae2b7b8a1f95b8e678caa242a7aa76782"
                                        }
                                    }
                                }
                            },
                            "files": {
                                "RoutePrivate.spec.js": {
                                    "sha": "d9f7a61d63582e05ef81daa28765ab2aa288b2f4"
                                },
                                "RoutePublic.spec.js": {
                                    "sha": "9e9aa5643394fbf9eac3d0296543ea4f054e1421"
                                },
                                "client.spec.js": {
                                    "sha": "407f41365cfb2f731e3e54fc7a5db4fb910c7895"
                                },
                                "helpers.spec.js": {
                                    "sha": "f90a3449b3a9217a0ae12b67614f647e17a3ee7f"
                                }
                            }
                        },
                        "reducers": {
                            "dirs": {
                                "__snapshots__": {
                                    "dirs": {},
                                    "files": {
                                        "app.spec.js.snap": {
                                            "sha": "fd968a317ef6f6c0384d31b9b596f08227c5f2e1"
                                        },
                                        "github.spec.js.snap": {
                                            "sha": "8e2b4b75c384f107afde4e57b74e56a637be4c7c"
                                        },
                                        "user.spec.js.snap": {
                                            "sha": "126ec59019ffe0f6f0fb0976eb6943754f13aec8"
                                        }
                                    }
                                }
                            },
                            "files": {
                                "app.spec.js": {
                                    "sha": "677a37bf1c444d587032a60cd1106c8d8ac4dba4"
                                },
                                "github.spec.js": {
                                    "sha": "52478b4a40cdc8ad7d24ed33b8410147c91208e1"
                                },
                                "user.spec.js": {
                                    "sha": "ece1e49c9930ba166fb6ec0376e58a2a248ca449"
                                }
                            }
                        },
                        "routes": {
                            "dirs": {
                                "__snapshots__": {
                                    "dirs": {},
                                    "files": {
                                        "Home.spec.js.snap": {
                                            "sha": "daa19e088a4ac7048e13d42b21aa382da9db2870"
                                        },
                                        "NotFound.spec.js.snap": {
                                            "sha": "c8b34068c43c03b126377381e22892a890eb1974"
                                        },
                                        "Private.spec.js.snap": {
                                            "sha": "0999324cfcd4443803ae069adea64ccc0cb74060"
                                        }
                                    }
                                }
                            },
                            "files": {
                                "Home.spec.js": {
                                    "sha": "34f722b8982bfa2aece53475e6ca3c0e6ae5bfd0"
                                },
                                "NotFound.spec.js": {
                                    "sha": "51f346f0af6ed4d880ae66460397fdbad9a453e5"
                                },
                                "Private.spec.js": {
                                    "sha": "9b094a8020bbe86728c3a0966c2dae7afa712515"
                                }
                            }
                        },
                        "sagas": {
                            "dirs": {
                                "__snapshots__": {
                                    "dirs": {},
                                    "files": {
                                        "app.spec.js.snap": {
                                            "sha": "e685847f2068f3597bae14f0564826efa745a7aa"
                                        },
                                        "github.spec.js.snap": {
                                            "sha": "81a4f15ea2aa6c78e3bf6fc18d7c11fc31b7ff2c"
                                        },
                                        "user.spec.js.snap": {
                                            "sha": "b60a592b06606edeed64def0612196e2847e5fd7"
                                        }
                                    }
                                }
                            },
                            "files": {
                                "app.spec.js": {
                                    "sha": "c49cf4d0f04c98acee48fbca8ae1cab319241422"
                                },
                                "github.spec.js": {
                                    "sha": "d3b2fa9e7959e41a6fa9fda4b02d6a076afa1843"
                                },
                                "user.spec.js": {
                                    "sha": "82744e52972a5638dbfbbfe9d636d47ba2d5c983"
                                }
                            }
                        },
                        "store": {
                            "dirs": {
                                "__snapshots__": {
                                    "dirs": {},
                                    "files": {
                                        "index.spec.js.snap": {
                                            "sha": "be5972fedc9525c6ed47fec2234bff3eed0136cb"
                                        }
                                    }
                                }
                            },
                            "files": {
                                "index.spec.js": {
                                    "sha": "c8b854cf88a59da71ba936eccdacb96ac76b8504"
                                }
                            }
                        }
                    },
                    "files": {
                        ".eslintrc": {
                            "sha": "fafb4577fcf1064c213b29ec1348fe8775b0800f"
                        },
                        "App.spec.js": {
                            "sha": "0274d90f450f7ed0f25e77d212f5224d6268c3af"
                        },
                        "index.spec.js": {
                            "sha": "eb238a935eff116c363b74d0e1376e701258642d"
                        }
                    }
                },
                "tools": {
                    "dirs": {},
                    "files": {
                        "build.js": {
                            "sha": "76d18321d1551791ee36fe1e29bc190cdb4ff698"
                        },
                        "deploy.js": {
                            "sha": "94226568ffdce3a4c1466c30a18feebaa8f7ed61"
                        },
                        "publish.js": {
                            "sha": "527f46269fa2bef97284372348be4d04a81015cd"
                        },
                        "start.js": {
                            "sha": "84577ddd5d87b1f822d4cdb096d642d0655e3bcf"
                        }
                    }
                }
            },
            "files": {
                ".babelrc": {
                    "sha": "6e9b7e763919e98ba718338e721263b3fef2340e"
                },
                ".codeclimate.yml": {
                    "sha": "38d6f166d53f0418bb6bc8bcb96d4d6a665046a0"
                },
                ".dockerignore": {
                    "sha": "94026bdb458efe665446aefeb3eff578dc3844b6"
                },
                ".editorconfig": {
                    "sha": "3b281f2f7d5a262b1b163fbaea0d7c2441e3cd31"
                },
                ".env": {
                    "sha": "e50c35d7748e47e00a793aa2bef11e6f51f72c68"
                },
                ".eslintrc": {
                    "sha": "346fb53d1f3e739ba784ea53375d8940863055ec"
                },
                ".flowconfig": {
                    "sha": "e60a38f46eaee9f1e49d3d6abef994d41d778d64"
                },
                ".gitignore": {
                    "sha": "d7e5c5a6c210580453c9e74018e8e8949a26b424"
                },
                ".prettierignore": {
                    "sha": "ff272c386184225928ee691242613984f010c351"
                },
                ".stylelintrc": {
                    "sha": "449a74448e81adf618e798e17e6db6ca8ca574e3"
                },
                "Dockerfile": {
                    "sha": "630faf427a82b72421365077d87d4de75de36470"
                },
                "LICENSE": {
                    "sha": "167636ce5e7bfb197fe20e1b70f42356ba852ae6"
                },
                "README.md": {
                    "sha": "e5619e6ede06d0d1bbda9943a7afb257d7069c79"
                },
                "cypress.json": {
                    "sha": "e6935a669fdfb11551a1bff91bd69ceb3e3883e9"
                },
                "jest.config.js": {
                    "sha": "4855fb583d95223de286acafcea515a22bab6432"
                },
                "nginx-backend-not-found.conf": {
                    "sha": "f6fea66358072fd0dff2ef50127a1e866a152fb0"
                },
                "package-lock.json": {
                    "sha": "f6a02eae2e600cae40e03c78a1ef7a5eabc07bca"
                },
                "package.json": {
                    "sha": "2c204a97c5839b5895d1d5e909462e6ef8cbbf09"
                }
            }
        },
        "scripts": {
            "dirs": {},
            "files": {
                "build-push.sh": {
                    "sha": "3fa3aa7e6bafd98750ed7f4f6025636a0b851bda"
                },
                "build.sh": {
                    "sha": "21528c538eb849c9afc9753b7bde2c8cac2beb25"
                },
                "deploy.sh": {
                    "sha": "55a86ee94cefd6e802b2c3d945bd4616fb6d8bb2"
                },
                "test-local.sh": {
                    "sha": "4c180f21d3a840fb41e5241b7cabf86d6a5f6c6a"
                },
                "test.sh": {
                    "sha": "ef63b5e4d0256a25f9ed631674c5f2aea759a7e4"
                }
            }
        }
    },
    "files": {
        ".env": {
            "sha": "f6540eeff767a276ee249ec977d22f77567f31a1"
        },
        ".gitignore": {
            "sha": "94ab0b2e633a206dcd3804842cbbba57695f014b"
        },
        ".gitlab-ci.yml": {
            "sha": "cd730c1b80ed1a474f7b2e60937b7d35fe59c6e2"
        },
        "README.md": {
            "sha": "2bbe3eb342cfe43ba8823d05b3cb272ccf921c2f"
        },
        "cookiecutter-config-file.yml": {
            "sha": "33f7ad7fc67ccb4fa8f6126dceed7900bc818bd4"
        },
        "docker-compose.override.yml": {
            "sha": "cb9b60950f1a8934953fbc7977e67a9d4f30189c"
        },
        "docker-compose.yml": {
            "sha": "fcc48f529d01ba8101530fdf02351a9ca06a9100"
        }
    }
}