{
    "dirs": {
        "apps": {
            "dirs": {
                "auth": {
                    "dirs": {},
                    "files": {
                        "__init__.py": {
                            "sha": "38bf258449a2504a4a5060615cd06852c44cc603"
                        },
                        "models.py": {
                            "sha": "90ab981afe470d04778f633ca731c1430e2ee597"
                        }
                    }
                }
            },
            "files": {
                "ERASEME.txt": {
                    "sha": "502f8cb69830b235f8599d6d0e8b2acf815d3eb8"
                }
            }
        },
        "static": {
            "dirs": {},
            "files": {
                "DELETEME": {
                    "sha": "618deed8a74c9a4834d0d69805d1b6cf50053bc5"
                }
            }
        },
        "static_files": {
            "dirs": {},
            "files": {
                "DELETEME": {
                    "sha": "a86e9b353a33d0f2a7951d4f8e831f54baf89c69"
                }
            }
        },
        "templates": {
            "dirs": {
                "http": {
                    "dirs": {},
                    "files": {
                        "access_forbidden.html": {
                            "sha": "2e1e7eea613c5257b89c3aba74023a9119ea6ef6"
                        },
                        "method_not_allowed.html": {
                            "sha": "1b0f9318c72700c89dc03bc00b40f793e65ef434"
                        },
                        "page_not_found.html": {
                            "sha": "6fe2b4fe03d129213b02a2f9b91dc3a03f36f407"
                        },
                        "server_error.html": {
                            "sha": "117441b11e57d52ed2792f29c61e490310318091"
                        }
                    }
                },
                "macros": {
                    "dirs": {},
                    "files": {
                        "_flashing.html": {
                            "sha": "1d2d5f623420107d235162a87069373a84eeb3c8"
                        },
                        "_formhelpers.html": {
                            "sha": "93c991a3a887ab2856eb84d6c32854245f92345f"
                        }
                    }
                }
            },
            "files": {
                "base.html": {
                    "sha": "3031ed933689f7d751152ad074688db3a606dd92"
                },
                "index.html": {
                    "sha": "a1e23cf3edd8a44f21e7c88dd54381928d711ed1"
                }
            }
        },
        "tests": {
            "dirs": {},
            "files": {
                "__init__.py": {
                    "sha": "e69de29bb2d1d6434b8b29ae775ad8c2e48c5391"
                },
                "test_empty.py": {
                    "sha": "82d5f3a518266a150c200190333854cee3ffa482"
                }
            }
        }
    },
    "files": {
        ".editorconfig": {
            "sha": "ec09047ba891d04cf8b4ae73e84c9c51a0bb06f1"
        },
        ".gitignore": {
            "sha": "95d1bfc9decc69e646893a5c2101e9304ba846b0"
        },
        "Dockerfile": {
            "sha": "03160ed1f714acb2ec89a10132d825470fd97bc8"
        },
        "Makefile": {
            "sha": "f89d40438164a8f52c360eef6954f82fa80faa74"
        },
        "Procfile": {
            "sha": "10e7263eb9f1c3ccf873b6c4719fd1288a8e4ebd"
        },
        "README.md": {
            "sha": "b3404db5341769016067280de7130f71dba0d725"
        },
        "commands.py": {
            "sha": "9cd744a5edb59fa0e607b2fc8b0712f32ef2f348"
        },
        "config.py": {
            "sha": "70544dfb4bc08a8178635760b6b44a686a80d357"
        },
        "extensions.py": {
            "sha": "1f90f16bcbe7e76d71d511862cf0f4359341affd"
        },
        "main.py": {
            "sha": "7c61a693265deceac7f1b21395dba0fc259cfb44"
        },
        "mixins.py": {
            "sha": "ca172a0e527c52ad585dfa9895f39ac4c79f1a18"
        },
        "requirements.txt": {
            "sha": "d791c5872d101d4b82fcf91bf6a4ad1a2771ac2d"
        },
        "wsgi.py": {
            "sha": "3aba9d38e258bf07ea6e498509b54cf0984705fe"
        },
        "{{ cookiecutter.repo_name }}.ini": {
            "sha": "1ed9364504e1a9b599a9d196151d1fe95ee42e0e"
        }
    }
}