{
    "dirs": {
        "{{cookiecutter.repo_name}}": {
            "dirs": {
                "locale": {
                    "dirs": {
                        "de": {
                            "dirs": {
                                "LC_MESSAGES": {
                                    "dirs": {},
                                    "files": {
                                        "messages.mo": {
                                            "sha": "c70beecb680dd2d352f6eca18cf24b9d915b96d6"
                                        },
                                        "messages.po": {
                                            "sha": "889adcb71446f3c9bf586adeb02645aebb4b926b"
                                        }
                                    }
                                }
                            },
                            "files": {}
                        },
                        "es": {
                            "dirs": {
                                "LC_MESSAGES": {
                                    "dirs": {},
                                    "files": {
                                        "messages.mo": {
                                            "sha": "20b09e52136d693b1d23e43de5f193339f77f0e8"
                                        },
                                        "messages.po": {
                                            "sha": "1f60937f4d5af86c859ac8a532c5b91c3a5f49d2"
                                        }
                                    }
                                }
                            },
                            "files": {}
                        }
                    },
                    "files": {}
                }
            },
            "files": {
                "__init__.py": {
                    "sha": "b21002a511837dec5880e9bd1759d141c02e4346"
                },
                "messages.pot": {
                    "sha": "4281f1fec1524c517aa841b4e8a93483d66c0055"
                },
                "{{cookiecutter.repo_name}}.py": {
                    "sha": "ddf3ed654c6caabc1da29596ea101f1b5e5275ff"
                }
            }
        }
    },
    "files": {}
}