{
    "dirs": {
        ".github": {
            "dirs": {
                "workflows": {
                    "dirs": {},
                    "files": {
                        "main.yml": {
                            "sha": "c35f4b45c1433b6cb1f79302739fc59142cfe788"
                        }
                    }
                }
            },
            "files": {}
        },
        ".vscode": {
            "dirs": {},
            "files": {
                "settings.json": {
                    "sha": "e06fa34988d5be2b0510cf247c56f5278f011eb9"
                }
            }
        },
        "bin": {
            "dirs": {},
            "files": {
                "checksum": {
                    "sha": "f38bcd6238fd53f966154a64d3071513849b2d5f"
                },
                "open": {
                    "sha": "f7ae38a49bf9f301c1163d7bcbb1ecd78ea4ad58"
                },
                "update": {
                    "sha": "367cf84859d8100cd7272b16ffee142175cc13f8"
                },
                "verchew": {
                    "sha": "5061561140e5b22377843e6084e1031c26eefc5f"
                },
                "verchew-wrapper": {
                    "sha": "d494c433cb64110063923b0a4a77be7193d58909"
                }
            }
        },
        "docs": {
            "dirs": {
                "about": {
                    "dirs": {},
                    "files": {
                        "changelog.md": {
                            "sha": "699cc9e7b7c5bf63c3549abe36e3eecf8efab625"
                        },
                        "contributing.md": {
                            "sha": "f939e75f21a8badb5c40f527abd0e098fe9bc472"
                        },
                        "license.md": {
                            "sha": "f0608a63ae16053f55e32ab4abf40e7a61f2dccb"
                        }
                    }
                }
            },
            "files": {
                "advanced.md": {
                    "sha": "1eb4cef21cebf55567ff3da94e5149521f056d36"
                }
            }
        },
        "notebooks": {
            "dirs": {
                "profile_default": {
                    "dirs": {
                        "startup": {
                            "dirs": {},
                            "files": {
                                "README": {
                                    "sha": "61d470004218ae459ce7bfdc974f7c86e0790486"
                                },
                                "ipython_startup.py": {
                                    "sha": "e69de29bb2d1d6434b8b29ae775ad8c2e48c5391"
                                }
                            }
                        }
                    },
                    "files": {
                        ".gitignore": {
                            "sha": "9b1dffd90fdce0601e734330eecdff3a301fa2e9"
                        },
                        "ipython_config.py": {
                            "sha": "ab5c41300c2d4b4519b7d0a0d7b94120a8771641"
                        }
                    }
                }
            },
            "files": {}
        },
        "tests": {
            "dirs": {},
            "files": {
                "__init__.py": {
                    "sha": "a916f18f316c873a6082d80dfa9fec50fb925ba1"
                },
                "conftest.py": {
                    "sha": "be30719a4869417cb3d748750602246bec4630e6"
                },
                "test_cli.py": {
                    "sha": "21d8151154b3cdc896cd4de2fab4a1922f77ad3d"
                }
            }
        },
        "{{cookiecutter.package_name}}": {
            "dirs": {
                "tests": {
                    "dirs": {},
                    "files": {
                        "__init__.py": {
                            "sha": "2a677482373196768dda833c8262cd0873806046"
                        },
                        "conftest.py": {
                            "sha": "40517152122bdd1624467735ff5835d700145aac"
                        },
                        "test_utils.py": {
                            "sha": "f1160b469a58cea9a4197c6131d9dc043183fa5b"
                        }
                    }
                }
            },
            "files": {
                "__init__.py": {
                    "sha": "9112bb29bbcda35baf49e838a79fe36c4ebaeaad"
                },
                "__main__.py": {
                    "sha": "264dd39befe3017e2c03652251bea8aa6c0e5d44"
                },
                "cli.py": {
                    "sha": "c599b132e32e49103fe809fa9df7ca021c6646a1"
                },
                "gui.py": {
                    "sha": "d361ee94a5cab5bc851060af9afcaf38c52c6367"
                },
                "utils.py": {
                    "sha": "7d7ed8dc8d310fbb72a906367c76b4e6c48bef21"
                }
            }
        }
    },
    "files": {
        ".appveyor.yml": {
            "sha": "c021a13177c189337aa9913e91df23679a2baf0e"
        },
        ".coveragerc": {
            "sha": "45ea722c9e996882de20d6fae8d19ffb0c4965fc"
        },
        ".gitattributes": {
            "sha": "0f6820899f4937f228b464415de1871e9cfd56d1"
        },
        ".gitignore": {
            "sha": "d25972ad36014dcd2b2080c530f77c7f9fea2cd6"
        },
        ".pydocstyle.ini": {
            "sha": "69e38cb64877b1ef11eff5b6b9b50435b3e53c17"
        },
        ".pylint.ini": {
            "sha": "c6700f70f15016a1d06bac460aed467609bf96a9"
        },
        ".scrutinizer.yml": {
            "sha": "1b741d6193fdc21242abdc122db03fdeb1263594"
        },
        ".tool-versions": {
            "sha": "5f5220946b2fbfdbd57e9c24923683f8cff65751"
        },
        ".verchew.ini": {
            "sha": "1122e2c4031f4676fe1ab0298d977a551be6190c"
        },
        "CHANGELOG.md": {
            "sha": "d768f5ce86fb06d1054315d4e68a471493a3887c"
        },
        "CONTRIBUTING.md": {
            "sha": "dbf0236a60e2ee35d57024d970426793703466b0"
        },
        "LICENSE.md": {
            "sha": "6da4aa4e10cd44d24e9d8450de8a7b4c4eaa71e0"
        },
        "Makefile": {
            "sha": "9fb7afd51795917b5e7e6976aeffe08b048d72e3"
        },
        "README.md": {
            "sha": "c81bdf755dc5f071ece13a3c9b5fbd09dc47d643"
        },
        "mkdocs.yml": {
            "sha": "29df95d3525f945b61505d6cf6296d8fa740ddb5"
        },
        "pyproject.toml": {
            "sha": "1e50b556337aa9b1a53ec676bd6fd472cdcb8316"
        },
        "scent.py": {
            "sha": "00878625c1b0ccfd3c2ad50a20104ba36e91a11b"
        }
    }
}