{
    "dirs": {
        "tests": {
            "dirs": {},
            "files": {
                "__init__.py": {
                    "sha": "e69de29bb2d1d6434b8b29ae775ad8c2e48c5391"
                },
                "conftest.py": {
                    "sha": "d75b027755622d77405ee7e87e7c2a06c57983d5"
                },
                "test_config.py": {
                    "sha": "9aa46e80600c762adc56ef6e9e2afa5c11559feb"
                },
                "test_login.py": {
                    "sha": "8b162efd1601cec40c383f53eaaf7004d20d6a7e"
                },
                "test_models.py": {
                    "sha": "cfa3c39851b748529e72158d33b41e71d4ef62a1"
                },
                "test_urls.py": {
                    "sha": "b12d2b8421cb4462ffbd2ec1bbb1517f8181e834"
                }
            }
        },
        "{{cookiecutter.repo_name}}": {
            "dirs": {
                "controllers": {
                    "dirs": {},
                    "files": {
                        "__init__.py": {
                            "sha": "e69de29bb2d1d6434b8b29ae775ad8c2e48c5391"
                        },
                        "main.py": {
                            "sha": "536f59ffd173a06b186e9bac9f33ff7b888685ea"
                        }
                    }
                },
                "static": {
                    "dirs": {
                        "css": {
                            "dirs": {
                                "vendor": {
                                    "dirs": {},
                                    "files": {
                                        "bootstrap.min.css": {
                                            "sha": "4cf729e4342a51d8b300e8d43f2f78b0a6faf403"
                                        },
                                        "helper.css": {
                                            "sha": "1587bd8b022443eed8b9c7b92e69e60abeb69809"
                                        }
                                    }
                                }
                            },
                            "files": {
                                "main.css": {
                                    "sha": "6c63705af02edfe723cea3154dbdbbc0c0eacb14"
                                }
                            }
                        },
                        "js": {
                            "dirs": {
                                "vendor": {
                                    "dirs": {},
                                    "files": {
                                        "bootstrap.min.js": {
                                            "sha": "e79c065134f2cfcf3e44a59cffcb5f090232f98f"
                                        },
                                        "jquery.min.js": {
                                            "sha": "49990d6e14503798f142dcb0d5b23cb0c8f80244"
                                        }
                                    }
                                }
                            },
                            "files": {
                                "main.js": {
                                    "sha": "e69de29bb2d1d6434b8b29ae775ad8c2e48c5391"
                                }
                            }
                        },
                        "public": {
                            "dirs": {
                                "css": {
                                    "dirs": {},
                                    "files": {
                                        "common.css": {
                                            "sha": "10bef2b5c516cbbe9c5882e14f4c06771f86fc98"
                                        }
                                    }
                                },
                                "fonts": {
                                    "dirs": {},
                                    "files": {
                                        "glyphicons-halflings-regular.eot": {
                                            "sha": "4a4ca865d67e86f961bc6e2ef00bffa4e34bb9ed"
                                        },
                                        "glyphicons-halflings-regular.svg": {
                                            "sha": "e3e2dc739dd851f2d7d291be032e30b909e3e95f"
                                        },
                                        "glyphicons-halflings-regular.ttf": {
                                            "sha": "67fa00bf83801d2fa568546b982c80d27f6ef74e"
                                        },
                                        "glyphicons-halflings-regular.woff": {
                                            "sha": "8c54182aa5d4d1ab3c9171976b615c1dcb1dc187"
                                        }
                                    }
                                },
                                "js": {
                                    "dirs": {},
                                    "files": {
                                        "common.js": {
                                            "sha": "8218f7b801a0e0fd4a3d43dc4ccdcfe556c6a77d"
                                        }
                                    }
                                }
                            },
                            "files": {}
                        }
                    },
                    "files": {}
                },
                "templates": {
                    "dirs": {},
                    "files": {
                        "base.html": {
                            "sha": "db739c64d075d543ece85b8e877f575e82d3b2bc"
                        },
                        "index.html": {
                            "sha": "c1f1cce533afd181dcea5bbbe1fdfcfe6d53d6cb"
                        },
                        "login.html": {
                            "sha": "d57c7aeb56721b54af64b692623e091a6018f7b3"
                        }
                    }
                }
            },
            "files": {
                "__init__.py": {
                    "sha": "d80085119d5a0529d859042bafb7d8b15f89a844"
                },
                "assets.py": {
                    "sha": "f760486ff828c3355e94552ef6849ee4df4b7f0d"
                },
                "extensions.py": {
                    "sha": "0d53b7470614a2230dfdc7cff1b8e41e23f6b472"
                },
                "forms.py": {
                    "sha": "0518fd82134e0005f8ea6650f8f7b3db9b5465fe"
                },
                "models.py": {
                    "sha": "c227b5a262bef4df1c0398136f3423e2e12e0419"
                },
                "settings.py": {
                    "sha": "c6fc5b071d9cae680d5d28ce4f094b9bc46c8991"
                }
            }
        }
    },
    "files": {
        ".DS_Store": {
            "sha": "6ce9e8c300299c6c48fad17bcf7b0cce88fbdae3"
        },
        "Makefile": {
            "sha": "2086ec814a50953031fee8c1b8ff12bb8da6114b"
        },
        "README.md": {
            "sha": "5f282566e2a6ab8b850c664b8ef3a5e3e276b7b0"
        },
        "manage.py": {
            "sha": "92c470090586ae59d05df7814b47749a73c5e834"
        },
        "requirements.txt": {
            "sha": "b4126b0d96deb02007e1765b3646217250535251"
        }
    }
}