{
    "dirs": {
        "assets": {
            "dirs": {},
            "files": {
                "htmx-1.9.10.min.js": {
                    "sha": "47eb70fe1dc29f462082115ef7efb46b6790b909"
                },
                "main.css": {
                    "sha": "a90f0749c75caa03be6aced4c980a79c4dd60138"
                }
            }
        },
        "config": {
            "dirs": {},
            "files": {
                "__init__.py": {
                    "sha": "e69de29bb2d1d6434b8b29ae775ad8c2e48c5391"
                },
                "asgi.py": {
                    "sha": "bc24bd4ca480d665ce743acb401885de7043d906"
                },
                "middleware.py": {
                    "sha": "f9f01525584bce778465f8eefdcb6b53a2010e15"
                },
                "settings.py": {
                    "sha": "4fd7b7445ee904e2be1a33ec2f83e72c99892a2e"
                },
                "urls.py": {
                    "sha": "a714498c025fc5b899c9983f97e13cdbcebeeb29"
                },
                "wsgi.py": {
                    "sha": "85093356412f8068843a99a156c624d50d9e3e44"
                }
            }
        },
        "templates": {
            "dirs": {},
            "files": {
                "base.html": {
                    "sha": "614f579e4c64053a6099761cebac9f05a01b9f63"
                },
                "index.html": {
                    "sha": "2d073833280c40b8f6956101c42d9ee909d60cbd"
                }
            }
        },
        "{{ cookiecutter.app_name }}": {
            "dirs": {},
            "files": {
                "models.py": {
                    "sha": "71a836239075aa6e6e4ecb700e9c42c95c022d91"
                },
                "views.py": {
                    "sha": "33e346ccb7cf413d9a46e8080a29f7527e67730c"
                }
            }
        }
    },
    "files": {
        ".env": {
            "sha": "147ae0a0e73834cffddfa03e56e4f9a106248b07"
        },
        "Dockerfile": {
            "sha": "115d6f961efdf826410fc02a149cbbc901df26e6"
        },
        "Justfile": {
            "sha": "7239b27ad76288729933b4739acf6fe7be97747f"
        },
        "README.md": {
            "sha": "e69de29bb2d1d6434b8b29ae775ad8c2e48c5391"
        },
        "docker-entrypoint.sh": {
            "sha": "2ef996e300070a917e6235c341e0ad99d3ab5b12"
        },
        "fly.toml": {
            "sha": "843094c1af9ed2734e3d980655bdd4ae5e5f98e4"
        },
        "manage.py": {
            "sha": "f06c85884f281711344c0ec41b11f6084d8dda29"
        },
        "pyproject.toml": {
            "sha": "91483b0f718791f8779d688ef6c0b3bf37136241"
        },
        "tailwind.config.js": {
            "sha": "89185dea3f71f3954115a0a72709d9f079ebe3cd"
        }
    }
}