{
    "dirs": {
        "data": {
            "dirs": {
                "external": {
                    "dirs": {},
                    "files": {
                        ".gitkeep": {
                            "sha": "e69de29bb2d1d6434b8b29ae775ad8c2e48c5391"
                        }
                    }
                },
                "interim": {
                    "dirs": {},
                    "files": {
                        ".gitkeep": {
                            "sha": "e69de29bb2d1d6434b8b29ae775ad8c2e48c5391"
                        }
                    }
                },
                "processed": {
                    "dirs": {},
                    "files": {
                        ".gitkeep": {
                            "sha": "e69de29bb2d1d6434b8b29ae775ad8c2e48c5391"
                        }
                    }
                }
            },
            "files": {}
        }
    },
    "files": {
        ".gitignore": {
            "sha": "1f5eade0429e4841b488525c06b341b782289b47"
        },
        "AUTHORS.md": {
            "sha": "7ab898c8c28b91a2add2ed5ebcba57e35d9d1768"
        },
        "LICENSE": {
            "sha": "3b7b82d0da2db857eda1a798dbd908ea136f07b5"
        },
        "README.md": {
            "sha": "dad2b33e896ee71679005a7dd2250cf1d690d997"
        },
        "data-dictionary.md": {
            "sha": "e69de29bb2d1d6434b8b29ae775ad8c2e48c5391"
        },
        "requirements.txt": {
            "sha": "e69de29bb2d1d6434b8b29ae775ad8c2e48c5391"
        }
    }
}