{
    "dirs": {
        ".envs": {
            "dirs": {
                ".local": {
                    "dirs": {},
                    "files": {
                        ".django": {
                            "sha": "ef581a1c09cec7a41acb81f985b6dc3ebebcc860"
                        },
                        ".postgres": {
                            "sha": "f190db8e68a2121ef5f5a9f0f754a58559cf662b"
                        }
                    }
                },
                ".production": {
                    "dirs": {},
                    "files": {
                        ".django": {
                            "sha": "afe45548c45c18668692c993e4521f80f469ed28"
                        },
                        ".postgres": {
                            "sha": "f190db8e68a2121ef5f5a9f0f754a58559cf662b"
                        }
                    }
                }
            },
            "files": {}
        },
        ".github": {
            "dirs": {
                "workflows": {
                    "dirs": {},
                    "files": {
                        "ci.yml": {
                            "sha": "89d83f257489b0dc873bd4ba745be0e9dd75d039"
                        }
                    }
                }
            },
            "files": {
                "dependabot.yml": {
                    "sha": "3f4eefe9487bab3051e0c2178d3371cefd5a690c"
                }
            }
        },
        ".idea": {
            "dirs": {
                "runConfigurations": {
                    "dirs": {},
                    "files": {
                        "docker_compose_up_django.xml": {
                            "sha": "e84c5ffdd43c1f4ddc0958ebd89f8457994c7c47"
                        },
                        "docker_compose_up_docs.xml": {
                            "sha": "0f77b28dfe297233abdaa981e5eaf138178f53ea"
                        },
                        "merge_production_dotenvs_in_dotenv.xml": {
                            "sha": "cf2c5dd89dbe6bff5b7beaf178f3b5b3b69ca68d"
                        },
                        "migrate.xml": {
                            "sha": "b457c5f55bf4af18e729138c3117e18ebfc7e2bf"
                        },
                        "pytest___.xml": {
                            "sha": "08f76c454debadd2c513df2bfd0538f72ebe2a58"
                        },
                        "pytest__users.xml": {
                            "sha": "574361fea4ef509c97a932bb5ace77f4194dffa3"
                        },
                        "runserver.xml": {
                            "sha": "2a348a2e7fa0f3651d9517a38aa7fe0477d107a7"
                        }
                    }
                }
            },
            "files": {
                "misc.xml": {
                    "sha": "10af178fd4c432703bc9cb892c727729aa46a2cb"
                },
                "modules.xml": {
                    "sha": "1418fcddfb5953ca3221f0caa82d096fc36c1ce4"
                },
                "vcs.xml": {
                    "sha": "5ace414d826e6c93413b72a6e835ff1e7b23264b"
                },
                "webResources.xml": {
                    "sha": "452953740b9d1b96937f0e94df2aa28086a97519"
                },
                "workspace.xml": {
                    "sha": "deb28ba1b8942c566a35b302613eb15010f1e0f3"
                },
                "{{cookiecutter.project_slug}}.iml": {
                    "sha": "fe1aeae52f994565803ead1993423b49efe0c6c9"
                }
            }
        },
        "bin": {
            "dirs": {},
            "files": {
                "post_compile": {
                    "sha": "a9c94b39ad5816db80238fd78c1e8744ba08badb"
                }
            }
        },
        "compose": {
            "dirs": {
                "local": {
                    "dirs": {
                        "django": {
                            "dirs": {
                                "celery": {
                                    "dirs": {
                                        "beat": {
                                            "dirs": {},
                                            "files": {
                                                "start": {
                                                    "sha": "61f83968b30308245289411c5fb54c33c428608a"
                                                }
                                            }
                                        },
                                        "flower": {
                                            "dirs": {},
                                            "files": {
                                                "start": {
                                                    "sha": "ac3cc6b363ac37933d2e7b0405114638457710ed"
                                                }
                                            }
                                        },
                                        "worker": {
                                            "dirs": {},
                                            "files": {
                                                "start": {
                                                    "sha": "16341fdd14d56a2204a026eb3af9ea3ea5cf1249"
                                                }
                                            }
                                        }
                                    },
                                    "files": {}
                                }
                            },
                            "files": {
                                "Dockerfile": {
                                    "sha": "4be394f727db3e2c4c25192d1a1b933be69a2fd5"
                                },
                                "start": {
                                    "sha": "6415d7fb4af94a8ae6ec72477de53b1f58b75670"
                                }
                            }
                        },
                        "docs": {
                            "dirs": {},
                            "files": {
                                "Dockerfile": {
                                    "sha": "587b8d3ae401bb8d9e7328d0895921f7e436e06e"
                                },
                                "start": {
                                    "sha": "96a94f5663eea48e1b08c96b290f101633c367e8"
                                }
                            }
                        },
                        "node": {
                            "dirs": {},
                            "files": {
                                "Dockerfile": {
                                    "sha": "8062fa689fbbaccf1e19c9dd5eb6bd1a2cc9aa5c"
                                }
                            }
                        }
                    },
                    "files": {}
                },
                "production": {
                    "dirs": {
                        "aws": {
                            "dirs": {
                                "maintenance": {
                                    "dirs": {},
                                    "files": {
                                        "download": {
                                            "sha": "0c515935fcdcaab2e092062dadfa3d1803e6c5ba"
                                        },
                                        "upload": {
                                            "sha": "9446b9304a59911709e21c6d1c160c0ea7aef144"
                                        }
                                    }
                                }
                            },
                            "files": {
                                "Dockerfile": {
                                    "sha": "4d1ecbb2099c101243b02242676cf930a04f3f4a"
                                }
                            }
                        },
                        "django": {
                            "dirs": {
                                "celery": {
                                    "dirs": {
                                        "beat": {
                                            "dirs": {},
                                            "files": {
                                                "start": {
                                                    "sha": "42ddca91050784d70baaf359dad7825f15a022d8"
                                                }
                                            }
                                        },
                                        "flower": {
                                            "dirs": {},
                                            "files": {
                                                "start": {
                                                    "sha": "4180d6778dc9b3150aa7d3f40f3a6552dac524d3"
                                                }
                                            }
                                        },
                                        "worker": {
                                            "dirs": {},
                                            "files": {
                                                "start": {
                                                    "sha": "af0c8f7b5227666ab85b59a60471668d74fcc070"
                                                }
                                            }
                                        }
                                    },
                                    "files": {}
                                }
                            },
                            "files": {
                                "Dockerfile": {
                                    "sha": "8ca35f18095b27da2e2f887ce6b6efd6581992c9"
                                },
                                "entrypoint": {
                                    "sha": "2fbcad95532db67c01fe0f80fd1e174401d223f7"
                                },
                                "start": {
                                    "sha": "73f686bd75e921d2c3887b0d1dbf3b9d8a74a961"
                                }
                            }
                        },
                        "nginx": {
                            "dirs": {},
                            "files": {
                                "Dockerfile": {
                                    "sha": "911b16f717d9ea5dd204e4064176226c8dfca2f1"
                                },
                                "default.conf": {
                                    "sha": "562dba86c529a1776bf7cb4613049e993d9ddbb0"
                                }
                            }
                        },
                        "postgres": {
                            "dirs": {
                                "maintenance": {
                                    "dirs": {
                                        "_sourced": {
                                            "dirs": {},
                                            "files": {
                                                "constants.sh": {
                                                    "sha": "6ca4f0ca9c64f449bf3774f3e3d90a274f2261d0"
                                                },
                                                "countdown.sh": {
                                                    "sha": "e6cbfb6ffc2996031dae959b1ebf3e1f71b77551"
                                                },
                                                "messages.sh": {
                                                    "sha": "f6be756e97d36815e2f7d606438375c14371bfc5"
                                                },
                                                "yes_no.sh": {
                                                    "sha": "fd9cae161435e5292a26785ccc7a09551801b6de"
                                                }
                                            }
                                        }
                                    },
                                    "files": {
                                        "backup": {
                                            "sha": "ee0c9d63cd59a8502e622444c4191e11355f3cbb"
                                        },
                                        "backups": {
                                            "sha": "0484ccff50d7cd942d8793e94530e37ebf102344"
                                        },
                                        "restore": {
                                            "sha": "9661ca7f1ac38e4b061bc4e1e70b8b5be7aca8b5"
                                        }
                                    }
                                }
                            },
                            "files": {
                                "Dockerfile": {
                                    "sha": "eca29bada193c98d88e99fe32724385f2df3ec91"
                                }
                            }
                        },
                        "traefik": {
                            "dirs": {},
                            "files": {
                                "Dockerfile": {
                                    "sha": "7b053059d3022ec9124c677d5ac2847ab2037b46"
                                },
                                "traefik.yml": {
                                    "sha": "85d9572b9f0524887684e2336864df2bfd18b8bb"
                                }
                            }
                        }
                    },
                    "files": {}
                }
            },
            "files": {}
        },
        "config": {
            "dirs": {
                "settings": {
                    "dirs": {},
                    "files": {
                        "__init__.py": {
                            "sha": "e69de29bb2d1d6434b8b29ae775ad8c2e48c5391"
                        },
                        "base.py": {
                            "sha": "bd29ff519a8f90bb2ddca5283670dc31a4f38bdb"
                        },
                        "local.py": {
                            "sha": "09d3bb9fad04249a5e2d6454958fb122e0ed749a"
                        },
                        "production.py": {
                            "sha": "b9ad11fb1c4c43ef3dad6660fb6778be0fb608fc"
                        },
                        "test.py": {
                            "sha": "62a0c466ce82895b960d891e1e54713666b4ae80"
                        }
                    }
                }
            },
            "files": {
                "__init__.py": {
                    "sha": "480655af172a99204415ebd6ed76cf5a1caed71d"
                },
                "asgi.py": {
                    "sha": "65e76ca0ab59b1625f985dfe45d66faa718f9e4d"
                },
                "celery_app.py": {
                    "sha": "0728a649e0c860fa78094661d68dc6206937a7e7"
                },
                "urls.py": {
                    "sha": "6b04c4b089d2d51094af6550bc5a447b8f1f09f2"
                },
                "websocket.py": {
                    "sha": "81adfbc664215c36e2208ab0254b81f1a64297b7"
                },
                "wsgi.py": {
                    "sha": "3fd809ef39097165c45f71461a8ee129d764f269"
                }
            }
        },
        "docs": {
            "dirs": {
                "pycharm": {
                    "dirs": {
                        "images": {
                            "dirs": {},
                            "files": {
                                "1.png": {
                                    "sha": "06908a12545a069f24490835777674c4c02fcd8a"
                                },
                                "2.png": {
                                    "sha": "1fb8cf1e20c6dfaa542a1c91942a7a1bd96ea96a"
                                },
                                "3.png": {
                                    "sha": "32c93351bed8e97ef9cdcdd4eace0e6411cbaa42"
                                },
                                "4.png": {
                                    "sha": "cf07f9d83c37d5d95d57c36a7accf1bf195c731c"
                                },
                                "7.png": {
                                    "sha": "4f8807e3aa35eadb54537f5e7a05b3552fd7df1f"
                                },
                                "8.png": {
                                    "sha": "05946f2c3d602d2b6e0b2d79beee2699fb57323c"
                                },
                                "f1.png": {
                                    "sha": "2d8c4b6cc1d5c53fa377137a6c1a9523893631a4"
                                },
                                "f2.png": {
                                    "sha": "b123a478f441a7e076f4f4deb3e2015b80014833"
                                },
                                "f3.png": {
                                    "sha": "713ab543efb99b38f13ebb32a71ac922106ba6e0"
                                },
                                "f4.png": {
                                    "sha": "11668ecdcc6c32124c04bed93e8942db2638c783"
                                },
                                "issue1.png": {
                                    "sha": "1bb68eeec6a536d5fd9285696d23100484cb5fd5"
                                },
                                "issue2.png": {
                                    "sha": "174f6fdf3f8a1d7e510f56de24813c571ad8bb82"
                                }
                            }
                        }
                    },
                    "files": {
                        "configuration.rst": {
                            "sha": "d8e769167f10a6ca690fa08cb17ebdf2041a1c39"
                        }
                    }
                }
            },
            "files": {
                "Makefile": {
                    "sha": "cf080e4767efa042730fe436f873a004a3f66ce4"
                },
                "__init__.py": {
                    "sha": "8772c827b325541e1fb46121b7175b1087fc7e26"
                },
                "conf.py": {
                    "sha": "c640e1c63d8352347ceed7ffd8f109435568e47a"
                },
                "howto.rst": {
                    "sha": "7f2d26a1e1f5edb8bc857ae3d765575a688264cc"
                },
                "index.rst": {
                    "sha": "cb4cbaeda8bc5ab7cadc255dbacb2d7fe5be5988"
                },
                "make.bat": {
                    "sha": "6cd1129f031fe76ea5a13b07edd582ef85251af0"
                },
                "users.rst": {
                    "sha": "6cf6455622cfa33e6dda7aa9e92eab8df0add10d"
                }
            }
        },
        "locale": {
            "dirs": {},
            "files": {
                "README.rst": {
                    "sha": "c2f1dcd6f9351fbcd12946d26734dc2df5fa40fa"
                }
            }
        },
        "requirements": {
            "dirs": {},
            "files": {
                "base.txt": {
                    "sha": "3da3b931913401d3e259a3f8429bf2958cd4116a"
                },
                "local.txt": {
                    "sha": "75692d29d9b91cf06801d41c3c1dd7af51d6e9a4"
                },
                "production.txt": {
                    "sha": "42cdbf53f0ecb3f643d07b8a94ab89b41c56a91a"
                }
            }
        },
        "tests": {
            "dirs": {},
            "files": {
                "test_merge_production_dotenvs_in_dotenv.py": {
                    "sha": "c0e68f60ac08b4b94e14eb7cfac8fe621b0105ba"
                }
            }
        },
        "utility": {
            "dirs": {},
            "files": {
                "install_os_dependencies.sh": {
                    "sha": "ec9372fd8deda38db6a2db0992d6acd2c9d6ef77"
                },
                "install_python_dependencies.sh": {
                    "sha": "e09ebf6f857c63b7d73c79f1b6259835c9acaebf"
                },
                "requirements-bionic.apt": {
                    "sha": "1ca82b2640ebf395bb693a50c368a91d08d07941"
                },
                "requirements-bullseye.apt": {
                    "sha": "60f602873313a11b2c313e44d95557dd6c779daa"
                },
                "requirements-buster.apt": {
                    "sha": "75957f40d4b9deab2faf60e62e53c16c962f331d"
                },
                "requirements-focal.apt": {
                    "sha": "fe6f21e466797a48b65d4b82cb69d91e5664dd0f"
                },
                "requirements-jammy.apt": {
                    "sha": "63d1587e68fd86f139601c73d19a20153a561709"
                },
                "requirements-jessie.apt": {
                    "sha": "5c49365ba9824606cc5d1bcf44f7e068ad0cd291"
                },
                "requirements-stretch.apt": {
                    "sha": "a2b3a7e5e02cf625c91325c16fae00daf5416de2"
                },
                "requirements-trusty.apt": {
                    "sha": "455f1a8689042cb9c208303f8e40bfcd9b588dec"
                },
                "requirements-xenial.apt": {
                    "sha": "ba84ef167d6c491ced2af287c7af7224ab3d9f5d"
                }
            }
        },
        "webpack": {
            "dirs": {},
            "files": {
                "common.config.js": {
                    "sha": "41efb1c77437fb3499f8e15a2cd1f9cd7a93f955"
                },
                "dev.config.js": {
                    "sha": "c2f14abb150c72f4936d3147969232a9830cfe07"
                },
                "prod.config.js": {
                    "sha": "b9c2186e51555e3c6f1c2a6dde8fc0244eecc308"
                }
            }
        },
        "{{cookiecutter.project_slug}}": {
            "dirs": {
                "contrib": {
                    "dirs": {
                        "sites": {
                            "dirs": {
                                "migrations": {
                                    "dirs": {},
                                    "files": {
                                        "0001_initial.py": {
                                            "sha": "304cd6d7c27c1bbb089d0cab55b32369f0dd3ce5"
                                        },
                                        "0002_alter_domain_unique.py": {
                                            "sha": "2c8d6dac01cfed4332d93559699fc10a05d81ec0"
                                        },
                                        "0003_set_site_domain_and_name.py": {
                                            "sha": "080c734bbdf71e78a07d7adb8ed068177bae38a8"
                                        },
                                        "0004_alter_options_ordering_domain.py": {
                                            "sha": "f7118ca81a64318023c6f86e4904b3df0227a3a8"
                                        },
                                        "__init__.py": {
                                            "sha": "1c7ecc89417c9199e4855a972221094694c5f9ba"
                                        }
                                    }
                                }
                            },
                            "files": {
                                "__init__.py": {
                                    "sha": "1c7ecc89417c9199e4855a972221094694c5f9ba"
                                }
                            }
                        }
                    },
                    "files": {
                        "__init__.py": {
                            "sha": "1c7ecc89417c9199e4855a972221094694c5f9ba"
                        }
                    }
                },
                "home": {
                    "dirs": {
                        "migrations": {
                            "dirs": {},
                            "files": {
                                "0001_initial.py": {
                                    "sha": "14920c78f2531c844c5c4d29fb135c12a1cd855f"
                                },
                                "0002_create_homepage.py": {
                                    "sha": "b60860564f7111a12b115c67b4fb1d91ef9abcec"
                                },
                                "__init__.py": {
                                    "sha": "e69de29bb2d1d6434b8b29ae775ad8c2e48c5391"
                                }
                            }
                        },
                        "static": {
                            "dirs": {
                                "css": {
                                    "dirs": {},
                                    "files": {
                                        "welcome_page.css": {
                                            "sha": "ce8b1497f52ab846ad5f021f3edd16e4cdf7a0ad"
                                        }
                                    }
                                }
                            },
                            "files": {}
                        }
                    },
                    "files": {
                        "__init__.py": {
                            "sha": "e69de29bb2d1d6434b8b29ae775ad8c2e48c5391"
                        },
                        "models.py": {
                            "sha": "f24c860189ea512495ca87d8f8b71d4ebbc6ff09"
                        }
                    }
                },
                "search": {
                    "dirs": {},
                    "files": {
                        "__init__.py": {
                            "sha": "e69de29bb2d1d6434b8b29ae775ad8c2e48c5391"
                        },
                        "views.py": {
                            "sha": "2ea83f5b013a7f8f02430a295fb4c2db7f7f889e"
                        }
                    }
                },
                "static": {
                    "dirs": {
                        "css": {
                            "dirs": {},
                            "files": {
                                "project.css": {
                                    "sha": "f1d543daf193e0e06df03603a606819244394ca5"
                                }
                            }
                        },
                        "fonts": {
                            "dirs": {},
                            "files": {
                                ".gitkeep": {
                                    "sha": "e69de29bb2d1d6434b8b29ae775ad8c2e48c5391"
                                }
                            }
                        },
                        "images": {
                            "dirs": {
                                "favicons": {
                                    "dirs": {},
                                    "files": {
                                        "favicon.ico": {
                                            "sha": "e1c1dd1a32a3a077c41a21e52bc7fb5ac90d3afb"
                                        }
                                    }
                                }
                            },
                            "files": {}
                        },
                        "js": {
                            "dirs": {},
                            "files": {
                                "project.js": {
                                    "sha": "62770f1c98fb884c12f5e43eac351e505a27bd2e"
                                },
                                "vendors.js": {
                                    "sha": "093840f8764eb2536d0c04539f8cd99cb6490449"
                                }
                            }
                        },
                        "sass": {
                            "dirs": {},
                            "files": {
                                "custom_bootstrap_vars.scss": {
                                    "sha": "e69de29bb2d1d6434b8b29ae775ad8c2e48c5391"
                                },
                                "project.scss": {
                                    "sha": "c9511e7203404d1761125e0e142ec5085e91d943"
                                }
                            }
                        }
                    },
                    "files": {}
                },
                "templates": {
                    "dirs": {
                        "account": {
                            "dirs": {},
                            "files": {
                                "account_inactive.html": {
                                    "sha": "ab910820edfebf6b15d4da067f99bd9729915225"
                                },
                                "base.html": {
                                    "sha": "03c86724bbcf3897622b9765b20a93ebda9d7fef"
                                },
                                "email.html": {
                                    "sha": "1faa2b9fd588a8578b19f6a52024f45d719af757"
                                },
                                "email_confirm.html": {
                                    "sha": "5e4924c839d16f7627862a752ef9646566b2b12c"
                                },
                                "login.html": {
                                    "sha": "25a292edad72bfd2ef39a8f193a33a77cd4b4b1f"
                                },
                                "logout.html": {
                                    "sha": "5edc60478eef998c07e80147ca925feabf795377"
                                },
                                "password_change.html": {
                                    "sha": "b8dd7ac5357843f1d7d98ff3a5924164415f0ae9"
                                },
                                "password_reset.html": {
                                    "sha": "f424b21111ca542ec1fcda9608a8af3c8b23edcc"
                                },
                                "password_reset_done.html": {
                                    "sha": "76d07eb21c013a14b705f95b1dbe3a3faf87cd4c"
                                },
                                "password_reset_from_key.html": {
                                    "sha": "ce5d72a6d2bedc2c5b26da47633e14da9764fe08"
                                },
                                "password_reset_from_key_done.html": {
                                    "sha": "34123fd5357a59c5ac56770d1158f9c3db0ecf4e"
                                },
                                "password_set.html": {
                                    "sha": "812410fc0f8b125ef8525d0472379de1643b7c66"
                                },
                                "signup.html": {
                                    "sha": "8c1c11aca87a8958bd44ce33ad1f9a243c6daf18"
                                },
                                "signup_closed.html": {
                                    "sha": "c2e64d14f44be514bbaa025f37b8a2c24748b53f"
                                },
                                "verification_sent.html": {
                                    "sha": "be8f1cef97a201b4e479ca5ce0b6f6ddd491d4d0"
                                },
                                "verified_email_required.html": {
                                    "sha": "2148a180420b3a956a9aa264e9759e40bb156ded"
                                }
                            }
                        },
                        "home": {
                            "dirs": {},
                            "files": {
                                "home_page.html": {
                                    "sha": "708e8992dec55c71e3ccac58ba2d02dfc77bd53b"
                                },
                                "welcome_page.html": {
                                    "sha": "87d2d7d20c0238edb693d9fcdf474b0c5d563c7e"
                                }
                            }
                        },
                        "search": {
                            "dirs": {},
                            "files": {
                                "search.html": {
                                    "sha": "e799114f66f6debd0130c74785f0e0f5819fd920"
                                }
                            }
                        },
                        "users": {
                            "dirs": {},
                            "files": {
                                "user_detail.html": {
                                    "sha": "eed39ca3a270cec1830e68778eee5c3301769b38"
                                },
                                "user_form.html": {
                                    "sha": "53e14a530849e6ca72f20c7c3f10ced12ce925d2"
                                }
                            }
                        }
                    },
                    "files": {
                        "403.html": {
                            "sha": "4c4745f7d94641de69d02f04a1a410df673a10f9"
                        },
                        "404.html": {
                            "sha": "d98241858a7b6f7c9b306dd338ed873e66833009"
                        },
                        "500.html": {
                            "sha": "481bb2d0b9fd1f39b911a44ec2f21b22354f4b74"
                        },
                        "base.html": {
                            "sha": "3347438cb68f90ca0520bdd271e1b9ebe96a0071"
                        }
                    }
                },
                "users": {
                    "dirs": {
                        "migrations": {
                            "dirs": {},
                            "files": {
                                "0001_initial.py": {
                                    "sha": "5f956637cfd23ba460f7246da4276eb8b9c0d48f"
                                },
                                "__init__.py": {
                                    "sha": "e69de29bb2d1d6434b8b29ae775ad8c2e48c5391"
                                }
                            }
                        },
                        "tests": {
                            "dirs": {},
                            "files": {
                                "__init__.py": {
                                    "sha": "e69de29bb2d1d6434b8b29ae775ad8c2e48c5391"
                                },
                                "factories.py": {
                                    "sha": "36f9634380d42037fe5cc447dc070106936a18e2"
                                },
                                "test_admin.py": {
                                    "sha": "a370784fcce2dab32ecee0085c4fbefa69d2c3a2"
                                },
                                "test_forms.py": {
                                    "sha": "261f88c8c6e788816d3ad1e6c5d8405e8752df39"
                                },
                                "test_models.py": {
                                    "sha": "b09bcdf0bfc5787e15cf8f8cf55cbf0bddb9d6be"
                                },
                                "test_tasks.py": {
                                    "sha": "41d5af292a08bd957ef1a04f37a67522fcb237c4"
                                },
                                "test_urls.py": {
                                    "sha": "7cd056db582a0b13abbcfe3de42eea4af0233c8e"
                                },
                                "test_views.py": {
                                    "sha": "d968d7ec9d1579eb85a82c274947aa22f87a8c6d"
                                }
                            }
                        }
                    },
                    "files": {
                        "__init__.py": {
                            "sha": "e69de29bb2d1d6434b8b29ae775ad8c2e48c5391"
                        },
                        "adapters.py": {
                            "sha": "0d206fae4a432698542c361730be6745c1f77c1a"
                        },
                        "admin.py": {
                            "sha": "ff492a57f1ff92513149a9db695149bb3ac8c169"
                        },
                        "apps.py": {
                            "sha": "92e7a74ec8d04abc5f8fd51aad3dd154159e54d3"
                        },
                        "context_processors.py": {
                            "sha": "e2633aecde997f14c48575da077052bd373363da"
                        },
                        "forms.py": {
                            "sha": "6e1dd9d328d764d4ed4304b048b0b8695a44368d"
                        },
                        "models.py": {
                            "sha": "6b26aecd41cc16cedb8cdb28dd7dc727a51e04ef"
                        },
                        "tasks.py": {
                            "sha": "c99341c5ff5a73c20e191ed4e93645128e22a69c"
                        },
                        "urls.py": {
                            "sha": "8c8c7e2ea214e371a988306c24321a1507bb61be"
                        },
                        "views.py": {
                            "sha": "488c294d02be1d630ae912c03c8fad18db682ccc"
                        }
                    }
                },
                "utils": {
                    "dirs": {},
                    "files": {
                        "__init__.py": {
                            "sha": "e69de29bb2d1d6434b8b29ae775ad8c2e48c5391"
                        },
                        "storages.py": {
                            "sha": "27595ad1adb50f2dadef5f6ba29bed55590eaee2"
                        }
                    }
                }
            },
            "files": {
                "__init__.py": {
                    "sha": "fb65327098dc8ead5dd2469e6bd2e5825d6779eb"
                },
                "conftest.py": {
                    "sha": "7095a4714b216ee3cc67248eeff51da72db96d06"
                }
            }
        }
    },
    "files": {
        ".dockerignore": {
            "sha": "7369480e390ae9fc9a1a4e6bfc189da78bbb3925"
        },
        ".editorconfig": {
            "sha": "c0ce3426022eaea3504706214a56fde90efb6a29"
        },
        ".gitattributes": {
            "sha": "176a458f94e0ea5272ce67c36bf30b6be9caf623"
        },
        ".gitignore": {
            "sha": "ba0ce8d42d71ac8d26024c691e7be51360981499"
        },
        ".gitlab-ci.yml": {
            "sha": "7892ad63abac8b8749d412d7c11056093b538a0b"
        },
        ".pre-commit-config.yaml": {
            "sha": "073df732e668345b5aafac28a4f272859df06f1a"
        },
        ".pylintrc": {
            "sha": "9d604334bbd187ac4ae4a672d9bd7c31d867f145"
        },
        ".readthedocs.yml": {
            "sha": "08d7f9c2446137573ca8cad3db28ed05c032b5ea"
        },
        ".travis.yml": {
            "sha": "326d78392b8ab6354655a2fded99feec6ee181a3"
        },
        "CONTRIBUTORS.txt": {
            "sha": "82a80bfc17103625afaf06009bf4ebb4c77bdce0"
        },
        "COPYING": {
            "sha": "94a9ed024d3859793618152ea559a168bbcbb5e2"
        },
        "LICENSE": {
            "sha": "812fa0fa63a1dd6872ca83f7ab80243c45e7bf01"
        },
        "Procfile": {
            "sha": "2f2fbe927d5d429c84b3d1b4fd29293d7dbb0c92"
        },
        "README.md": {
            "sha": "83f9a7e487aba54571833f5b10ba75e25d64e3c4"
        },
        "gulpfile.js": {
            "sha": "fa3636eab6a8e56607d2c32fcfbdc37f49b3d71b"
        },
        "local.yml": {
            "sha": "66ca3b0efffd56abee29ca3903d4d6f0a7f32c52"
        },
        "manage.py": {
            "sha": "c44cc826d6189736de6be2222f477a835504b18b"
        },
        "merge_production_dotenvs_in_dotenv.py": {
            "sha": "35139fb2e2d941830d0e1530335203d75c3d0163"
        },
        "package.json": {
            "sha": "90ac63763d9c196c6975c4528dd2393f9491030d"
        },
        "production.yml": {
            "sha": "4e9b9e048d66d15f0261dd775a2d546f11d9cf3a"
        },
        "pytest.ini": {
            "sha": "969c7921ee107531420b9f9464795ad619a3906d"
        },
        "requirements.txt": {
            "sha": "c1b500c2b4112795c84cd98d56e7de73a2da79fd"
        },
        "runtime.txt": {
            "sha": "69b0ccfc826ccfe406ab3433e8a092085309f8e2"
        },
        "setup.cfg": {
            "sha": "fac40b33fde3c754e9864b313891750aff7168d2"
        }
    }
}