{
    "dirs": {
        "config": {
            "dirs": {},
            "files": {
                "airflow_container.env": {
                    "sha": "bec4c0d6bf88adf4e35ecb49cb611668f1a68f5d"
                },
                "airflow_database.env": {
                    "sha": "bbed9ce162393bf5817f04e50036ac5834dd0904"
                },
                "jupyter.env": {
                    "sha": "494d5b55451c744403fac9825ef4cfe9d4af1af5"
                },
                "minio.env": {
                    "sha": "d14e979f89fc4ae71b8d49317ade282f15c92a8b"
                },
                "postgres.env": {
                    "sha": "867c7cbcf2708cf29d93fb29946c3234e04d0446"
                },
                "shared_database.env": {
                    "sha": "1c66b5841cb09d3156745d2be37f7eb379eed72a"
                },
                "superset_container.env": {
                    "sha": "c10e2a105906dfda9576bf949e7342d895a74475"
                },
                "superset_database.env": {
                    "sha": "8e9f1a42ee50d2a4059734482eccf74ee48d5c8d"
                }
            }
        },
        "services": {
            "dirs": {
                "apistar": {
                    "dirs": {
                        "api": {
                            "dirs": {},
                            "files": {
                                "app.py": {
                                    "sha": "64ea1d66967fd6d436bcd7dd897508eb6aa5a6d4"
                                },
                                "custom_routes.py": {
                                    "sha": "5cc10e92b5af3c4de72f5386f70dfdfd5339f50b"
                                }
                            }
                        }
                    },
                    "files": {
                        "Dockerfile": {
                            "sha": "ea98dbc3c6a2e1bc13ba9020239c4b5f7a6d22e1"
                        }
                    }
                },
                "jupyter": {
                    "dirs": {},
                    "files": {
                        "Dockerfile": {
                            "sha": "ce6bdb20a424d5d1bb9f71e1e90215793627420c"
                        }
                    }
                },
                "postgres": {
                    "dirs": {},
                    "files": {
                        "00_shared_create_user.sh": {
                            "sha": "468eedf290bddf158f84b3382e55584db6962315"
                        },
                        "01_shared_create_db.sh": {
                            "sha": "18a376ec5868567164a905f8bf8b5c9e6a2a0eea"
                        },
                        "02_superset_create_user.sh": {
                            "sha": "9d21a07466831fe19415ba3d855d6b23de864efe"
                        },
                        "03_superset_create_db.sh": {
                            "sha": "e4b45156fd1d2fb9ccaf822886cf60f07dc58371"
                        },
                        "04_airflow_create_user.sh": {
                            "sha": "525ced2ae041d1a550f6416d2ff38146febe440c"
                        },
                        "05_airflow_create_db.sh": {
                            "sha": "88b4cf60ac4e331795e5a04e744e8d3b918b9a20"
                        }
                    }
                }
            },
            "files": {}
        },
        "shared": {
            "dirs": {
                "dags": {
                    "dirs": {},
                    "files": {
                        "example_dag.py": {
                            "sha": "5f43010fc82281bd55af933a3fe5e1fec1263c8d"
                        }
                    }
                },
                "notebooks": {
                    "dirs": {},
                    "files": {
                        "example-minio-connection.ipynb": {
                            "sha": "452eceb04656b0d8578f5d7c3e17ffe123f5c910"
                        },
                        "example-postgres-connection.ipynb": {
                            "sha": "06c8d97222a30cdfb0619d96170b3773b72b35fb"
                        }
                    }
                }
            },
            "files": {
                "requirements.txt": {
                    "sha": "b9bc730041b6ab3731ce70f5dba6423844b9e4c6"
                }
            }
        }
    },
    "files": {
        "README.md": {
            "sha": "02ac1255d5bea40a0dcc919cad79d61b371b532f"
        },
        "docker-compose.yml": {
            "sha": "863530f11b7e7eeb8ce48641aa97f516125cd4b7"
        }
    }
}