{
    "dirs": {
        "app": {
            "dirs": {},
            "files": {
                "__init__.py": {
                    "sha": "e69de29bb2d1d6434b8b29ae775ad8c2e48c5391"
                },
                "config.py": {
                    "sha": "2702756303c5a83567cf6a40e4beb591fd3fbf9a"
                },
                "main.py": {
                    "sha": "5494965eb52d4bc9037428b2d887041efbb260e2"
                }
            }
        },
        "server": {
            "dirs": {},
            "files": {
                "App.js": {
                    "sha": "31f501c51cd976867148d21433d28a5344347dc7"
                }
            }
        },
        "src": {
            "dirs": {
                "lib": {
                    "dirs": {
                        "header": {
                            "dirs": {},
                            "files": {
                                "Header.svelte": {
                                    "sha": "93613826536d76f4ad69ee0cb2f3a449eae60381"
                                },
                                "svelte-logo.svg": {
                                    "sha": "49492a83cc2fb3cdc02d42936c415735d446b5b5"
                                }
                            }
                        }
                    },
                    "files": {
                        "Counter.svelte": {
                            "sha": "6e068d5f54141b35975462c14acf85b14a2592b7"
                        },
                        "form.js": {
                            "sha": "9a95c2f26df688585587b36a4c8960962c45536e"
                        }
                    }
                },
                "routes": {
                    "dirs": {
                        "todos": {
                            "dirs": {},
                            "files": {
                                "_api.js": {
                                    "sha": "5682be80da331c0955ebc9be1f9989dcc92a971e"
                                },
                                "index.js": {
                                    "sha": "92edf965415d46ff99560b421c75a52bc14b4a93"
                                },
                                "index.svelte": {
                                    "sha": "c82876b1c38716be0a00b37fcc79d010921ee451"
                                }
                            }
                        }
                    },
                    "files": {
                        "__layout.svelte": {
                            "sha": "51316ff08daf882ced7ab67b7b41559ff2885e28"
                        },
                        "about.svelte": {
                            "sha": "49648796922a8afb846c3835dc3ca37e9967eb94"
                        },
                        "index.svelte": {
                            "sha": "bbf1135cd9f55f6c6c6c808e7ebc736ef7a43f2e"
                        }
                    }
                }
            },
            "files": {
                "app.css": {
                    "sha": "77bf6af764d05b4adcf9c5eaca58d01c97164f06"
                },
                "app.html": {
                    "sha": "2f8367462108568f9a2d10b9147e2ab9ffc65e8c"
                },
                "global.d.ts": {
                    "sha": "63908c66cfd4acc4a5abbcc02180ca44c7e3787e"
                },
                "hooks.js": {
                    "sha": "4f301ada33308db1ad4723eb38ea80af2c8c4ae7"
                }
            }
        },
        "static": {
            "dirs": {},
            "files": {
                "favicon.png": {
                    "sha": "825b9e65af7c104cfb07089bb28659393b4f2097"
                },
                "robots.txt": {
                    "sha": "e9e57dc4d41b9b46e05112e9f45b7ea6ac0ba15e"
                },
                "svelte-welcome.png": {
                    "sha": "fe7d2d6b50ce937a0c3cecaa9a3501dfe138b7c8"
                },
                "svelte-welcome.webp": {
                    "sha": "6ec1a28d63b49d9288d0bc3bf3a341eb4edf3318"
                }
            }
        }
    },
    "files": {
        ".eslintignore": {
            "sha": "38972655faff07d2cc0383044bbf9f43b22c2248"
        },
        ".eslintrc.cjs": {
            "sha": "fab32bfc98bb59f303314de51442d26870600ba8"
        },
        ".gitignore": {
            "sha": "4aaba21a94154f4051aa31878e2b21a42c37b803"
        },
        ".prettierignore": {
            "sha": "38972655faff07d2cc0383044bbf9f43b22c2248"
        },
        ".prettierrc": {
            "sha": "ff2677efde552bd0f6d7daecc4a6c4429d6f8151"
        },
        "LICENSE": {
            "sha": "b46f256258d390cb74e60b13023ab2516dafb863"
        },
        "Procfile": {
            "sha": "0194076ca127ed7f04f7fc9c853973c7549b2471"
        },
        "ProcfileHoncho": {
            "sha": "27fbc09747a97487dfc1fdb895bb90b897ce414f"
        },
        "README.md": {
            "sha": "0f54f44e19862fa463393a61f328904d6a521d89"
        },
        "package-lock.json": {
            "sha": "864a534f2ea2ebc8b1adcfba5f03da9c4bc12fa5"
        },
        "package.json": {
            "sha": "9f2233c12b8f143fab71f931cbbfd851e241c53d"
        },
        "poetry.lock": {
            "sha": "fd336038811c00d3a6554214bce799e50aa048f9"
        },
        "pyproject.toml": {
            "sha": "1c3619aa1ae475ebedb772b167ba4c45839efee5"
        },
        "requirements.txt": {
            "sha": "2b48e224e8ee4f13ecf733c3b211190c9e7f8736"
        },
        "svelte.config.js": {
            "sha": "98b0038008046e1ae782afd97cb3cef849930633"
        }
    }
}