{
    "dirs": {
        ".code_quality": {
            "dirs": {},
            "files": {
                "mypy.ini": {
                    "sha": "48f045cb3bf15122262f4814f7412baf406d3588"
                },
                "ruff.toml": {
                    "sha": "cdf70057f9bef31b3f7475e6bd75de274e0fd3f4"
                }
            }
        },
        ".github": {
            "dirs": {
                "ISSUE_TEMPLATE": {
                    "dirs": {},
                    "files": {
                        "bug_report.md": {
                            "sha": "a89c5f7e4e6a051be424e57c577e0275b1eab126"
                        },
                        "feature_request.md": {
                            "sha": "96bfe1d6932cdf8c6510cbf56cc34f367a9557dc"
                        }
                    }
                },
                "workflows": {
                    "dirs": {},
                    "files": {
                        "automerge.yml": {
                            "sha": "0756cae52c4d54afda62f60bf319faa22660c769"
                        },
                        "ci.yml": {
                            "sha": "a3343b32f38bf84db5443259b5ff35d2540e9f7d"
                        },
                        "dependency-review.yml": {
                            "sha": "f6fabc21dd077f8340edab23000da01ea598c3e9"
                        },
                        "docs.yml": {
                            "sha": "82d2c6f07bd473437a5ab7885bfce18567097e65"
                        },
                        "labels.yml": {
                            "sha": "2fe8b27d68bc71f6403d09986f8e51a098d86d71"
                        },
                        "pre-commit_autoupdate.yml": {
                            "sha": "1ed5d91ce176ca634615e79675cdd7e1ab02e60e"
                        }
                    }
                }
            },
            "files": {
                "dependabot.yml": {
                    "sha": "25f24fa72d3160c7100a53642e6a8b203a7d61d7"
                },
                "labels.yml": {
                    "sha": "8429314d649565c366897bc7ac6886894bd24436"
                },
                "pull_request_template.md": {
                    "sha": "ba85f0d39ca306a4e9e44b8381bf02739920aede"
                }
            }
        },
        ".vscode": {
            "dirs": {},
            "files": {
                "extensions.json": {
                    "sha": "c4a27466a6d7d73907924869a8a72a7bcc606ef6"
                },
                "launch.json": {
                    "sha": "f00a2950228d0ea1aec3331ed7abf2d1d88fe25f"
                },
                "settings.json": {
                    "sha": "70bda36b90d71b1e15a23eeb1f79113f68ffb4f8"
                }
            }
        },
        "conf": {
            "dirs": {
                "data_extraction": {
                    "dirs": {},
                    "files": {
                        "__init__.py": {
                            "sha": "e69de29bb2d1d6434b8b29ae775ad8c2e48c5391"
                        }
                    }
                },
                "data_preparation": {
                    "dirs": {},
                    "files": {
                        "__init__.py": {
                            "sha": "e69de29bb2d1d6434b8b29ae775ad8c2e48c5391"
                        }
                    }
                },
                "data_validation": {
                    "dirs": {},
                    "files": {
                        "__init__.py": {
                            "sha": "e69de29bb2d1d6434b8b29ae775ad8c2e48c5391"
                        }
                    }
                },
                "model_evaluation": {
                    "dirs": {},
                    "files": {
                        "__init__.py": {
                            "sha": "e69de29bb2d1d6434b8b29ae775ad8c2e48c5391"
                        }
                    }
                },
                "model_serving": {
                    "dirs": {},
                    "files": {
                        "__init__.py": {
                            "sha": "e69de29bb2d1d6434b8b29ae775ad8c2e48c5391"
                        }
                    }
                },
                "model_train": {
                    "dirs": {},
                    "files": {
                        "__init__.py": {
                            "sha": "e69de29bb2d1d6434b8b29ae775ad8c2e48c5391"
                        }
                    }
                },
                "model_validation": {
                    "dirs": {},
                    "files": {
                        "__init__.py": {
                            "sha": "e69de29bb2d1d6434b8b29ae775ad8c2e48c5391"
                        }
                    }
                }
            },
            "files": {
                "__init__.py": {
                    "sha": "b40e0c7f9ce19fd05109b418c51da3674400e127"
                },
                "config.yml": {
                    "sha": "e69de29bb2d1d6434b8b29ae775ad8c2e48c5391"
                }
            }
        },
        "data": {
            "dirs": {
                "01_raw": {
                    "dirs": {},
                    "files": {
                        ".gitkeep": {
                            "sha": "e69de29bb2d1d6434b8b29ae775ad8c2e48c5391"
                        }
                    }
                },
                "02_intermediate": {
                    "dirs": {},
                    "files": {
                        ".gitkeep": {
                            "sha": "e69de29bb2d1d6434b8b29ae775ad8c2e48c5391"
                        }
                    }
                },
                "03_primary": {
                    "dirs": {},
                    "files": {
                        ".gitkeep": {
                            "sha": "e69de29bb2d1d6434b8b29ae775ad8c2e48c5391"
                        }
                    }
                },
                "04_feature": {
                    "dirs": {},
                    "files": {
                        ".gitkeep": {
                            "sha": "e69de29bb2d1d6434b8b29ae775ad8c2e48c5391"
                        }
                    }
                },
                "05_model_input": {
                    "dirs": {},
                    "files": {
                        ".gitkeep": {
                            "sha": "e69de29bb2d1d6434b8b29ae775ad8c2e48c5391"
                        }
                    }
                },
                "06_models": {
                    "dirs": {},
                    "files": {
                        ".gitkeep": {
                            "sha": "e69de29bb2d1d6434b8b29ae775ad8c2e48c5391"
                        }
                    }
                },
                "07_model_output": {
                    "dirs": {},
                    "files": {
                        ".gitkeep": {
                            "sha": "e69de29bb2d1d6434b8b29ae775ad8c2e48c5391"
                        }
                    }
                },
                "08_reporting": {
                    "dirs": {},
                    "files": {
                        ".gitkeep": {
                            "sha": "e69de29bb2d1d6434b8b29ae775ad8c2e48c5391"
                        }
                    }
                }
            },
            "files": {
                "README.md": {
                    "sha": "af0635c5f788b45f006a72f9c8eb3b09a5d1ad27"
                }
            }
        },
        "docs": {
            "dirs": {},
            "files": {
                ".gitkeep": {
                    "sha": "e69de29bb2d1d6434b8b29ae775ad8c2e48c5391"
                },
                "index.md": {
                    "sha": "612c7a5e0d17657e51018285d9850b8fa8e76174"
                }
            }
        },
        "models": {
            "dirs": {},
            "files": {
                ".gitkeep": {
                    "sha": "e69de29bb2d1d6434b8b29ae775ad8c2e48c5391"
                }
            }
        },
        "notebooks": {
            "dirs": {
                "1-data": {
                    "dirs": {},
                    "files": {
                        ".gitkeep": {
                            "sha": "e69de29bb2d1d6434b8b29ae775ad8c2e48c5391"
                        }
                    }
                },
                "2-exploration": {
                    "dirs": {},
                    "files": {
                        ".gitkeep": {
                            "sha": "e69de29bb2d1d6434b8b29ae775ad8c2e48c5391"
                        }
                    }
                },
                "3-analysis": {
                    "dirs": {},
                    "files": {
                        ".gitkeep": {
                            "sha": "e69de29bb2d1d6434b8b29ae775ad8c2e48c5391"
                        }
                    }
                },
                "4-feat_eng": {
                    "dirs": {},
                    "files": {
                        ".gitkeep": {
                            "sha": "e69de29bb2d1d6434b8b29ae775ad8c2e48c5391"
                        }
                    }
                },
                "5-models": {
                    "dirs": {},
                    "files": {
                        ".gitkeep": {
                            "sha": "e69de29bb2d1d6434b8b29ae775ad8c2e48c5391"
                        }
                    }
                },
                "6-interpretation": {
                    "dirs": {},
                    "files": {
                        ".gitkeep": {
                            "sha": "e69de29bb2d1d6434b8b29ae775ad8c2e48c5391"
                        }
                    }
                },
                "7-deploy": {
                    "dirs": {},
                    "files": {
                        ".gitkeep": {
                            "sha": "e69de29bb2d1d6434b8b29ae775ad8c2e48c5391"
                        }
                    }
                },
                "8-reports": {
                    "dirs": {},
                    "files": {
                        ".gitkeep": {
                            "sha": "e69de29bb2d1d6434b8b29ae775ad8c2e48c5391"
                        }
                    }
                }
            },
            "files": {
                ".gitkeep": {
                    "sha": "e69de29bb2d1d6434b8b29ae775ad8c2e48c5391"
                },
                "README.md": {
                    "sha": "27b91db482f77f9b67edd5b5807a3e08e20a0bc4"
                },
                "notebook_template.ipynb": {
                    "sha": "0a5dee72d2533e349db00c7da26e271425537c4c"
                }
            }
        },
        "src": {
            "dirs": {
                "libs": {
                    "dirs": {
                        "data_extraction": {
                            "dirs": {},
                            "files": {
                                "__init__.py": {
                                    "sha": "8b137891791fe96927ad78e64b0aad7bded08bdc"
                                }
                            }
                        },
                        "data_preparation": {
                            "dirs": {},
                            "files": {
                                "__init__.py": {
                                    "sha": "8b137891791fe96927ad78e64b0aad7bded08bdc"
                                }
                            }
                        },
                        "data_validation": {
                            "dirs": {},
                            "files": {
                                "__init__.py": {
                                    "sha": "e69de29bb2d1d6434b8b29ae775ad8c2e48c5391"
                                }
                            }
                        },
                        "model_evaluation": {
                            "dirs": {},
                            "files": {
                                "__init__.py": {
                                    "sha": "e69de29bb2d1d6434b8b29ae775ad8c2e48c5391"
                                }
                            }
                        },
                        "model_serving": {
                            "dirs": {},
                            "files": {
                                "__init__.py": {
                                    "sha": "8b137891791fe96927ad78e64b0aad7bded08bdc"
                                }
                            }
                        },
                        "model_training": {
                            "dirs": {},
                            "files": {
                                "__init__.py": {
                                    "sha": "e69de29bb2d1d6434b8b29ae775ad8c2e48c5391"
                                }
                            }
                        },
                        "model_validation": {
                            "dirs": {},
                            "files": {
                                "__init__.py": {
                                    "sha": "e69de29bb2d1d6434b8b29ae775ad8c2e48c5391"
                                }
                            }
                        },
                        "reports": {
                            "dirs": {},
                            "files": {
                                "__init__.py": {
                                    "sha": "e69de29bb2d1d6434b8b29ae775ad8c2e48c5391"
                                }
                            }
                        }
                    },
                    "files": {
                        "__init__.py": {
                            "sha": "eb41cf4b677a56b320b79bddf19790f4992c78b5"
                        }
                    }
                },
                "pipelines": {
                    "dirs": {
                        "data_extraction": {
                            "dirs": {},
                            "files": {
                                "__init__.py": {
                                    "sha": "e69de29bb2d1d6434b8b29ae775ad8c2e48c5391"
                                }
                            }
                        },
                        "data_preparation": {
                            "dirs": {},
                            "files": {
                                "__init__.py": {
                                    "sha": "e69de29bb2d1d6434b8b29ae775ad8c2e48c5391"
                                }
                            }
                        },
                        "data_validation": {
                            "dirs": {},
                            "files": {
                                "__init__.py": {
                                    "sha": "e69de29bb2d1d6434b8b29ae775ad8c2e48c5391"
                                }
                            }
                        },
                        "model_evaluation": {
                            "dirs": {},
                            "files": {
                                "__init__.py": {
                                    "sha": "e69de29bb2d1d6434b8b29ae775ad8c2e48c5391"
                                }
                            }
                        },
                        "model_serving": {
                            "dirs": {},
                            "files": {
                                "__init__.py": {
                                    "sha": "e69de29bb2d1d6434b8b29ae775ad8c2e48c5391"
                                }
                            }
                        },
                        "model_train": {
                            "dirs": {},
                            "files": {
                                "__init__.py": {
                                    "sha": "e69de29bb2d1d6434b8b29ae775ad8c2e48c5391"
                                }
                            }
                        },
                        "model_validation": {
                            "dirs": {},
                            "files": {
                                "__init__.py": {
                                    "sha": "e69de29bb2d1d6434b8b29ae775ad8c2e48c5391"
                                }
                            }
                        }
                    },
                    "files": {
                        "__init__.py": {
                            "sha": "e69de29bb2d1d6434b8b29ae775ad8c2e48c5391"
                        }
                    }
                }
            },
            "files": {
                "__init__.py": {
                    "sha": "eb41cf4b677a56b320b79bddf19790f4992c78b5"
                },
                "tmp_mock.py": {
                    "sha": "604b2cf12a78bd9b8089923a58c84b8168913ba0"
                }
            }
        },
        "tests": {
            "dirs": {},
            "files": {
                "__init__.py": {
                    "sha": "d09077e8040a0079b4e046384a248fca86d73c04"
                },
                "test_mock.py": {
                    "sha": "16b9ad870b86153d5f68ba7c698b1f6cf1e3f947"
                }
            }
        }
    },
    "files": {
        ".editorconfig": {
            "sha": "7938ff28a7ce49c087e188f545f9bc6964ac672e"
        },
        ".gitignore": {
            "sha": "0c06dca2db0db4a1d097c1a38fb34c9dc972486d"
        },
        ".pre-commit-config.yaml": {
            "sha": "0bfe7b1f987a1cc7c7a904d95ce02a08e8638954"
        },
        ".python-version": {
            "sha": "aa38d22fbbd6622295b11311e36052db6f7388e5"
        },
        "Makefile": {
            "sha": "c9ec1c098ff6199d8a01efd685048eafbe5b4020"
        },
        "README.md": {
            "sha": "72bf2ef9cafcdcb696b5a4f5401daf82d4adb794"
        },
        "codecov.yml": {
            "sha": "54d01dcf54895c21ceb2cedf5c7cdfceff0a2bb0"
        },
        "mkdocs.yml": {
            "sha": "d4c53fff9e8997c6766d78747ff5c79aa6a1581a"
        },
        "pyproject.toml": {
            "sha": "c6fc358dbc77a129fadb954c06036256922435fe"
        }
    }
}