{
    "dirs": {
        "docs": {
            "dirs": {
                "css": {
                    "dirs": {},
                    "files": {
                        "extra.css": {
                            "sha": "64da9ebcc2c90c118dce3585d677c63fab21e924"
                        }
                    }
                }
            },
            "files": {
                "index.md": {
                    "sha": "5dc12eca4bde8c37dd27283451e61b843a646cb8"
                }
            }
        },
        "tests": {
            "dirs": {},
            "files": {
                "__init__.py": {
                    "sha": "e69de29bb2d1d6434b8b29ae775ad8c2e48c5391"
                },
                "conftest.py": {
                    "sha": "31142eaf93d4dd5a96f0f691eda3fe75fe8d2abf"
                },
                "models.py": {
                    "sha": "e69de29bb2d1d6434b8b29ae775ad8c2e48c5391"
                }
            }
        },
        "{{ cookiecutter.app_name }}": {
            "dirs": {},
            "files": {
                "__init__.py": {
                    "sha": "704b50329c4c3f3710136a6baa82e8e3fa4a9ad4"
                }
            }
        }
    },
    "files": {
        ".gitignore": {
            "sha": "ae73f8379da88b6686722ff3c0c5a5484e868a70"
        },
        ".travis.yml": {
            "sha": "75b2e283db97604158427e6c1d82c2f6fac31837"
        },
        "LICENSE": {
            "sha": "2b7aa5cf02db7e4de53f511dc8b31213888748ef"
        },
        "MANIFEST.in": {
            "sha": "08f59164cd36cdd8f6e52b0a01da89ae568a554e"
        },
        "README.rst": {
            "sha": "677950c142eacd26aa8f40dabf8211165b2582db"
        },
        "mkdocs.yml": {
            "sha": "d68c869b184c5bb5c87399f9f0f4d083f5e7982e"
        },
        "requirements.txt": {
            "sha": "96f0a232d14bff40fcd85438aaf7842ffe246ae7"
        },
        "runtests.py": {
            "sha": "e97a7dd93cf3781ae57aa66dcd4819d8e4daa4b7"
        },
        "setup.cfg": {
            "sha": "5e4090017a9bec5de60a745d17007a9e95f31a43"
        },
        "setup.py": {
            "sha": "7f7758fe5ffd2dc691c70397f25a915dd138579b"
        },
        "tox.ini": {
            "sha": "b8056b8fa7200239da0271517f0ff6da5971ad77"
        }
    }
}