{
    "dirs": {
        ".github": {
            "dirs": {
                "workflows": {
                    "dirs": {},
                    "files": {
                        "build.yml": {
                            "sha": "dfab4e3746f471eda4546456a78ba89111e54416"
                        }
                    }
                }
            },
            "files": {}
        },
        "css": {
            "dirs": {},
            "files": {
                "widget.css": {
                    "sha": "f7abb3f640f35004478d872c1d4404acf686af4f"
                }
            }
        },
        "docs": {
            "dirs": {
                "source": {
                    "dirs": {
                        "_static": {
                            "dirs": {},
                            "files": {
                                "helper.js": {
                                    "sha": "cb2e2a819f59dba528c5830c315b3f617d62a429"
                                }
                            }
                        },
                        "examples": {
                            "dirs": {},
                            "files": {
                                "index.rst": {
                                    "sha": "57bad7f446076d7079d5fe95aa37141e5c6c9572"
                                },
                                "introduction.nblink": {
                                    "sha": "258bb0f010ea5a1338ec4f11679f645f9fa7ccf3"
                                }
                            }
                        }
                    },
                    "files": {
                        "conf.py": {
                            "sha": "bc89b6b3008c0af1cc8f2593fe20daefd985806f"
                        },
                        "develop-install.rst": {
                            "sha": "055f81d9475c1e4cbc68b6d9a254c50322003ad4"
                        },
                        "index.rst": {
                            "sha": "f387dfb65f7e7735c9a24df8f675199314692f5b"
                        },
                        "installing.rst": {
                            "sha": "117e4200973ce41d2c77b2470e864391572b8c3c"
                        },
                        "introduction.rst": {
                            "sha": "ad0edd44f2396d7e34696000ad052789ef187536"
                        }
                    }
                }
            },
            "files": {
                "Makefile": {
                    "sha": "1b17232248ca01a33ed4982b4d7bfdcbe1bff265"
                },
                "environment.yml": {
                    "sha": "50f1850c4c097e1b93fb8b528bbcb30a1df46089"
                },
                "make.bat": {
                    "sha": "642b3e94e7df278cf362cc9403e59f965740f0a0"
                }
            }
        },
        "examples": {
            "dirs": {},
            "files": {
                "introduction.ipynb": {
                    "sha": "bdd07530cf93f750836eb1dd5b0d469844843cc9"
                }
            }
        },
        "src": {
            "dirs": {
                "__tests__": {
                    "dirs": {},
                    "files": {
                        "index.spec.ts": {
                            "sha": "407f930b95378b4b1b4486f2243584823f19baea"
                        },
                        "utils.ts": {
                            "sha": "0a61d63e9d96349df9cd0aad87657d001b8130db"
                        }
                    }
                }
            },
            "files": {
                "extension.ts": {
                    "sha": "99263fd74a31c3a626c2faf6a9328f7f4c88e94e"
                },
                "index.ts": {
                    "sha": "291e7a1d9cd81949021bd979fa5838c593c4983d"
                },
                "plugin.ts": {
                    "sha": "e0f45f1a8260d0c21e70c520381786ce4c251a9d"
                },
                "version.ts": {
                    "sha": "a7b969a847cbc9a23d2aa6d842c848097355031c"
                },
                "widget.ts": {
                    "sha": "a13a818d029cae99323f4b28cf406c9cbb4c9076"
                }
            }
        },
        "{{cookiecutter.python_package_name}}": {
            "dirs": {
                "nbextension": {
                    "dirs": {},
                    "files": {
                        "extension.js": {
                            "sha": "4ef836a4933c4be0298a31e5806bdefffbd11073"
                        }
                    }
                },
                "tests": {
                    "dirs": {},
                    "files": {
                        "__init__.py": {
                            "sha": "e69de29bb2d1d6434b8b29ae775ad8c2e48c5391"
                        },
                        "conftest.py": {
                            "sha": "6b46f441939bd251f0f5f7131eb7bcbf2a214cd3"
                        },
                        "test_example.py": {
                            "sha": "0ff8adae6f90807f5af586f052dfaefc496fe6e4"
                        },
                        "test_nbextension_path.py": {
                            "sha": "463ac5f589908d35ed1d418a64c47d11e32208d9"
                        }
                    }
                }
            },
            "files": {
                "__init__.py": {
                    "sha": "5e5ef7ab2766a727648a8933abc7f11ab8fc5505"
                },
                "_frontend.py": {
                    "sha": "47f876f5a5782195aacaf10c9f0fe05c4dca7736"
                },
                "_version.py": {
                    "sha": "e0067b07e8ee27c696960c28b5910ab516f6c08e"
                },
                "example.py": {
                    "sha": "77b7fb7aad02a7c5a2bc96e57a6f7dc11c7346e9"
                }
            }
        }
    },
    "files": {
        ".coveragerc": {
            "sha": "5717f09f80cedf540c776e02ed3335399c060a4c"
        },
        ".eslintignore": {
            "sha": "e8a22210a7040e22d37f6d59120f02429caa160f"
        },
        ".eslintrc.js": {
            "sha": "9fb27ea5baaf7d463e1fb93d746c4df3bae5e242"
        },
        ".gitignore": {
            "sha": "e42d0e9b6ec43a8e0e1d1c728347aee3fcad4fc4"
        },
        ".npmignore": {
            "sha": "f8ec1d1968b229acc328340b8cd336c5175111ee"
        },
        ".prettierignore": {
            "sha": "b56605bbdcdfdbe78e9b6c9e176ff3b0e38fd6ca"
        },
        ".prettierrc": {
            "sha": "dc2fb828f0393319525502ac55683e3564b69e24"
        },
        ".yarnrc.yml": {
            "sha": "3186f3f0795ab612d5508593672dc9ad94bccca0"
        },
        "LICENSE.txt": {
            "sha": "01c9ef8b03711158a2dd792c5fae3d757b052356"
        },
        "MANIFEST.in": {
            "sha": "74aef4090c6b4009340ca23c4aff0a3dbdcbde99"
        },
        "README.md": {
            "sha": "4327a4ce0e150733f314e18b97119e45a65821aa"
        },
        "babel.config.js": {
            "sha": "bbc789a7f2418e428e287485c14a4ee3fbc59288"
        },
        "codecov.yml": {
            "sha": "4cca83f87bda08a92a189e267f4521ef12026d97"
        },
        "install.json": {
            "sha": "453fe0e9729154436eabbaf3d1eb5888bfe5136e"
        },
        "jest.config.js": {
            "sha": "79453a3aecfcd81be6ad883b331fcf34e339269d"
        },
        "package.json": {
            "sha": "dbe7a7ecfb31455b11468450fab162cfccc63991"
        },
        "pyproject.toml": {
            "sha": "c49191af3e3fb277d239aed1fe7ee32ed69a57e7"
        },
        "pytest.ini": {
            "sha": "573d762fe80ecd16d1a689f478174843b2fabc34"
        },
        "readthedocs.yml": {
            "sha": "c972d9ccf24afee0885a5bfb0ace67ebfdec6cda"
        },
        "setup.py": {
            "sha": "b6c6681352a49de4916a24cbc39035c6d9b15ed7"
        },
        "tsconfig.eslint.json": {
            "sha": "737e3e680aae1ed3fc77d762142bcc975bcb6c61"
        },
        "tsconfig.json": {
            "sha": "f143a554e80d39a59fb6e105a7765d6844f21c4a"
        },
        "webpack.config.js": {
            "sha": "6e142e86195cc532dd952d41463b67d15719fc6f"
        },
        "{{cookiecutter.python_package_name}}.json": {
            "sha": "520ec23a717f60ccf241a45b5e396b04742662f5"
        }
    }
}