{
    "dirs": {
        ".github": {
            "dirs": {
                "workflows": {
                    "dirs": {},
                    "files": {
                        "build.yml": {
                            "sha": "82df3fb162feb7e74052d1e10fbc83d8f51f2c2f"
                        }
                    }
                }
            },
            "files": {}
        },
        "binder": {
            "dirs": {},
            "files": {
                "environment.yml": {
                    "sha": "114a3cef9cf53781ff6774eb589a0e12e9e3219e"
                },
                "postBuild": {
                    "sha": "39cdaffcac04801776af057baa87afcb490923f9"
                }
            }
        },
        "lib": {
            "dirs": {},
            "files": {
                "index.js": {
                    "sha": "99305833f27f1eba67a6299f583b992ca08d07ac"
                }
            }
        },
        "style": {
            "dirs": {},
            "files": {
                "base.css": {
                    "sha": "e69de29bb2d1d6434b8b29ae775ad8c2e48c5391"
                },
                "index.css": {
                    "sha": "8a7ea29e69487a93c256fee6e15adfd533a53280"
                },
                "index.js": {
                    "sha": "a028a76408bf46181259249b2e15e14a9bbdf7f1"
                }
            }
        },
        "{{cookiecutter.python_name}}": {
            "dirs": {},
            "files": {
                "__init__.py": {
                    "sha": "e8c52f0962a007d5a610cace15d09322085df6b9"
                },
                "_version.py": {
                    "sha": "f38884b6476719df6f061b8f5fe337a2e0b32cd9"
                }
            }
        }
    },
    "files": {
        ".gitignore": {
            "sha": "20d79d758be13f36628cd3c0ab5d424fd4addb92"
        },
        "LICENSE": {
            "sha": "47fed69bce9568ed73ee23d51e0ca676c515db58"
        },
        "MANIFEST.in": {
            "sha": "fca4ab9c07696ec7069d7b6ef5ce3b55bb3a0c00"
        },
        "README.md": {
            "sha": "d7197569cf2e6d74491550657a23ca843a9ae50c"
        },
        "install.json": {
            "sha": "df7b7f493e24f21a31d69c3bd25343e128241b00"
        },
        "package.json": {
            "sha": "625c7dd85f4d6b82f0cbeb85271d9579aafb5f79"
        },
        "pyproject.toml": {
            "sha": "f504c1f0f29033eabe8b663b077ed7f8a8da329e"
        },
        "setup.py": {
            "sha": "b6c6681352a49de4916a24cbc39035c6d9b15ed7"
        }
    }
}