{
    "dirs": {
        ".github": {
            "dirs": {
                "workflows": {
                    "dirs": {},
                    "files": {
                        "build.yml": {
                            "sha": "4c4327f2d823794ac341626d96f8fe54a92d4758"
                        },
                        "check-release.yml": {
                            "sha": "245c5cc71895745e24f2ed89f397a6db86ac3feb"
                        },
                        "enforce-labels.yml": {
                            "sha": "354a0468d70855b26a509ec4cc7e4957bcea634a"
                        },
                        "tests.yml": {
                            "sha": "c1d6fec159474d60fd21db36264484f961329a7d"
                        },
                        "ui-tests.yml": {
                            "sha": "263e488dc443c3c8e1252fdaeeae6882d051f40b"
                        },
                        "update_galata_references.yml": {
                            "sha": "6ab4cce31d410ea3deb4327f9365f51829c51aac"
                        }
                    }
                }
            },
            "files": {}
        },
        "src": {
            "dirs": {
                "app": {
                    "dirs": {},
                    "files": {
                        "app.ts": {
                            "sha": "d854b798e2a644b212059b85f906a68e5aa55e79"
                        },
                        "shell.ts": {
                            "sha": "796e6044b38c7af4d089212a1265c63904eaf625"
                        }
                    }
                },
                "plugins": {
                    "dirs": {
                        "example": {
                            "dirs": {},
                            "files": {
                                "index.ts": {
                                    "sha": "ce6cf133cd7b674c5929cf6a1de9a73778e3b4a2"
                                }
                            }
                        },
                        "paths": {
                            "dirs": {},
                            "files": {
                                "index.ts": {
                                    "sha": "cbfe45971617794e41ca73b0621cda61f39edb88"
                                }
                            }
                        },
                        "top": {
                            "dirs": {},
                            "files": {
                                "help.ts": {
                                    "sha": "ac6b4a62238fcc410971210885f5ae298cef9c3c"
                                },
                                "index.tsx": {
                                    "sha": "c5d321870f693407956c6d3c999cd11c91fd93c4"
                                },
                                "menu.ts": {
                                    "sha": "aceb4b9dbd955a9526a8e2e0a6fc2fe583985379"
                                },
                                "tokens.ts": {
                                    "sha": "9a70bfb3b78846613b3c6796e84494200d0c5c29"
                                }
                            }
                        }
                    },
                    "files": {}
                },
                "tests": {
                    "dirs": {
                        "app": {
                            "dirs": {},
                            "files": {
                                "app.spec.ts": {
                                    "sha": "cfee10a9e9f67268fd639305a3987a97288fca43"
                                }
                            }
                        }
                    },
                    "files": {}
                }
            },
            "files": {
                "index.ts": {
                    "sha": "d24480e0b645513617c6d9079e14e966e997b7c4"
                },
                "svg.d.ts": {
                    "sha": "9348424371fbfb6442044950595b405e9434b4af"
                }
            }
        },
        "style": {
            "dirs": {},
            "files": {
                "base.css": {
                    "sha": "6477a0e47a3006fff7ac8f7bbd2dbb1da1a0c964"
                },
                "index.css": {
                    "sha": "53e924436362210960e72bcce72b697b15cd3441"
                }
            }
        },
        "ui-tests": {
            "dirs": {
                "tests": {
                    "dirs": {
                        "app.test.ts-snapshots": {
                            "dirs": {},
                            "files": {
                                "render-linux.png": {
                                    "sha": "08a0da6085da00b19e923f26d62b7e95a4fa0cbc"
                                }
                            }
                        }
                    },
                    "files": {
                        "app.test.ts": {
                            "sha": "0f126edaf185cc26e8cf6df623ba97831e423b46"
                        }
                    }
                }
            },
            "files": {
                "jupyter_server_config.py": {
                    "sha": "6a2e369b443c1348239e00e5add391fa701cf6ed"
                },
                "package.json": {
                    "sha": "e1ca3ec315438789ab0a9c0c5703512dbd6f7bd4"
                },
                "playwright.config.js": {
                    "sha": "5107f7ecb4b88658a081c1f41cfd30783b6bc7f9"
                },
                "yarn.lock": {
                    "sha": "d74043a3a9fa894f2811ad6bd6aef79ca4c1f29f"
                }
            }
        },
        "{{cookiecutter.python_package_name}}": {
            "dirs": {
                "templates": {
                    "dirs": {},
                    "files": {
                        "error.html": {
                            "sha": "895abe802849b95e4c0b3dbafd9c4a392673ed16"
                        },
                        "index.html": {
                            "sha": "ed2bdc70820d8a5da44ed2e029c240eb4657b41b"
                        }
                    }
                },
                "tests": {
                    "dirs": {},
                    "files": {
                        "conftest.py": {
                            "sha": "af61491110674584eadae938617735fc485a53ac"
                        },
                        "test_example.py": {
                            "sha": "ff4b1e82b1736a253b02facb4e2a1bd62c05bfa4"
                        }
                    }
                }
            },
            "files": {
                "__init__.py": {
                    "sha": "48e79e25cf659c180fc793f443b89003a035df76"
                },
                "_version.py": {
                    "sha": "f266bb4094cdfb2546899348df3d3928d010a161"
                }
            }
        }
    },
    "files": {
        ".eslintignore": {
            "sha": "8bd31f70becca8943fd0d024278c794b7529f386"
        },
        ".eslintrc.js": {
            "sha": "0ab6d69a1f4617ffa463367e4e2bf34fccce5f52"
        },
        ".gitignore": {
            "sha": "f4fb4eb02b3fe2b1bf9e97a4f66c35da756413e2"
        },
        ".prettierignore": {
            "sha": "d422cf21b76d57b49283825649f3fa4058f1bc06"
        },
        ".prettierrc": {
            "sha": "92cde390acffd172f20258bb02c1840a4a9d0d13"
        },
        "CHANGELOG.md": {
            "sha": "b424c88d41bd42d6245e282f7354d14e78222176"
        },
        "LICENSE": {
            "sha": "22122e1095bf4f2547d27d2f1aae49f0df4e1906"
        },
        "MANIFEST.in": {
            "sha": "b93109c3e44a29691057aa7b49f3f7bbd6e9f142"
        },
        "README.md": {
            "sha": "8eaf52c272740968f03e92689a44c4ef351d8bf2"
        },
        "babel.config.js": {
            "sha": "8b5c76420c6070a63b2beaaa99d96ed45aa3d30e"
        },
        "conftest.py": {
            "sha": "e073bcf87fc162b76e9ae458485a83fa5ab7102b"
        },
        "jest.config.js": {
            "sha": "4fc9afaa4aee5436924d9efe922e8880a30b1091"
        },
        "package.json": {
            "sha": "dbe6fb77bd204aa331e4fee9f773e70bf21e59a9"
        },
        "pyproject.toml": {
            "sha": "ccd744e3e20b5784532fbfe34a07f19b9f596558"
        },
        "setup.cfg": {
            "sha": "629c98aa00dc247401e35dcac6f2f9819aea320e"
        },
        "setup.py": {
            "sha": "a4e182c364be7c2acd7f9f6fd27c8d8a8091b2a3"
        },
        "tsconfig.eslint.json": {
            "sha": "83928cd5c30f14e150ef743f4437297246ede3e5"
        },
        "tsconfig.json": {
            "sha": "46678ea3ddd079a148e55ee927cce987e3494b9c"
        },
        "webpack.config.js": {
            "sha": "f00aeb79a46ee5021f3d3c0feea58d26aaf6fd6d"
        },
        "yarn.lock": {
            "sha": "7b4b2e3dbcc20afabe388b60ab2fc24425006ddf"
        }
    }
}