{
    "dirs": {
        "js": {
            "dirs": {
                "lib": {
                    "dirs": {},
                    "files": {
                        "example.js": {
                            "sha": "7ad25c814ea68ecb4b50179a7987ea2a8d2f4941"
                        },
                        "extension.js": {
                            "sha": "05a57a1cbcc0ac8b3eb1024c0ffc08fa58b3e1c0"
                        },
                        "index.js": {
                            "sha": "c57ad2329a48505fcce814018386062431c5971d"
                        },
                        "labplugin.js": {
                            "sha": "0255697d758c98affe9141059d4dcaf7e197e94d"
                        }
                    }
                }
            },
            "files": {
                "README.md": {
                    "sha": "8329f74cbd79813ad1c73e0705da5f920399df7b"
                },
                "amd-public-path.js": {
                    "sha": "fd6b3b88a9895b803d9bcf0f8aa4705aa09ebe2d"
                },
                "package.json": {
                    "sha": "ced3c7815fe502dfb03187088876e91650f84573"
                },
                "webpack.config.js": {
                    "sha": "63f47160041a390604ab64ae8a0c9d6599c58a26"
                }
            }
        },
        "{{cookiecutter.python_package_name}}": {
            "dirs": {},
            "files": {
                "__init__.py": {
                    "sha": "3fb761ba051cbae6cfff8c86b912462795395fee"
                },
                "_version.py": {
                    "sha": "06334a7cadd199a5fd7620d52243015f84ad5deb"
                },
                "example.py": {
                    "sha": "d60028fb79c1ea8c5bf73c1087cbd11cd67dc96b"
                }
            }
        }
    },
    "files": {
        ".gitignore": {
            "sha": "ad6788175ab4d45b5b166301d2bdd1a67852c80b"
        },
        "MANIFEST.in": {
            "sha": "e802448889ca131348676eee69b11257677d5c40"
        },
        "README.md": {
            "sha": "415feba5b3dc65581e8a48bcdfce822fb050960d"
        },
        "RELEASE.md": {
            "sha": "497b7b14e93361cc7b7c1831b6d538baa37e367f"
        },
        "install.json": {
            "sha": "f337acb53fe934fdd3776937846ad3384ccdc8c0"
        },
        "pyproject.toml": {
            "sha": "ba04c53f810ee6ed15bfc595fb34479321396ae4"
        },
        "setup.cfg": {
            "sha": "b4714bbf98e64c4a761040a84361c45899e7b1f6"
        },
        "setup.py": {
            "sha": "161da9429ec74dfa2267c29d99c9cf7be6f8ddb6"
        },
        "{{cookiecutter.npm_package_name}}.json": {
            "sha": "9860fb6e0256dfdcf24dc57e279d227f509112b1"
        }
    }
}