{
    "dirs": {
        ".github": {
            "dirs": {
                "workflows": {
                    "dirs": {},
                    "files": {
                        "test_and_release.yml": {
                            "sha": "ba7cdbcc560f33820bda4f3dddc1bccf9a57b78a"
                        }
                    }
                }
            },
            "files": {}
        },
        "bundles": {
            "dirs": {
                "desktop": {
                    "dirs": {},
                    "files": {
                        "README.md": {
                            "sha": "53cb5bb2c51c7ec201bbe31a8842798a2e5fa62f"
                        },
                        "create_exe.bat": {
                            "sha": "58ba777b5c829bb06dc0dfaf9a03a60fd5702158"
                        },
                        "create_linux.sh": {
                            "sha": "fa6853d959be29f82bed0546770c3959ef5f25b3"
                        },
                        "create_mac.sh": {
                            "sha": "4fbd897b22b451d80c6bf4aaa35067ff2e67d4d5"
                        },
                        "requirements.txt": {
                            "sha": "bdeb3bc7e91d2d67dea6abb645730a722363f439"
                        },
                        "run.py": {
                            "sha": "9037d86713431845940248d20bb8922e020fcb1e"
                        }
                    }
                },
                "docker": {
                    "dirs": {
                        "scripts": {
                            "dirs": {},
                            "files": {
                                "build_image.sh": {
                                    "sha": "04fefd50e2e320e43bb96f65f2a4d0494939f920"
                                },
                                "build_server.sh": {
                                    "sha": "1954fcb77389ea1b3e6342528b8033022e58a383"
                                },
                                "run_image.sh": {
                                    "sha": "e9d9edecd4f5a039616a2c2e10176c973cc8a70e"
                                },
                                "run_server.sh": {
                                    "sha": "01095c8e0276004734a756a23831b7e9d0ae381b"
                                }
                            }
                        },
                        "setup": {
                            "dirs": {},
                            "files": {
                                "apps.yml": {
                                    "sha": "33ec49ba3d54e73d540f102bc6394112679d6cb3"
                                },
                                "initialize.sh": {
                                    "sha": "bbb824a055222e8de120f2cef22652af81ca0660"
                                },
                                "requirements.txt": {
                                    "sha": "fb027bf76ec2d588416751b9e7f2d6c49466bfca"
                                }
                            }
                        }
                    },
                    "files": {
                        "DEPLOY.md": {
                            "sha": "76d195a094bb41b9b73aea48d18835f4b6b88d27"
                        },
                        "Dockerfile": {
                            "sha": "b68e89a6ea6a8e5242b7781656a3ca413f4ba524"
                        },
                        "README.md": {
                            "sha": "7a9a2a781facb0f6c13b643e9224eebd5323c89b"
                        },
                        "captain-definition": {
                            "sha": "0e14f8239afebd023255144242e4254991dec0fb"
                        }
                    }
                }
            },
            "files": {}
        },
        "examples": {
            "dirs": {
                "jupyter": {
                    "dirs": {},
                    "files": {
                        "show.ipynb": {
                            "sha": "f5867e115643643db388937f846ac48ec7875355"
                        }
                    }
                }
            },
            "files": {}
        },
        "src": {
            "dirs": {
                "trame": {
                    "dirs": {
                        "modules": {
                            "dirs": {},
                            "files": {
                                "__init__.py": {
                                    "sha": "8db66d3d0f0f25d802c0ad5de1a019cce94d3d47"
                                },
                                "{{cookiecutter.import_name}}.py": {
                                    "sha": "97d48904b35bc889f704c6fcad06a2ee2182c6e2"
                                }
                            }
                        },
                        "widgets": {
                            "dirs": {},
                            "files": {
                                "__init__.py": {
                                    "sha": "8db66d3d0f0f25d802c0ad5de1a019cce94d3d47"
                                },
                                "{{cookiecutter.import_name}}.py": {
                                    "sha": "655cf0b1c6607c1dc747397134b8ddb45247cadd"
                                }
                            }
                        }
                    },
                    "files": {
                        "__init__.py": {
                            "sha": "8db66d3d0f0f25d802c0ad5de1a019cce94d3d47"
                        }
                    }
                },
                "{{cookiecutter.import_name}}": {
                    "dirs": {
                        "app": {
                            "dirs": {},
                            "files": {
                                "__init__.py": {
                                    "sha": "2779e152ee33d75c63a76398fb972b5f7ef72209"
                                },
                                "core.py": {
                                    "sha": "2a7beba40b535ec2bd3c2b0fec4efbbe798660f6"
                                },
                                "main.py": {
                                    "sha": "35bd0a18522a413994a59f8d99eec016314d3294"
                                }
                            }
                        },
                        "module": {
                            "dirs": {},
                            "files": {
                                ".gitignore": {
                                    "sha": "f10663958290a961b72edaec26e005dcbe89368c"
                                },
                                "__init__.py": {
                                    "sha": "0279b5cccbf639c0b8a96a06ab8d7e193060988b"
                                }
                            }
                        },
                        "widgets": {
                            "dirs": {},
                            "files": {
                                "__init__.py": {
                                    "sha": "e69de29bb2d1d6434b8b29ae775ad8c2e48c5391"
                                },
                                "{{cookiecutter.import_name}}.py": {
                                    "sha": "66e03a80df4c4a55c84528a81dc097801cf148b0"
                                }
                            }
                        }
                    },
                    "files": {
                        "__init__.py": {
                            "sha": "5becc17c04a9e3ad1c2a15f53252b7bb5a7517e7"
                        }
                    }
                }
            },
            "files": {}
        },
        "tests": {
            "dirs": {},
            "files": {
                "requirements.txt": {
                    "sha": "e079f8a6038dd2dc8512967540f96ee0de172067"
                },
                "test_import.py": {
                    "sha": "956a6c963f104f6c92c92bd12cb67de3fc435a4d"
                }
            }
        },
        "vue-components": {
            "dirs": {
                "src": {
                    "dirs": {
                        "components": {
                            "dirs": {},
                            "files": {
                                "CustomWidget.js": {
                                    "sha": "4addf26f2de71cd5668136312dbb4001ae0e4f1a"
                                },
                                "index.js": {
                                    "sha": "7cc9b3fec90d50297c847875aeb9288c2412cab1"
                                }
                            }
                        }
                    },
                    "files": {
                        "main.js": {
                            "sha": "55d953f76b025ef6ee961d83700029bc2ca630ff"
                        }
                    }
                }
            },
            "files": {
                ".editorconfig": {
                    "sha": "9d08a1a828a3bd2d60de3952744df29f9add27fa"
                },
                ".eslintrc.cjs": {
                    "sha": "dba6d34e8e35b09fe9c1f435c5609a4d477fdabe"
                },
                ".gitignore": {
                    "sha": "64debff07918da78852ccb7aace918b2d3f483ec"
                },
                ".prettierrc.json": {
                    "sha": "9e26dfeeb6e641a33dae4961196235bdb965b21b"
                },
                "package.json": {
                    "sha": "05fafa64f10fc538ad964602576fd5e8a88f1257"
                },
                "vite.config.js": {
                    "sha": "b356f6b7e0d38de3faf735649c18ffdb7757887d"
                }
            }
        }
    },
    "files": {
        ".codespellrc": {
            "sha": "189f46d2afea47741e7cb5351426cbdb0f96ada3"
        },
        ".gitignore": {
            "sha": "ecc30468c76d38bfb6ef4efa67d8592922e4b3ff"
        },
        ".pre-commit-config.yaml": {
            "sha": "2efb2ecb66dcb7bce7b37a6fb5683d18c54bfead"
        },
        ".prettierignore": {
            "sha": "1b763b1bae0d0061ad60e8847714df98e68f7eac"
        },
        "CONTRIBUTING.rst": {
            "sha": "fc810b95b787ef134cedb12d84ee9229318992b8"
        },
        "LICENSE": {
            "sha": "c031ee7780d32e19d649b725affb5a452a90794d"
        },
        "MANIFEST.in": {
            "sha": "695772db01cff2e9a3ba427f731a6ca78f6e93a6"
        },
        "README.rst": {
            "sha": "314d172f91a8f4b3ef7b5f4344ae5f97e44dfbba"
        },
        "noxfile.py": {
            "sha": "7a106e2468922b092ac0caa6e86bb875e9f24757"
        },
        "pyproject.toml": {
            "sha": "04eb2e8b2e7d26675713890319bff73d31648713"
        }
    }
}