{
    "dirs": {
        "tests": {
            "dirs": {},
            "files": {
                "__init__.py": {
                    "sha": "764e77778974846cb7af03d5d78e352d877f77fd"
                },
                "conftest.py": {
                    "sha": "4ef4bc715c350f62654739c4857f34f59e1a5188"
                },
                "test_functional_web.py": {
                    "sha": "f98883268e7d48b3d9e94cefd9bfdb404b4c0b17"
                },
                "test_logic.py": {
                    "sha": "b7318a4f228a68e61753703c9b448b16c72161c1"
                }
            }
        },
        "{{cookiecutter.package}}": {
            "dirs": {
                "static": {
                    "dirs": {
                        "css": {
                            "dirs": {},
                            "files": {
                                "style.css": {
                                    "sha": "e69de29bb2d1d6434b8b29ae775ad8c2e48c5391"
                                }
                            }
                        },
                        "img": {
                            "dirs": {},
                            "files": {
                                "Thumbs.db": {
                                    "sha": "ce1c7a02efd069202312efef3b4c8d7b256df013"
                                },
                                "favicon-152.png": {
                                    "sha": "900bcc65af210d52748d42f9165f6b67f19e0def"
                                },
                                "favicon-32.png": {
                                    "sha": "d19b61ecb7e303f1bdf475d0448a99e079f34052"
                                },
                                "favicon-64.png": {
                                    "sha": "bf6e9fc18615222a33be31f0565baef138b568c6"
                                }
                            }
                        },
                        "js": {
                            "dirs": {},
                            "files": {
                                "plugins.js": {
                                    "sha": "e69de29bb2d1d6434b8b29ae775ad8c2e48c5391"
                                },
                                "script.js": {
                                    "sha": "e69de29bb2d1d6434b8b29ae775ad8c2e48c5391"
                                }
                            }
                        },
                        "libs": {
                            "dirs": {
                                "bootstrap": {
                                    "dirs": {
                                        "dist": {
                                            "dirs": {
                                                "css": {
                                                    "dirs": {},
                                                    "files": {
                                                        "bootstrap-theme.css": {
                                                            "sha": "b0fdfcbf9bfa064592dd7b2e3910315ccf58fba7"
                                                        },
                                                        "bootstrap-theme.css.map": {
                                                            "sha": "5a12d631732892b7f236fdda9acbd21edfa0c19a"
                                                        },
                                                        "bootstrap-theme.min.css": {
                                                            "sha": "cefa3d1ae367429a366230ca2c4c995616bb0790"
                                                        },
                                                        "bootstrap.css": {
                                                            "sha": "fb15e3d69c352f7e0a7fc4c20fb9d16721a05171"
                                                        },
                                                        "bootstrap.css.map": {
                                                            "sha": "2fd84f36ebefeecb6ebd7780cbccf9b69b95add2"
                                                        },
                                                        "bootstrap.min.css": {
                                                            "sha": "cd1c616ad862823506143fda108e7caa2a58d1ed"
                                                        }
                                                    }
                                                },
                                                "fonts": {
                                                    "dirs": {},
                                                    "files": {
                                                        "glyphicons-halflings-regular.eot": {
                                                            "sha": "b93a4953fff68df523aa7656497ee339d6026d64"
                                                        },
                                                        "glyphicons-halflings-regular.svg": {
                                                            "sha": "94fb5490a2ed10b2c69a4a567a4fd2e4f706d841"
                                                        },
                                                        "glyphicons-halflings-regular.ttf": {
                                                            "sha": "1413fc609ab6f21774de0cb7e01360095584f65b"
                                                        },
                                                        "glyphicons-halflings-regular.woff": {
                                                            "sha": "9e612858f802245ddcbf59788a0db942224bab35"
                                                        },
                                                        "glyphicons-halflings-regular.woff2": {
                                                            "sha": "64539b54c3751a6d9adb44c8e3a45ba5a73b77f0"
                                                        }
                                                    }
                                                },
                                                "js": {
                                                    "dirs": {},
                                                    "files": {
                                                        "bootstrap.js": {
                                                            "sha": "1c88b71e8bf09ce03fa34d123ac55bf727cc3c55"
                                                        },
                                                        "bootstrap.min.js": {
                                                            "sha": "c8f82e592a181afd01014546f58218e213429f6c"
                                                        },
                                                        "npm.js": {
                                                            "sha": "bf6aa80602d9303b61e8d5e63c10568e55b6a4d8"
                                                        }
                                                    }
                                                }
                                            },
                                            "files": {}
                                        },
                                        "fonts": {
                                            "dirs": {},
                                            "files": {
                                                "glyphicons-halflings-regular.eot": {
                                                    "sha": "b93a4953fff68df523aa7656497ee339d6026d64"
                                                },
                                                "glyphicons-halflings-regular.svg": {
                                                    "sha": "94fb5490a2ed10b2c69a4a567a4fd2e4f706d841"
                                                },
                                                "glyphicons-halflings-regular.ttf": {
                                                    "sha": "1413fc609ab6f21774de0cb7e01360095584f65b"
                                                },
                                                "glyphicons-halflings-regular.woff": {
                                                    "sha": "9e612858f802245ddcbf59788a0db942224bab35"
                                                },
                                                "glyphicons-halflings-regular.woff2": {
                                                    "sha": "64539b54c3751a6d9adb44c8e3a45ba5a73b77f0"
                                                }
                                            }
                                        },
                                        "grunt": {
                                            "dirs": {},
                                            "files": {
                                                ".jshintrc": {
                                                    "sha": "0ea0495e9ac1a9cb1c0c770cb196fdad32a1422a"
                                                },
                                                "bs-commonjs-generator.js": {
                                                    "sha": "b0642cd8f131f919e68b92fd6fc0da0c2324a054"
                                                },
                                                "bs-glyphicons-data-generator.js": {
                                                    "sha": "339fd0ffed8ef501fed0cdb6ee1fc2879e09364f"
                                                },
                                                "bs-lessdoc-parser.js": {
                                                    "sha": "d6be77452376d370618b7a8ae5b59ed4dc626652"
                                                },
                                                "bs-raw-files-generator.js": {
                                                    "sha": "ec8c5314e7648abcb383e05f5a99400055c46f4d"
                                                },
                                                "configBridge.json": {
                                                    "sha": "b7080b0c29cc3c2cdd9557a2b5e536f7e6c0e034"
                                                },
                                                "sauce_browsers.yml": {
                                                    "sha": "e48a6f5ba668c297246cfdc25cc8b1111a42e608"
                                                }
                                            }
                                        },
                                        "js": {
                                            "dirs": {},
                                            "files": {
                                                ".jscsrc": {
                                                    "sha": "982676e15feb63ec941c2a85791ff7db404343e7"
                                                },
                                                ".jshintrc": {
                                                    "sha": "a59e1d00a1136c3e14693ea08af584c601aa5bc0"
                                                },
                                                "affix.js": {
                                                    "sha": "98197642aa27b9f465d3a9124b91ef3cba2956f4"
                                                },
                                                "alert.js": {
                                                    "sha": "1925ef011c1038d3b39fe49c6ed0d89478ced726"
                                                },
                                                "button.js": {
                                                    "sha": "7c7c021f95853d5cdd7d3e8ca16c8216cb0cd500"
                                                },
                                                "carousel.js": {
                                                    "sha": "a38ef14d0b51da2024333592467c841e1f5a38c3"
                                                },
                                                "collapse.js": {
                                                    "sha": "954513c5e13fda29072b7c89a9df3194e27a206c"
                                                },
                                                "dropdown.js": {
                                                    "sha": "9874600f9d057f4cf0c5f71e26bd21589d0d2708"
                                                },
                                                "modal.js": {
                                                    "sha": "c1eb2a852b2533b2167d391d4c68bf2e8a233b23"
                                                },
                                                "popover.js": {
                                                    "sha": "0b0755ee27bb7882fa6786c13408e2e8b0b3b7a7"
                                                },
                                                "scrollspy.js": {
                                                    "sha": "f860c1abadb18cb798d118bbdada881b2c47002d"
                                                },
                                                "tab.js": {
                                                    "sha": "935d5bc803c2157dea2ed0cf491207901786a6ce"
                                                },
                                                "tooltip.js": {
                                                    "sha": "27367880f7e636d2e74766043732a971813a59c9"
                                                },
                                                "transition.js": {
                                                    "sha": "f23e6bdfe48b51024a9f58dd99e32cddff35cd96"
                                                }
                                            }
                                        },
                                        "less": {
                                            "dirs": {
                                                "mixins": {
                                                    "dirs": {},
                                                    "files": {
                                                        "alerts.less": {
                                                            "sha": "396196f438fd31e7757a0874ece4a99fe0cf9fd9"
                                                        },
                                                        "background-variant.less": {
                                                            "sha": "556e490d45d004c4e4504153133c5c1050207b65"
                                                        },
                                                        "border-radius.less": {
                                                            "sha": "ca05dbf457000d122a3b8afcc3847e44cffea421"
                                                        },
                                                        "buttons.less": {
                                                            "sha": "92d8a056cd3b73c82937b0c9d478a86baa6d142a"
                                                        },
                                                        "center-block.less": {
                                                            "sha": "d18d6de9ed6a7af49415277cb72e57b7dbd42d0f"
                                                        },
                                                        "clearfix.less": {
                                                            "sha": "3f7a3820c1cf7756322917982646352e77119f46"
                                                        },
                                                        "forms.less": {
                                                            "sha": "6f55ed967082caf4ef515f88c9d591f95036a470"
                                                        },
                                                        "gradients.less": {
                                                            "sha": "0b88a89cc56a63effe45558845122b077de03979"
                                                        },
                                                        "grid-framework.less": {
                                                            "sha": "f3b3929d6d0e55b9fffe1c2dbde5747b21eb0014"
                                                        },
                                                        "grid.less": {
                                                            "sha": "cae5eaff924fed1e4d5978952d9c8490faf8500c"
                                                        },
                                                        "hide-text.less": {
                                                            "sha": "c2315e572f83385f10407cae46253526e0bb3dd7"
                                                        },
                                                        "image.less": {
                                                            "sha": "f233cb3e199f21ac194212e10ebb1e12feb0682b"
                                                        },
                                                        "labels.less": {
                                                            "sha": "9f7a67ee3d08a03ad10277d703805d315cd43d54"
                                                        },
                                                        "list-group.less": {
                                                            "sha": "8b5b065cb84cec3364d028e046b3fd24878f20b1"
                                                        },
                                                        "nav-divider.less": {
                                                            "sha": "feb1e9ed0dad8d0db00ebb93b175591a88abf707"
                                                        },
                                                        "nav-vertical-align.less": {
                                                            "sha": "d458c78613e6dc082141783ef45d56a5a7d601c3"
                                                        },
                                                        "opacity.less": {
                                                            "sha": "33ed25ce6763de7f8ae195628c1eb168379d8435"
                                                        },
                                                        "pagination.less": {
                                                            "sha": "7deb505d25f09cfc939beff303c0f6d52e83a9a2"
                                                        },
                                                        "panels.less": {
                                                            "sha": "49ee10d4ad39de45e0983d01cbbc50949a1dac2e"
                                                        },
                                                        "progress-bar.less": {
                                                            "sha": "f07996a34dbc19a1acc1c024a2410eb2b1b25271"
                                                        },
                                                        "reset-filter.less": {
                                                            "sha": "68cdb5e18602af3ab8e3ddba57a06045ef1c65bb"
                                                        },
                                                        "resize.less": {
                                                            "sha": "3acd3afdbacbb7f642e04f7ff434c18107faad69"
                                                        },
                                                        "responsive-visibility.less": {
                                                            "sha": "f7951c3d75cbe6bb72ea5f7493920611a2800797"
                                                        },
                                                        "size.less": {
                                                            "sha": "a8be65089606863ad878173e951b62fb387daf52"
                                                        },
                                                        "tab-focus.less": {
                                                            "sha": "1f1f05ab054412684539a94423c097d6cdadd8ba"
                                                        },
                                                        "table-row.less": {
                                                            "sha": "0f287f1a8bdf51607e91d0c8aa6a5be51d6df36e"
                                                        },
                                                        "text-emphasis.less": {
                                                            "sha": "0868ef9f2caaf05c2fdbe9f3f3da1616fe221080"
                                                        },
                                                        "text-overflow.less": {
                                                            "sha": "c11ad2fb7471dd29ae781f1aefdfb8bb5e4a7d6c"
                                                        },
                                                        "vendor-prefixes.less": {
                                                            "sha": "afd3331c31da856f226b354916e21ebad9d3311a"
                                                        }
                                                    }
                                                }
                                            },
                                            "files": {
                                                ".csscomb.json": {
                                                    "sha": "40695a4782fe696dca905eeb42b92c64e54df0f8"
                                                },
                                                ".csslintrc": {
                                                    "sha": "005b86236c7fd8df9be6d8f06371ed0ce22e2840"
                                                },
                                                "alerts.less": {
                                                    "sha": "c4199db927e795b6d7d35a39d475ef3087e2dfec"
                                                },
                                                "badges.less": {
                                                    "sha": "c70bb939ebe253a17a39419d595d0038c7a683bc"
                                                },
                                                "bootstrap.less": {
                                                    "sha": "61b77474f9ad6ec9f9b5dda2ed67703f7580fde2"
                                                },
                                                "breadcrumbs.less": {
                                                    "sha": "cb01d503fbe5f7615e53c989bbee20c07c86e7ef"
                                                },
                                                "button-groups.less": {
                                                    "sha": "13c1800deaaacf739cdb3a4eaba95ee986f656c4"
                                                },
                                                "buttons.less": {
                                                    "sha": "5a746049e3cea5c5f912144e11850d56a36cf0d2"
                                                },
                                                "carousel.less": {
                                                    "sha": "4bbe946d3aa8f36a49c9dd77306e02888634be87"
                                                },
                                                "close.less": {
                                                    "sha": "6d5bfe087aed3342270b1de9d70d034c474a3779"
                                                },
                                                "code.less": {
                                                    "sha": "a08b4d48c4c8715dac93a5422f0d340ae9cc6bff"
                                                },
                                                "component-animations.less": {
                                                    "sha": "0bcee910ac5f2c249cd6280d1e69fd03d178b24e"
                                                },
                                                "dropdowns.less": {
                                                    "sha": "af344607bd967350aab19a91d8f069eee20b4230"
                                                },
                                                "forms.less": {
                                                    "sha": "e4b50629e97cd9bbac46c4c2d9d36a55f3f9686d"
                                                },
                                                "glyphicons.less": {
                                                    "sha": "335d80aa6bfebfc5bd64b60f75a9d49ea79687be"
                                                },
                                                "grid.less": {
                                                    "sha": "e100655b70e38480e2029a7c945e5984d15c9784"
                                                },
                                                "input-groups.less": {
                                                    "sha": "a8712f25b935f6d13e3d7ea9471d354a7bccd4df"
                                                },
                                                "jumbotron.less": {
                                                    "sha": "93036d3c95005f318797618995f07f1932086d29"
                                                },
                                                "labels.less": {
                                                    "sha": "9a5a27006a51f4ac0d350cf11060aa548cd6ef6b"
                                                },
                                                "list-group.less": {
                                                    "sha": "1462ce16b325082f98f78d8e28535fe96e86f1da"
                                                },
                                                "media.less": {
                                                    "sha": "a6bf78192469c48166b7ddcd494ba2cbec376233"
                                                },
                                                "mixins.less": {
                                                    "sha": "af4408fc2d6846b5656d9d0d12f2f4cbf4404cf6"
                                                },
                                                "modals.less": {
                                                    "sha": "1de622050e5ae83742ed1cfa93751c8a39377de2"
                                                },
                                                "navbar.less": {
                                                    "sha": "6d751bb9ce0adfe6aac21bc69fbb9aa43880eae0"
                                                },
                                                "navs.less": {
                                                    "sha": "a3d11b136211f3ee4a4d3beeb19c5ffba203b15b"
                                                },
                                                "normalize.less": {
                                                    "sha": "62a085a4841a536094f22943c9557240e2d8c19d"
                                                },
                                                "pager.less": {
                                                    "sha": "41abaaadc5dc605c75de869dab943599ef31fbbd"
                                                },
                                                "pagination.less": {
                                                    "sha": "38c4c3d346f974278503a4596a6b6e96b845c0af"
                                                },
                                                "panels.less": {
                                                    "sha": "04eb2b39ca18d69945ed1e60e725fb30544bde3f"
                                                },
                                                "popovers.less": {
                                                    "sha": "2748eead13fa69dc8e7d32a1f0f64e6edb71e6e5"
                                                },
                                                "print.less": {
                                                    "sha": "94ca58f12a93ea0b3fb378b73eec63d8c9ee7372"
                                                },
                                                "progress-bars.less": {
                                                    "sha": "8868a1feef0f3a7a4b0fabe7548435bfeb481df2"
                                                },
                                                "responsive-embed.less": {
                                                    "sha": "080a5118fe9ab2af331e6b1444fff4be840ecc03"
                                                },
                                                "responsive-utilities.less": {
                                                    "sha": "b1db31d7bfc19a757d02fd773db765c4273549a1"
                                                },
                                                "scaffolding.less": {
                                                    "sha": "47b1d5a1aab384e993b689aaaec4212a85260e88"
                                                },
                                                "tables.less": {
                                                    "sha": "2242c036868d7358ad684313ccab2e4d4704ee94"
                                                },
                                                "theme.less": {
                                                    "sha": "6f2eb62126f12b00cde15580964870c7c3e4eb4c"
                                                },
                                                "thumbnails.less": {
                                                    "sha": "0713e67d0068e9553c5e21bb6024122029cce520"
                                                },
                                                "tooltip.less": {
                                                    "sha": "9d5684743309e74514cebc5e5a2e49d876f38c93"
                                                },
                                                "type.less": {
                                                    "sha": "68ba6017bf184d805a39530f0acd5cbb1495e522"
                                                },
                                                "utilities.less": {
                                                    "sha": "7a8ca27a8ff54db1c439812d4b295d9a1c4f6f76"
                                                },
                                                "variables.less": {
                                                    "sha": "b5fb9d02cf5197e50517a60dae2e3447a032cfe5"
                                                },
                                                "wells.less": {
                                                    "sha": "15d072b0cd0e31d6bd40fad5aa1cb8fb1fbdefd9"
                                                }
                                            }
                                        }
                                    },
                                    "files": {
                                        ".bower.json": {
                                            "sha": "5400ea08ef5ca6521f73d5c8b08d9043b609ccad"
                                        },
                                        "Gruntfile.js": {
                                            "sha": "fe9eb323590f453e517a88fd4aba5e5b80c02863"
                                        },
                                        "LICENSE": {
                                            "sha": "f4c52d6a4b3e13836fc2b516b962b5365a1d19c8"
                                        },
                                        "README.md": {
                                            "sha": "06e17f0fa93698a5a2885b00a8b0185d1a1376a0"
                                        },
                                        "bower.json": {
                                            "sha": "d7eea392230bf31f83aac4a73752ddc9f7123fe6"
                                        },
                                        "package.js": {
                                            "sha": "e42eb983215bc1fe8ccab7546424c437ae087e1f"
                                        },
                                        "package.json": {
                                            "sha": "5bfb38673dd7697bf9e4f2383560452ee5ac7e6e"
                                        }
                                    }
                                },
                                "jQuery": {
                                    "dirs": {
                                        "dist": {
                                            "dirs": {},
                                            "files": {
                                                "jquery.js": {
                                                    "sha": "79d631ff4639efcbf886547a40ec02143244e55c"
                                                },
                                                "jquery.min.js": {
                                                    "sha": "18bdbed7f726c08dddb00e25c0f366fd6ba454f6"
                                                },
                                                "jquery.min.map": {
                                                    "sha": "f8c5cdbe31b7efcf15e9d483f87d33d0294e8712"
                                                }
                                            }
                                        },
                                        "src": {
                                            "dirs": {
                                                "ajax": {
                                                    "dirs": {
                                                        "var": {
                                                            "dirs": {},
                                                            "files": {
                                                                "nonce.js": {
                                                                    "sha": "0871aae881074b442e0cea950421201f50ad9a35"
                                                                },
                                                                "rquery.js": {
                                                                    "sha": "500a77a089c17878890ef01506972c39a82ce841"
                                                                }
                                                            }
                                                        }
                                                    },
                                                    "files": {
                                                        "jsonp.js": {
                                                            "sha": "ff0d53899df72e0e9d663687cb6f00b107896a6f"
                                                        },
                                                        "load.js": {
                                                            "sha": "bff25b1a4043bb9e0279345aace2b95adab1708c"
                                                        },
                                                        "parseJSON.js": {
                                                            "sha": "3a96d15b9d2c0beacacc072277f41de7ac231f47"
                                                        },
                                                        "parseXML.js": {
                                                            "sha": "9eeb625ff499757018207b9d93ca7e8f9785cccf"
                                                        },
                                                        "script.js": {
                                                            "sha": "f44329d4ef08be611c3e861289b1321c77414e8c"
                                                        },
                                                        "xhr.js": {
                                                            "sha": "c2b43c92115a5b950229d3e6743008dc7fba04f8"
                                                        }
                                                    }
                                                },
                                                "attributes": {
                                                    "dirs": {},
                                                    "files": {
                                                        "attr.js": {
                                                            "sha": "a4414d11fc9e1a609f4b4254c836434440402792"
                                                        },
                                                        "classes.js": {
                                                            "sha": "101138415f874ad1b82f018680976f39e91a1762"
                                                        },
                                                        "prop.js": {
                                                            "sha": "d4ee8b6b9c6000c4155034ca4aa3d8f4eed15cda"
                                                        },
                                                        "support.js": {
                                                            "sha": "5db5c521213a189916ad7656fb90e7c1d8973561"
                                                        },
                                                        "val.js": {
                                                            "sha": "4a1358a650c8849e4c124d648073a4482f2d4c84"
                                                        }
                                                    }
                                                },
                                                "core": {
                                                    "dirs": {
                                                        "var": {
                                                            "dirs": {},
                                                            "files": {
                                                                "rsingleTag.js": {
                                                                    "sha": "7e7090b77b3d80ea1a3c12e985db469dd6b72a63"
                                                                }
                                                            }
                                                        }
                                                    },
                                                    "files": {
                                                        "access.js": {
                                                            "sha": "b6110c8f31c1c16f348267eb3e48d08b9597c03c"
                                                        },
                                                        "init.js": {
                                                            "sha": "7e83a0496f974741663540c9e7eb2d14bb023c4b"
                                                        },
                                                        "parseHTML.js": {
                                                            "sha": "64cf2a18a95a65362fc372f3570b9d13265dd065"
                                                        },
                                                        "ready.js": {
                                                            "sha": "db1a6e60aebdbebebfb00273f7d2f8a3a422a192"
                                                        }
                                                    }
                                                },
                                                "css": {
                                                    "dirs": {
                                                        "var": {
                                                            "dirs": {},
                                                            "files": {
                                                                "cssExpand.js": {
                                                                    "sha": "91e90a88a062423e06f44221fe39b05351e7e87f"
                                                                },
                                                                "getStyles.js": {
                                                                    "sha": "413acd04a89734cb6aa976dddb907a7c0762cdc4"
                                                                },
                                                                "isHidden.js": {
                                                                    "sha": "15ab81a979815ebfa61eb748188923205cf9aad6"
                                                                },
                                                                "rmargin.js": {
                                                                    "sha": "da0438db675de626efbe2cecb9134ae091c811e9"
                                                                },
                                                                "rnumnonpx.js": {
                                                                    "sha": "c93be285061daa2b5bf65931c5b69d84a58910a4"
                                                                }
                                                            }
                                                        }
                                                    },
                                                    "files": {
                                                        "addGetHookIf.js": {
                                                            "sha": "e12f3598d366e7d2f5d95f553adb0db329f9eac4"
                                                        },
                                                        "curCSS.js": {
                                                            "sha": "90e508cb8ce4feb8bb9c6765c138b8b3cb011c06"
                                                        },
                                                        "defaultDisplay.js": {
                                                            "sha": "046ae91b9128f95f2f40cc0e9c81ce99da0d3f25"
                                                        },
                                                        "hiddenVisibleSelectors.js": {
                                                            "sha": "c7f1c7ee73966e0563a6cc890ff51216342c5cd5"
                                                        },
                                                        "support.js": {
                                                            "sha": "b9eaf140207fdf8c3c568d782217ba0f5df381a9"
                                                        },
                                                        "swap.js": {
                                                            "sha": "ce164353115f6d5ddda9358c3d82c97c30d6743a"
                                                        }
                                                    }
                                                },
                                                "data": {
                                                    "dirs": {
                                                        "var": {
                                                            "dirs": {},
                                                            "files": {
                                                                "data_priv.js": {
                                                                    "sha": "24399e468f2f7b1d402a40fa0923c48d6b43a9ce"
                                                                },
                                                                "data_user.js": {
                                                                    "sha": "24399e468f2f7b1d402a40fa0923c48d6b43a9ce"
                                                                }
                                                            }
                                                        }
                                                    },
                                                    "files": {
                                                        "Data.js": {
                                                            "sha": "85afd64f54b4427fe5cdc65c2edaf8f96fa6a1d9"
                                                        },
                                                        "accepts.js": {
                                                            "sha": "291c7b47517a97629bcc4b3dc1d148d8c1eeed3d"
                                                        }
                                                    }
                                                },
                                                "effects": {
                                                    "dirs": {},
                                                    "files": {
                                                        "Tween.js": {
                                                            "sha": "9acd8d0cc9966678a6269788c513d6b1183b97c4"
                                                        },
                                                        "animatedSelector.js": {
                                                            "sha": "bc5a3d6c11da38cf013cc722a9e557e0cf6762ad"
                                                        }
                                                    }
                                                },
                                                "event": {
                                                    "dirs": {},
                                                    "files": {
                                                        "ajax.js": {
                                                            "sha": "278c403ee614ab2c6e4bb35c4e2e7ea5fe9e93d0"
                                                        },
                                                        "alias.js": {
                                                            "sha": "7e7917508139f73023952de24c9ca2a38da7d1c7"
                                                        },
                                                        "support.js": {
                                                            "sha": "85060db773aea2df60366e045e4c7a6be822f0f0"
                                                        }
                                                    }
                                                },
                                                "exports": {
                                                    "dirs": {},
                                                    "files": {
                                                        "amd.js": {
                                                            "sha": "9a9846f9f6018525af8044c1ba56db81ef74902a"
                                                        },
                                                        "global.js": {
                                                            "sha": "6513287c639869f66012fbd713b16701c5906412"
                                                        }
                                                    }
                                                },
                                                "manipulation": {
                                                    "dirs": {
                                                        "var": {
                                                            "dirs": {},
                                                            "files": {
                                                                "rcheckableType.js": {
                                                                    "sha": "c27a15dc477d3fae2d9c1338d2a3ee023f0a2147"
                                                                }
                                                            }
                                                        }
                                                    },
                                                    "files": {
                                                        "_evalUrl.js": {
                                                            "sha": "6704749ae353677f0b4a181ffe605b267a8e8efb"
                                                        },
                                                        "support.js": {
                                                            "sha": "822a014f55e37542aaa57bae97ed761034e05dbe"
                                                        }
                                                    }
                                                },
                                                "queue": {
                                                    "dirs": {},
                                                    "files": {
                                                        "delay.js": {
                                                            "sha": "4b4498cea1f2697c1470aa85640a5ee26bcff3f3"
                                                        }
                                                    }
                                                },
                                                "sizzle": {
                                                    "dirs": {
                                                        "dist": {
                                                            "dirs": {},
                                                            "files": {
                                                                "sizzle.js": {
                                                                    "sha": "89aecbc2f84de17e727c8dc243b0d789f19dc7a9"
                                                                },
                                                                "sizzle.min.js": {
                                                                    "sha": "cf4d1a662d2a018baeb76921094f930120d820b9"
                                                                },
                                                                "sizzle.min.map": {
                                                                    "sha": "e39754ebcbf201e7679acaebfe1768c63bb0f941"
                                                                }
                                                            }
                                                        }
                                                    },
                                                    "files": {}
                                                },
                                                "traversing": {
                                                    "dirs": {
                                                        "var": {
                                                            "dirs": {},
                                                            "files": {
                                                                "rneedsContext.js": {
                                                                    "sha": "3d6ae403807cc23f7d7c93e9e222aa04e58ee1fa"
                                                                }
                                                            }
                                                        }
                                                    },
                                                    "files": {
                                                        "findFilter.js": {
                                                            "sha": "dd70a73f77364d130d37437a3176c4eb1736df5f"
                                                        }
                                                    }
                                                },
                                                "var": {
                                                    "dirs": {},
                                                    "files": {
                                                        "arr.js": {
                                                            "sha": "b18fc9ce0c4fa2844e46db9c023ea1850e260b1c"
                                                        },
                                                        "class2type.js": {
                                                            "sha": "e674c3ba651c6ee6a6da0a4457cf705df5157440"
                                                        },
                                                        "concat.js": {
                                                            "sha": "7dcf77e3cd9aaef4fc0c233c4d9bb75392e82f9c"
                                                        },
                                                        "hasOwn.js": {
                                                            "sha": "32c002affc1b4ea52f48a23c94561d6f3dc951f9"
                                                        },
                                                        "indexOf.js": {
                                                            "sha": "cdbe3c742a7c1c6ddfb55b3501298cf97ac00064"
                                                        },
                                                        "pnum.js": {
                                                            "sha": "407044724e1b6a876f77c026759670de6d913017"
                                                        },
                                                        "push.js": {
                                                            "sha": "ad6f0a1790e4a18bf6bc9214445046fc7f4048ec"
                                                        },
                                                        "rnotwhite.js": {
                                                            "sha": "7c69bec53c1d1ccc534d533e3d17e9a571e935a0"
                                                        },
                                                        "slice.js": {
                                                            "sha": "614d46ca5e85ca7adf108357180c28068eee8b2b"
                                                        },
                                                        "strundefined.js": {
                                                            "sha": "04e16b03e7c5a1dea0bc0d587584dd894211712e"
                                                        },
                                                        "support.js": {
                                                            "sha": "b25dbc74bb329400a3bdb5a2f88d5f3ec8ea8a4b"
                                                        },
                                                        "toString.js": {
                                                            "sha": "ca92d222248bb40051bc4e0def877d9c5b45e3dc"
                                                        }
                                                    }
                                                }
                                            },
                                            "files": {
                                                "ajax.js": {
                                                    "sha": "5c7b4addbd0259186a584a27d0da0fd1d4b70ff9"
                                                },
                                                "attributes.js": {
                                                    "sha": "fa2ef1edeedbfc13610375dd4907ecc9be1fc5a6"
                                                },
                                                "callbacks.js": {
                                                    "sha": "17572bb9c544446e73bdfa475f9a9d9e56820774"
                                                },
                                                "core.js": {
                                                    "sha": "da6aa833ace5d3da3fe58c8d73d44f215b531920"
                                                },
                                                "css.js": {
                                                    "sha": "d4816175dd7feb51c5514a761f3d1f5de2cae673"
                                                },
                                                "data.js": {
                                                    "sha": "f9af9ae67af2c4a7782d905709127ca43f8965ed"
                                                },
                                                "deferred.js": {
                                                    "sha": "98f9c313f6d7d3bffdf3824a9ebaab086a092673"
                                                },
                                                "deprecated.js": {
                                                    "sha": "1b068bc342c97fe75afac14f5e4f99f6ff11f2f1"
                                                },
                                                "dimensions.js": {
                                                    "sha": "e6cb04c02225df09077ea84c6ac5d5717c7ae263"
                                                },
                                                "effects.js": {
                                                    "sha": "90226bd491889691365bcb686892c42b54716abb"
                                                },
                                                "event.js": {
                                                    "sha": "8f04b89c1deebdf16bd5133c22d2868a6bc53987"
                                                },
                                                "intro.js": {
                                                    "sha": "d7d43680784c5239324e0c0d99c3c4284eea9086"
                                                },
                                                "jquery.js": {
                                                    "sha": "d3857e95566a8b2b048e5ba1738174b9ee0e8795"
                                                },
                                                "manipulation.js": {
                                                    "sha": "c6279626420fce794facc0e6f888dc70f43891e4"
                                                },
                                                "offset.js": {
                                                    "sha": "4c34fd0ef25e7661ba89752d642fce28ef9fe78d"
                                                },
                                                "outro.js": {
                                                    "sha": "be4600a5cb1cf4bdf3c980493d802aa380fb0394"
                                                },
                                                "queue.js": {
                                                    "sha": "199c56d366f6dd0099b03dde4488f0ad53b64513"
                                                },
                                                "selector-native.js": {
                                                    "sha": "d8163c2f9bcbe080f3f9906be7c1f4531cf3cc8c"
                                                },
                                                "selector-sizzle.js": {
                                                    "sha": "7d3926b1a989436e07b8815e852eda32f6ba4f60"
                                                },
                                                "selector.js": {
                                                    "sha": "01e9733b8503ae3c49dd11504d77c18837ac149d"
                                                },
                                                "serialize.js": {
                                                    "sha": "0d6dfec6ddbba35af2292825cf8d08e27fe398f3"
                                                },
                                                "traversing.js": {
                                                    "sha": "d9ff0aeac4aa8b4e0907daed675ebf60278bc977"
                                                },
                                                "wrap.js": {
                                                    "sha": "4958251d2ddf76c54579b89f618f1b2afc42470d"
                                                }
                                            }
                                        }
                                    },
                                    "files": {
                                        ".bower.json": {
                                            "sha": "c39d91cab74d7160cd09acb256ab5406a14e4cd2"
                                        },
                                        "MIT-LICENSE.txt": {
                                            "sha": "cdd31b5c7103e4b0191fd1c860559b7b82806f01"
                                        },
                                        "bower.json": {
                                            "sha": "61c94872933e4032762d20e870be4e6201665812"
                                        }
                                    }
                                }
                            },
                            "files": {}
                        },
                        "public": {
                            "dirs": {
                                "css": {
                                    "dirs": {},
                                    "files": {
                                        ".gitkeep": {
                                            "sha": "e69de29bb2d1d6434b8b29ae775ad8c2e48c5391"
                                        }
                                    }
                                },
                                "fonts": {
                                    "dirs": {},
                                    "files": {
                                        "glyphicons-halflings-regular.eot": {
                                            "sha": "b93a4953fff68df523aa7656497ee339d6026d64"
                                        },
                                        "glyphicons-halflings-regular.svg": {
                                            "sha": "94fb5490a2ed10b2c69a4a567a4fd2e4f706d841"
                                        },
                                        "glyphicons-halflings-regular.ttf": {
                                            "sha": "1413fc609ab6f21774de0cb7e01360095584f65b"
                                        },
                                        "glyphicons-halflings-regular.woff": {
                                            "sha": "9e612858f802245ddcbf59788a0db942224bab35"
                                        },
                                        "glyphicons-halflings-regular.woff2": {
                                            "sha": "64539b54c3751a6d9adb44c8e3a45ba5a73b77f0"
                                        }
                                    }
                                },
                                "js": {
                                    "dirs": {},
                                    "files": {
                                        ".gitkeep": {
                                            "sha": "e69de29bb2d1d6434b8b29ae775ad8c2e48c5391"
                                        }
                                    }
                                }
                            },
                            "files": {
                                ".gitkeep": {
                                    "sha": "e69de29bb2d1d6434b8b29ae775ad8c2e48c5391"
                                }
                            }
                        }
                    },
                    "files": {
                        "robots.txt": {
                            "sha": "6f27bb66a3469f5c7b71b7abe8b47636dc0fcefb"
                        }
                    }
                },
                "templates": {
                    "dirs": {
                        "admin": {
                            "dirs": {},
                            "files": {
                                "index.html": {
                                    "sha": "44a8e28f449dfd6467320d2fc60b3f02c974cc03"
                                },
                                "site_config.html": {
                                    "sha": "3a758b59fed194be58b3db56d1a774167eb5f7b0"
                                }
                            }
                        },
                        "includes": {
                            "dirs": {},
                            "files": {
                                "flash_message.html": {
                                    "sha": "f56aa01dac54b6d7ccf4760f594ea7cb1cd1b49a"
                                },
                                "form.html": {
                                    "sha": "99f3134fd33084938dea10b884afe2fbc1dd9327"
                                },
                                "nav.html": {
                                    "sha": "4388a0f48501b62cca44f6b3e9f08a7666f571da"
                                }
                            }
                        }
                    },
                    "files": {
                        "404.html": {
                            "sha": "f19a1daf656a901a940c39bbbfa2e51b297591bc"
                        },
                        "500.html": {
                            "sha": "6408002d77d9c03ec6476160b3b36c8c35217718"
                        },
                        "base.html": {
                            "sha": "448552b73e3544f809b385cf32774e647185229b"
                        },
                        "index.html": {
                            "sha": "4b2e954719842d9417c1f309c67d5b67e500a73a"
                        },
                        "login.html": {
                            "sha": "5b6e671450d1ba1a86f0423319a17d4bcbcc4cd4"
                        }
                    }
                },
                "views": {
                    "dirs": {},
                    "files": {
                        "__init__.py": {
                            "sha": "b2676d400b1f3510ac733b0c96390ce5a45f0883"
                        },
                        "admin.py": {
                            "sha": "7ff50803f0bd1175c1774a50093b29defa7f446f"
                        },
                        "auth.py": {
                            "sha": "66f6ce3acb694c60ec93c411137925bcfd96226c"
                        },
                        "main.py": {
                            "sha": "7d617b5469f0b6c52c10b8e6fdca91a2a237482b"
                        }
                    }
                }
            },
            "files": {
                "__init__.py": {
                    "sha": "3b65f1f846de2602a8df7fa2254b1b1e55d5a5df"
                },
                "app.py": {
                    "sha": "5df90ef396c50cc84a1e4f2795d60c62f34c1cde"
                },
                "assets.py": {
                    "sha": "b3b957ae87ace1d6c1bc5cad72514adcfc36cc96"
                },
                "config.py": {
                    "sha": "c2ffade3666c5e67021820e6fc0927cce9fe2d59"
                },
                "i18n.py": {
                    "sha": "951d2b55e2c9965edfb4e6c63b292ca2782d1f4a"
                },
                "manage.py": {
                    "sha": "5cc34ddb3df7da01c415f0280218e5b14e050436"
                },
                "model.py": {
                    "sha": "12272f588aefbf1e334c8138e39c4018b8d7830a"
                }
            }
        }
    },
    "files": {
        ".bowerrc": {
            "sha": "4209138c980ee419289194c926947d1fb5101a39"
        },
        ".gitignore": {
            "sha": "94943a7e41ee428e301b024b2549e8fba04bcf9d"
        },
        ".travis.yml": {
            "sha": "156a0a23ff1ea9e58e622f13487b5b39850893b4"
        },
        "CHANGELOG.txt": {
            "sha": "2eda8c82f2e5e3d530981d591161f7fcddbab2b8"
        },
        "LICENSE.txt": {
            "sha": "97fec6bda4dec8e5a4ff24aa92f26da0d937c540"
        },
        "MANIFEST.in": {
            "sha": "30fca281e0595412c7a1b0509ed86c2e22a1b8f9"
        },
        "README.rst": {
            "sha": "e194a4663d864f07e93cbae4325f29233d619a3a"
        },
        "bower.json": {
            "sha": "5b280d4242235b737ce744d5ac875eac6bcf1b38"
        },
        "requirements.txt": {
            "sha": "55d1f1f869cbf397ae63eccd0add12525bcc519e"
        },
        "sample_pasteconfig.ini": {
            "sha": "f3b8ba12954d1032957910e706e5c2f2e664abea"
        },
        "sample_settings.py": {
            "sha": "e013a99ed07d8babff5553b29955d80316f9ed8b"
        },
        "setup.cfg": {
            "sha": "7b57b69cda104bc67e8466f57a1f1c5e34830f38"
        },
        "setup.py": {
            "sha": "9230c56618c9161b1a00b65ccca3a482c47f8c3f"
        }
    }
}