{
    "dirs": {
        ".circleci": {
            "dirs": {},
            "files": {
                "config.yml": {
                    "sha": "95f364ad082beede6177ca403dda938b0f3953fa"
                }
            }
        },
        "cmd": {
            "dirs": {},
            "files": {
                "root.go": {
                    "sha": "31af1cf0725deadcd983329b265b168848089856"
                },
                "version.go": {
                    "sha": "e8f028a4fb695c38b23cc262a4c952b45ec75d89"
                }
            }
        },
        "config": {
            "dirs": {},
            "files": {
                "config.go": {
                    "sha": "bb344136140fd9fbcbece2d956410e56bb3853d8"
                }
            }
        },
        "log": {
            "dirs": {},
            "files": {
                "log.go": {
                    "sha": "cd673bcc5168e6b0b52a37ccbe8b33f265d35206"
                }
            }
        },
        "version": {
            "dirs": {},
            "files": {
                "version.go": {
                    "sha": "0817b7b3fed88784c0247e5f36535061f3be87b9"
                }
            }
        }
    },
    "files": {
        ".gitignore": {
            "sha": "d7d73bfed92613a86f3ec3ef4e44a679cf160c36"
        },
        ".travis.yml": {
            "sha": "a996edb369d748f98ee0bb42c313356b61d942e2"
        },
        "AUTHORS.md": {
            "sha": "57d4e555739ea61e1bbce086baf5d61f1a78bf20"
        },
        "CONTRIBUTING.md": {
            "sha": "37943aee7ad800263934194755e015a24b84f315"
        },
        "Dockerfile": {
            "sha": "fd0c6b6472e0d24eb14135f1522635cb74b05570"
        },
        "Gopkg.toml": {
            "sha": "ce484d7b739515032f9c3daa254fd3edc9fb7a71"
        },
        "Makefile": {
            "sha": "7d538937b631eae00a1f19f654ee4575846192d5"
        },
        "README.md": {
            "sha": "d1fdd46d2e9b525763f7e05a0541e9416091510f"
        },
        "go.mod": {
            "sha": "9c1b0971b725d99b45b4aa2f9516ef936219bee5"
        },
        "main.go": {
            "sha": "2526393d7bc348b205e295ec5f0fc5c87a82edfe"
        }
    }
}