{
    "dirs": {
        ".github": {
            "dirs": {
                "ISSUE_TEMPLATE": {
                    "dirs": {},
                    "files": {
                        "bug_report.yaml": {
                            "sha": "ddc3f6e0fd98666a415b2adcc96d520dda925849"
                        },
                        "config.yaml": {
                            "sha": "3ba13e0cec6cbbfd462e9ebf529dd2093148cd69"
                        },
                        "documentation.yaml": {
                            "sha": "51d378b747b261bdcf5f6fde05ebf0a38cb4404b"
                        },
                        "feature_request.yaml": {
                            "sha": "7d67eb18af9ff852dad99b7b8a91eaabd2157bf3"
                        }
                    }
                },
                "workflows": {
                    "dirs": {},
                    "files": {
                        "cruft-update.yaml": {
                            "sha": "00c38fbe4994fc1efd6182697a1796c8b3ee7a79"
                        },
                        "python-check.yaml": {
                            "sha": "db1386160d83d89e02ba894e704cc27ec5f3d4e9"
                        },
                        "python-publish.yaml": {
                            "sha": "e4a0f2aa2ddbe122e57fda15ede7514f854a64c6"
                        },
                        "{{cookiecutter.default_branch}}-updated.yaml": {
                            "sha": "0702a62f11ec7badcebbb5107d202e09a8852dcc"
                        }
                    }
                }
            },
            "files": {
                "dependabot.yml": {
                    "sha": "c392a2a430e370ab537ff8850dabe922bf3c4bf6"
                },
                "pull_request_template.md": {
                    "sha": "aca30048d02f984e039e2e164f12b7c794ac026e"
                }
            }
        },
        "docs": {
            "dirs": {},
            "files": {
                "README.md": {
                    "sha": "29014f42ad668adb26aac18bd87c6030a1e6a1ab"
                },
                "contributing.md": {
                    "sha": "ca32bf314063b715845d03924c84016a506d9016"
                }
            }
        },
        "tasks": {
            "dirs": {},
            "files": {
                "__init__.py": {
                    "sha": "b8320bb47abeffa1c39f33fd4c055fa0fad5eee9"
                },
                "build.py": {
                    "sha": "9706cc5b1df5d300789ee997eb5408ae32fb0825"
                },
                "common.py": {
                    "sha": "e013a4aed183e8247d6703b93f9d6506bb927aff"
                },
                "doc.py": {
                    "sha": "25b798196d7dffe069457ab5febb4923ff324566"
                },
                "env.py": {
                    "sha": "447613ae42c106327d9679ba854d78e3de478770"
                },
                "git.py": {
                    "sha": "3093eb8bb2d35e3edb6c184999acd71df0834d2e"
                },
                "secure.py": {
                    "sha": "8ad2a74ada0685da736f77ab288194a198327961"
                },
                "style.py": {
                    "sha": "d41ced599670cba7c4327c8b31e4f241683771fd"
                },
                "test.py": {
                    "sha": "a610a4d1e2fd5636a6ab4bca09fa352b1e21f52c"
                }
            }
        },
        "tests": {
            "dirs": {},
            "files": {
                "__init__.py": {
                    "sha": "e69de29bb2d1d6434b8b29ae775ad8c2e48c5391"
                },
                "test_{{cookiecutter.project_slug}}.py": {
                    "sha": "e69de29bb2d1d6434b8b29ae775ad8c2e48c5391"
                }
            }
        },
        "{{cookiecutter.project_slug}}": {
            "dirs": {},
            "files": {
                "__init__.py": {
                    "sha": "e69de29bb2d1d6434b8b29ae775ad8c2e48c5391"
                },
                "{{cookiecutter.project_slug}}.py": {
                    "sha": "e69de29bb2d1d6434b8b29ae775ad8c2e48c5391"
                }
            }
        }
    },
    "files": {
        ".bandit": {
            "sha": "6e06e08dbedcb701a11cc8ad0c967877b0886b17"
        },
        ".dockerignore": {
            "sha": "79bacdb9573aa5fafadbd56d5112b226940e7643"
        },
        ".editorconfig": {
            "sha": "5279dc05dab6ac530ba26000f81868f3f76d8a10"
        },
        ".gitignore": {
            "sha": "4906f4c4df53b47c9f99b611f1d4fcf3a85e209a"
        },
        ".markdownlint.yaml": {
            "sha": "329bfb37785854c93cacacdb48fb7becd996deea"
        },
        ".pre-commit-config.yaml": {
            "sha": "0cc71e8275c812f58f737f15569a883b4a932ae6"
        },
        "CHANGELOG.md": {
            "sha": "825c32f0d03d98995ebe3e6d797f14daf2df51d9"
        },
        "Dockerfile": {
            "sha": "842fb454e5996b4119b8a8d2e782d26704507785"
        },
        "LICENSE": {
            "sha": "4663e4db0a946b2a7dc1e9cdc44c0289db9e6955"
        },
        "Pipfile": {
            "sha": "499f3d54714a755953855a17f1fe5adcd2da6163"
        },
        "mkdocs.yml": {
            "sha": "028b16145f6c30be1933facebc26a252fcec324a"
        },
        "pyproject.toml": {
            "sha": "1a790521f4394b2823f898f9993b8f33a2ec329f"
        },
        "spelling_wordlist.txt": {
            "sha": "e69de29bb2d1d6434b8b29ae775ad8c2e48c5391"
        }
    }
}