{
    "dirs": {
        ".github": {
            "dirs": {
                "workflows": {
                    "dirs": {},
                    "files": {
                        "deploy-docs.yaml": {
                            "sha": "1a9ed16176604e6f35f4c7a51886fe2a7375ca27"
                        },
                        "main.yaml": {
                            "sha": "e09cd683197b731d0dbaf750e13328453a9ee20f"
                        },
                        "pypi-publish.yaml": {
                            "sha": "0cf5f15d6565c49d9a9707d6b4fd56fb3071abc4"
                        },
                        "test_pages_build.yaml": {
                            "sha": "cac41a77c7f552c1035a836b888d46b5005352f2"
                        }
                    }
                }
            },
            "files": {}
        },
        "examples": {
            "dirs": {},
            "files": {
                "README.md": {
                    "sha": "a9e8be29754d402f543ddcc5d7746a8362c4346e"
                }
            }
        },
        "licenses": {
            "dirs": {},
            "files": {
                "Apache-2": {
                    "sha": "70e2d7f7c324377e9c72b54f0c27bbc267d5665e"
                },
                "BSD-3": {
                    "sha": "5eb91cdb85eb75339650edefdc7d08d10b60e4f4"
                },
                "GPL-3": {
                    "sha": "9b0191debe1becd1b48368ba07d40aba3df08774"
                },
                "MIT": {
                    "sha": "c093d5184d26658db918dcacc87e5354a6d29e62"
                },
                "MPL-2": {
                    "sha": "d6d1967e6420aed2540e1224577d89fa1c6e055c"
                }
            }
        },
        "project": {
            "dirs": {
                "excel": {
                    "dirs": {},
                    "files": {
                        "{{cookiecutter.__project_slug}}.xlsx": {
                            "sha": "b170d1d5b1520d37caac5171baafb6fd434f2b26"
                        }
                    }
                },
                "graphql": {
                    "dirs": {},
                    "files": {
                        "{{cookiecutter.__project_slug}}.graphql": {
                            "sha": "8680e33560e6c5f46109a55c1ff3a36df235f2d9"
                        }
                    }
                },
                "jsonld": {
                    "dirs": {},
                    "files": {
                        "{{cookiecutter.__project_slug}}.context.jsonld": {
                            "sha": "fe55eeb244683fe61742b34c155a5d82cfb67997"
                        },
                        "{{cookiecutter.__project_slug}}.jsonld": {
                            "sha": "ea6cdd4e7a00374eb72d8433fe9b09740413f184"
                        }
                    }
                },
                "jsonschema": {
                    "dirs": {},
                    "files": {
                        "{{cookiecutter.__project_slug}}.schema.json": {
                            "sha": "4295c7604837dceb0e45186b2a28dedd9fd13ecd"
                        }
                    }
                },
                "owl": {
                    "dirs": {},
                    "files": {
                        "{{cookiecutter.__project_slug}}.owl.ttl": {
                            "sha": "7ea962e3dc60349559f4a8457b8d99fb0b46378a"
                        }
                    }
                },
                "prefixmap": {
                    "dirs": {},
                    "files": {
                        "{{cookiecutter.__project_slug}}.yaml": {
                            "sha": "c498d30f7086c6b2681e524bc10498d7c7d70588"
                        }
                    }
                },
                "protobuf": {
                    "dirs": {},
                    "files": {
                        "{{cookiecutter.__project_slug}}.proto": {
                            "sha": "99e0098f0b46ea1bdcc4cdf4fb2f936af1599693"
                        }
                    }
                },
                "shacl": {
                    "dirs": {},
                    "files": {
                        "{{cookiecutter.__project_slug}}.shacl.ttl": {
                            "sha": "9af53eb03614a068eb54b516632e78b7a5b5df40"
                        }
                    }
                },
                "shex": {
                    "dirs": {},
                    "files": {
                        "{{cookiecutter.__project_slug}}.shex": {
                            "sha": "6cd9b110ff4d05a66da0e61e233dcc12d3168fda"
                        }
                    }
                },
                "sqlschema": {
                    "dirs": {},
                    "files": {
                        "{{cookiecutter.__project_slug}}.sql": {
                            "sha": "6a24581cca347b4a35384601a724bbd6a74ec7c3"
                        }
                    }
                }
            },
            "files": {}
        },
        "src": {
            "dirs": {
                "data": {
                    "dirs": {
                        "examples": {
                            "dirs": {
                                "invalid": {
                                    "dirs": {},
                                    "files": {
                                        "{{cookiecutter.main_schema_class}}-001.yaml": {
                                            "sha": "f71552d1b0260915ec9702d94667ffb22f4291e8"
                                        }
                                    }
                                },
                                "valid": {
                                    "dirs": {},
                                    "files": {
                                        "{{cookiecutter.main_schema_class}}-001.yaml": {
                                            "sha": "43fc35c659c490752aa5005b77229927afb14419"
                                        }
                                    }
                                }
                            },
                            "files": {}
                        }
                    },
                    "files": {}
                },
                "docs": {
                    "dirs": {
                        "files": {
                            "dirs": {},
                            "files": {
                                "about.md": {
                                    "sha": "37f31072d77d97b886fed89073bf047a2828c876"
                                }
                            }
                        },
                        "templates": {
                            "dirs": {},
                            "files": {
                                "README.md": {
                                    "sha": "e46c937a364cbf7364887526f1af10e77b069c4b"
                                }
                            }
                        }
                    },
                    "files": {}
                },
                "{{cookiecutter.__project_slug}}": {
                    "dirs": {
                        "datamodel": {
                            "dirs": {},
                            "files": {
                                "__init__.py": {
                                    "sha": "d498d7d3ce4c908a28409876bca250a6a560eb60"
                                },
                                "{{cookiecutter.__project_slug}}.py": {
                                    "sha": "72489dcd31d834500465bfa0d07994586a90944f"
                                }
                            }
                        },
                        "schema": {
                            "dirs": {},
                            "files": {
                                "{{cookiecutter.__project_slug}}.yaml": {
                                    "sha": "c55ecc439f1dcdbd84f71e9a84683259180d294b"
                                }
                            }
                        }
                    },
                    "files": {
                        "_version.py": {
                            "sha": "7edc9eebd12c9e6500439221ddd1577e347edef5"
                        }
                    }
                }
            },
            "files": {}
        },
        "tests": {
            "dirs": {},
            "files": {
                "__init__.py": {
                    "sha": "36120ba33eb4d54ac7219908826686ea2b82862d"
                },
                "test_data.py": {
                    "sha": "0d47737dd7b0bbfddd54f2d44e2f3ec0b8e34911"
                }
            }
        }
    },
    "files": {
        ".gitignore": {
            "sha": "746b6dadb41b57d252686a3c6a3fe55a52016914"
        },
        "CODE_OF_CONDUCT.md": {
            "sha": "2b301c64d4b1f6e3afcbfe4d93e14de2569f1cfa"
        },
        "CONTRIBUTING.md": {
            "sha": "199ba65e3f72aec720ebf1c58caaacc13c067389"
        },
        "LICENSE": {
            "sha": "b535b50f5bb6c9b018cbfe6a2b2bc1dbdec3b6b0"
        },
        "Makefile": {
            "sha": "6516513f10a38d20f442642ed82a77287fab050d"
        },
        "README.md": {
            "sha": "82e34119fc791505870232de993999582b3ec51c"
        },
        "config.public.mk": {
            "sha": "add1b6e01bd80886b7cc148bbfa37f7bfeae8392"
        },
        "config.yaml": {
            "sha": "56da66d8c6f5f549eea14b0409330027db10e021"
        },
        "justfile": {
            "sha": "3bdef2abb356724c6882ff9e772294d2afd08872"
        },
        "mkdocs.yml": {
            "sha": "93ee2f8ccf48d14fe9a36abd8c7eb64c6f1277db"
        },
        "project.Makefile": {
            "sha": "0dd0fa0e5200c78a09c71656d38d622c4716863a"
        },
        "project.justfile": {
            "sha": "bf84fbcc332692f16fbe37346c1112194cf1e163"
        },
        "pyproject.toml": {
            "sha": "5f6cf4c7c0e199361afaf79fa0cb105bd610cbff"
        },
        "tablesort.js": {
            "sha": "c916015f04b0aaff19e8a198a46535bd45b47898"
        }
    }
}