{
    "dirs": {
        ".github": {
            "dirs": {
                "workflows": {
                    "dirs": {},
                    "files": {
                        "package.yml": {
                            "sha": "e4d74ed8fa249510c49229a8070878543246ab03"
                        }
                    }
                }
            },
            "files": {}
        },
        "Resources": {
            "dirs": {},
            "files": {
                "inconsolata.ttf": {
                    "sha": "31e0c14afe79322681b26ca0d848fdf206427e66"
                }
            }
        },
        "package": {
            "dirs": {},
            "files": {
                "AppRun": {
                    "sha": "f92a12bc3a7f00c57ef655d524ffb4ce4644eff6"
                },
                "Info.plist": {
                    "sha": "e78acdb5a5382d540813e4952981069867c1c548"
                },
                "build.lisp": {
                    "sha": "5d763934a8bc1c36fd29a63f0b29a8615c76d811"
                },
                "icon.png": {
                    "sha": "8004d56626376bfecb3cf06c3da48d34052a57cc"
                },
                "installer.nsi": {
                    "sha": "6fe26fc8f5c83ff28d8917f1433ae940eb308c2b"
                },
                "{{cookiecutter.project_slug}}.desktop": {
                    "sha": "16eee4eea621be57d58c8c5dbbe73bf4c28cd836"
                }
            }
        },
        "src": {
            "dirs": {},
            "files": {
                "main.lisp": {
                    "sha": "ec82f043da4bb2ba38064a6a73c112cc0cb24477"
                },
                "package.lisp": {
                    "sha": "c423be567f7fe6be262270ed3d3fc8f7d99ec2b0"
                }
            }
        }
    },
    "files": {
        ".gitignore": {
            "sha": "c2f36c79ce0bf97cfbbd12c41658ea1fbd18b628"
        },
        "LICENSE": {
            "sha": "046b17c9cf6923323b03caf06c6b64547b85f591"
        },
        "README.org": {
            "sha": "15e21252cafdcd7c6b587e7c934ba184f8e44880"
        },
        "package.sh": {
            "sha": "1c7679483954f82c2f97391195001d502e01236b"
        },
        "{{cookiecutter.project_slug}}.asd": {
            "sha": "fc88318942cb5f1b5d5c31757d3adf32275446b8"
        }
    }
}