{
    "dirs": {
        ".github": {
            "dirs": {
                "workflows": {
                    "dirs": {},
                    "files": {
                        ".gitkeep": {
                            "sha": "e69de29bb2d1d6434b8b29ae775ad8c2e48c5391"
                        },
                        "release.yml": {
                            "sha": "900bdff9f3e229bf6672f3b530d763f138c13577"
                        }
                    }
                }
            },
            "files": {}
        },
        "alembic": {
            "dirs": {
                "versions": {
                    "dirs": {},
                    "files": {
                        ".gitkeep": {
                            "sha": "e69de29bb2d1d6434b8b29ae775ad8c2e48c5391"
                        }
                    }
                }
            },
            "files": {
                "README": {
                    "sha": "2500aa1bcf726a14c436070389837be3666ba96f"
                },
                "env.py": {
                    "sha": "f5686cf60f266d4c9c95ce56badefd84b7510c8e"
                },
                "script.py.mako": {
                    "sha": "55df2863d206fa1678abb4c92e90c45d3f85c114"
                }
            }
        },
        "app": {
            "dirs": {
                "daos": {
                    "dirs": {},
                    "files": {
                        "__init__.py": {
                            "sha": "e69de29bb2d1d6434b8b29ae775ad8c2e48c5391"
                        },
                        "base.py": {
                            "sha": "cd7f403275c5042a5ff06e8ef91db15804de1dc6"
                        },
                        "user.py": {
                            "sha": "232558ecc31a1c8986ff361cc006679f8fa9fa43"
                        }
                    }
                },
                "models": {
                    "dirs": {},
                    "files": {
                        "__init__.py": {
                            "sha": "e69de29bb2d1d6434b8b29ae775ad8c2e48c5391"
                        },
                        "base.py": {
                            "sha": "a87481e77db84dd943a8d8f9a6c07de89e450e8c"
                        },
                        "user.py": {
                            "sha": "54ce9887a741ac701a3c1b7cb08ded3a50f0e318"
                        }
                    }
                },
                "routers": {
                    "dirs": {},
                    "files": {
                        "__init__.py": {
                            "sha": "e69de29bb2d1d6434b8b29ae775ad8c2e48c5391"
                        },
                        "api_router.py": {
                            "sha": "98354760b598ffc94e9407dc15ccfa8a413fc405"
                        },
                        "user.py": {
                            "sha": "f9f9f26938f22c4fbe5f33c3b75a28c199a35d44"
                        }
                    }
                },
                "schemas": {
                    "dirs": {},
                    "files": {
                        "__init__.py": {
                            "sha": "e69de29bb2d1d6434b8b29ae775ad8c2e48c5391"
                        },
                        "token.py": {
                            "sha": "5aff388771ac3bac4cdaec2dbb462e7c20f56434"
                        },
                        "user.py": {
                            "sha": "36045e74d40cf476b9ab4d1f8631f94321ffbaa9"
                        }
                    }
                },
                "services": {
                    "dirs": {},
                    "files": {
                        "__init__.py": {
                            "sha": "e69de29bb2d1d6434b8b29ae775ad8c2e48c5391"
                        },
                        "user.py": {
                            "sha": "0b435a720321955663e22ef90d58fe0062f35ec1"
                        },
                        "utils.py": {
                            "sha": "52956e46f03e3ede981070ab618a58cc6c636191"
                        }
                    }
                }
            },
            "files": {
                "__init__.py": {
                    "sha": "69c3feeca3f41d2e0a65979353b28f23ae0af55e"
                },
                "db.py": {
                    "sha": "076e54d63ba192238ec2c2d1a6797675850159ed"
                },
                "main.py": {
                    "sha": "17d44393ce465861d9a57c48383f6afcd35f6915"
                },
                "settings.py": {
                    "sha": "2421450d84c6a9e1505d914c95ec78b8aabf0885"
                }
            }
        },
        "scripts": {
            "dirs": {},
            "files": {
                "autogenerate.sh": {
                    "sha": "1963baf6f0c80776ba4d01de578b34baeb972f2a"
                },
                "downgrade.sh": {
                    "sha": "8d24282167f5315cad1c3fd99cfdc9ccb071b32c"
                }
            }
        },
        "static": {
            "dirs": {},
            "files": {
                "welcome.txt": {
                    "sha": "b47ad42fd9544998f80a89f829f0d5ccc47ae7f2"
                }
            }
        },
        "tests": {
            "dirs": {},
            "files": {
                "__init__.py": {
                    "sha": "e69de29bb2d1d6434b8b29ae775ad8c2e48c5391"
                }
            }
        }
    },
    "files": {
        ".env": {
            "sha": "33dc85c3c1fb1647089e04aeba293a23eb639c07"
        },
        ".gitignore": {
            "sha": "06716118de9c36e7b9bed81f27250a2047f17195"
        },
        ".pre-commit-config.yaml": {
            "sha": "1667f2a4505269a061e5afd9b54d1619e74db2fa"
        },
        "Dockerfile": {
            "sha": "3d13f91b5cafa18db5d46fe9262523f11572d116"
        },
        "Makefile": {
            "sha": "032c468ad58e898e8579a75cb2374084ec60c14e"
        },
        "README.md": {
            "sha": "0c2197466f05305b9d52008cb3b7c7c7fe9efbba"
        },
        "alembic.ini": {
            "sha": "28cb303dd23e03faa7a790d76deee3179693c3c4"
        },
        "docker-compose.yaml": {
            "sha": "efd8f0f2a35c1f2a2a0e19ccbff76ea8eceefb7f"
        },
        "pyproject.toml": {
            "sha": "b77b239f8c420195ae19b852723b47cad5bfbd78"
        }
    }
}