{
    "dirs": {
        ".github": {
            "dirs": {
                "workflows": {
                    "dirs": {},
                    "files": {
                        "test.yaml": {
                            "sha": "ed2d21d630af9df2b53affbfe7ba73553266fd64"
                        }
                    }
                }
            },
            "files": {}
        },
        "stubs": {
            "dirs": {},
            "files": {
                "toolforge.pyi": {
                    "sha": "3447a0bfe4b862ea34e5905b0a9b9105bc2d7ee4"
                }
            }
        },
        "templates": {
            "dirs": {},
            "files": {
                "base.html": {
                    "sha": "3f436d5b5514bc26d638aeb1cda4fc6765856b38"
                },
                "error-oauth-callback.html": {
                    "sha": "6c0ab3e1141f83b63b1401dabd7875900aae77e7"
                },
                "greet.html": {
                    "sha": "4fc8b2c0ac8a6b7740730afa9319391fbcd74561"
                },
                "index.html": {
                    "sha": "65bbc3a112830a51fb9ad750655fab3d72456b32"
                },
                "praise.html": {
                    "sha": "67a92dfdf7ed4962dfb11c75626239d1ec30af97"
                }
            }
        }
    },
    "files": {
        ".gitignore": {
            "sha": "fd557b79a677a6caa4bd658e3b44e55bd0afa73f"
        },
        "CODE_OF_CONDUCT.md": {
            "sha": "498acf76f78d8ec42b2692817a70df492a447bd9"
        },
        "LICENSE": {
            "sha": "be3f7b28e564e7dd05eaf59d64adba1a4065ac0e"
        },
        "Makefile": {
            "sha": "7d1a6f3b0b15e6068cc7f734634f8c8eb131bde4"
        },
        "README.md": {
            "sha": "3be0eba7cbf5237f76585e17b0eb473f413dd621"
        },
        "app.py": {
            "sha": "129f51d5c928b76b548dee97a3b7b92f4c247372"
        },
        "config.yaml.example": {
            "sha": "7fd181da392b0fc8e344a0e50b7a3e969ef1a157"
        },
        "mypy.ini": {
            "sha": "3b296d0a40c4826e58d42a5085b0595c3c593129"
        },
        "requirements.txt": {
            "sha": "43d418906926abef51ee2a8d64ca5db5ffd05755"
        },
        "service.template": {
            "sha": "f28cf8c7542a46073885f9509ad576faa521c618"
        },
        "test_app.py": {
            "sha": "f01aa26698df3047021ad51c08610ecd6a9baf89"
        },
        "uwsgi.ini": {
            "sha": "c926ee9ba1413af73ff124ab4c2f773936520531"
        }
    }
}