{
    "dirs": {
        "logos": {
            "dirs": {},
            "files": {
                "mycompany-logo-watermark.png": {
                    "sha": "48bcb53491ca499fad7854bdba080cff260ced4b"
                },
                "mycompany-logo.png": {
                    "sha": "28fcb29f8dedc0a000f62ff09dd1a2ae43bb2a09"
                }
            }
        }
    },
    "files": {
        ".gitignore": {
            "sha": "2d606185f02af79d0806941926f77cbbedbfcd59"
        },
        "Makefile": {
            "sha": "c93e895a535f455fc17606b384426036cefdfec6"
        },
        "lstcustom.sty": {
            "sha": "74b08b9bc1c1faa8c4b0d8a48d65e10c4ef45ee8"
        },
        "main.tex": {
            "sha": "c46fde787d8d37f8e5a03dcb80a74dc3d65cb7a7"
        },
        "minted.sty": {
            "sha": "3adcd4c7c6ea44e4763f0a3de2c808e7395fe90b"
        },
        "section1.tex": {
            "sha": "68a104c34820c3a816906ff32f69906d844f10a2"
        },
        "section2.tex": {
            "sha": "aa4cb7398dd1beb207cc90bdf8aee368f5ff3fa1"
        }
    }
}