{
    "dirs": {
        "changelog.d": {
            "dirs": {},
            "files": {
                ".gitignore ": {
                    "sha": "b722e9e13efe92c42cb81327fd1f1438a255e922"
                }
            }
        },
        "docs": {
            "dirs": {},
            "files": {
                "swagger.yaml": {
                    "sha": "305672ece6949c5c8e390feaea09542f4b21b91b"
                }
            }
        },
        "requirements": {
            "dirs": {},
            "files": {
                "base.txt": {
                    "sha": "4507f234ba71e9ec45efecf6155947280ebaebe1"
                },
                "dev.txt": {
                    "sha": "b957e65df0e75c5c9c989553576d4c78525f0862"
                },
                "test.txt": {
                    "sha": "dbfce0219cf1d7c3f1109d896b47dd0160b138b2"
                }
            }
        },
        "{{cookiecutter.project_slug}}": {
            "dirs": {
                "contrib": {
                    "dirs": {
                        "tests": {
                            "dirs": {},
                            "files": {
                                "__init__.py": {
                                    "sha": "e69de29bb2d1d6434b8b29ae775ad8c2e48c5391"
                                },
                                "test_exceptions.py": {
                                    "sha": "2156c9095b0c00ddf4dbd72ebccb7d4f627154e5"
                                },
                                "test_json.py": {
                                    "sha": "7c62c0a60bae936589e3c10c2b0865b22b5d3cdb"
                                },
                                "test_middleware.py": {
                                    "sha": "9474b061891baddd8a3dcd15f95e4e16e8b62926"
                                }
                            }
                        }
                    },
                    "files": {
                        "__init__.py": {
                            "sha": "e69de29bb2d1d6434b8b29ae775ad8c2e48c5391"
                        },
                        "exceptions.py": {
                            "sha": "bcfc8c7e0377947ca1a4fd25155b5e6470e9c38f"
                        },
                        "json.py": {
                            "sha": "3eafed826d0e533d207d9bd88e3a3b25673ca58d"
                        },
                        "middlewares.py": {
                            "sha": "5b14af9af6e35d0a4936dc76114047bccab2f910"
                        },
                        "response.py": {
                            "sha": "eec644dcec3d244e0de800a2f513ffec89a7306f"
                        }
                    }
                },
                "healthcheck": {
                    "dirs": {
                        "tests": {
                            "dirs": {},
                            "files": {
                                "test_views.py": {
                                    "sha": "a3fb91690dbe21f4c546e888be26fbc6b9ba0d66"
                                }
                            }
                        }
                    },
                    "files": {
                        "routes.py": {
                            "sha": "6c00d4e8ddf099c267adcaf67230e694753b9b28"
                        },
                        "views.py": {
                            "sha": "8750bf325c026303393dff1bafd333819ea1ce8f"
                        }
                    }
                },
                "settings": {
                    "dirs": {},
                    "files": {
                        "base.py": {
                            "sha": "00f7520be58e579f83719f8f21e5d83b8e9a2841"
                        },
                        "development.py": {
                            "sha": "4b40b38c84291f9dc3a2bcbb8da8375ad50399df"
                        },
                        "test.py": {
                            "sha": "4b40b38c84291f9dc3a2bcbb8da8375ad50399df"
                        }
                    }
                }
            },
            "files": {
                "__init__.py": {
                    "sha": "abfd4ca9fd897f510d5ed2255b7e524374e7be9b"
                },
                "conftest.py": {
                    "sha": "9f3c41fa0fa6031e8a0ba9c85a9e31f9b41c9d21"
                },
                "factory.py": {
                    "sha": "603051bd166fa64977384d382fadf45e13a7ae14"
                },
                "version.py": {
                    "sha": "c57bfd58fc847b868e18ca16b9667aefaa7f49e7"
                }
            }
        }
    },
    "files": {
        ".gitignore": {
            "sha": "ff65a437185feef4ed09aaa910db046e582d49b2"
        },
        "CHANGELOG.md": {
            "sha": "e69de29bb2d1d6434b8b29ae775ad8c2e48c5391"
        },
        "Makefile": {
            "sha": "c4ca14a915771e37f1a5ff81122e8316086c3020"
        },
        "README.md": {
            "sha": "2f6dddb6657cf5de88a1b502e1ce1645818af477"
        },
        "pyproject.toml": {
            "sha": "dc1fd101a554a06319ad25104fd8ac95e6d8aaed"
        },
        "setup.cfg": {
            "sha": "70f466cfa7db92f8a86b0b3aa7c9e59b37b92498"
        },
        "towncrier_template.rst": {
            "sha": "9774eb27019bd0325aa5b89836e2b9fb986b6845"
        }
    }
}