{
    "dirs": {
        "{{cookiecutter.package_name}}": {
            "dirs": {
                "images": {
                    "dirs": {},
                    "files": {
                        "__init__.py": {
                            "sha": "e69de29bb2d1d6434b8b29ae775ad8c2e48c5391"
                        },
                        "ic_help_black_48dp_1x.png": {
                            "sha": "d3542c6bcb12014771421369857cc19a0b4c44b6"
                        },
                        "ic_insert_drive_file_black_48dp_1x.png": {
                            "sha": "ffb07138f9669b5e595a3ec4a405f62a4e3de894"
                        },
                        "ic_open_in_new_black_48dp_1x.png": {
                            "sha": "4ebc46b56dadf35505668f454745c822a913ab45"
                        }
                    }
                },
                "tests": {
                    "dirs": {},
                    "files": {
                        "__init__.py": {
                            "sha": "e69de29bb2d1d6434b8b29ae775ad8c2e48c5391"
                        },
                        "test_{{cookiecutter.application_name}}.py": {
                            "sha": "fd7af373880cbb5e051cd1a25283eb83195662c8"
                        }
                    }
                }
            },
            "files": {
                "__init__.py": {
                    "sha": "e69de29bb2d1d6434b8b29ae775ad8c2e48c5391"
                },
                "{{cookiecutter.application_name}}.py": {
                    "sha": "b1c5a848571b45a6af3c34cc0b3c045cca19d629"
                }
            }
        }
    },
    "files": {
        ".gitignore": {
            "sha": "7d4409882afff3c656cf493dbec668d8e462fa7b"
        },
        "LICENSE": {
            "sha": "20d40b6bceca3a6c0237d7455ebf1820aeff3680"
        },
        "README.rst": {
            "sha": "a94b7417a4a0ca196c94597150fa05caa27b4f9c"
        },
        "pytest.ini": {
            "sha": "6e5beaa68b75dd13b71b5d4fbaf251e40090f9ab"
        },
        "requirements-test.txt": {
            "sha": "dc3a0ee031f0b644d10584f3d7b12b5e0d6b20fb"
        },
        "setup.py": {
            "sha": "64d292dde05173784f0e633d151d3a4ef7119983"
        }
    }
}