{
    "dirs": {
        ".github": {
            "dirs": {
                "workflows": {
                    "dirs": {},
                    "files": {
                        "ci.yml": {
                            "sha": "9b8219dbc0f1237f01de02fd6b76fe8496312e80"
                        }
                    }
                }
            },
            "files": {}
        },
        "configs": {
            "dirs": {},
            "files": {
                "config.yml": {
                    "sha": "8e1f1459690ac9a48631df608375bb1cba869967"
                }
            }
        },
        "data": {
            "dirs": {
                "tests": {
                    "dirs": {},
                    "files": {
                        ".gitkeep": {
                            "sha": "e69de29bb2d1d6434b8b29ae775ad8c2e48c5391"
                        }
                    }
                }
            },
            "files": {}
        },
        "docker": {
            "dirs": {},
            "files": {
                "Dockerfile": {
                    "sha": "1acf853100ce74d1a7468e4d6e7444d57e18ac52"
                },
                "docker-compose.yml": {
                    "sha": "7446fc51b732b12a64484948e3524eda29b79627"
                },
                "requirements.txt": {
                    "sha": "e69de29bb2d1d6434b8b29ae775ad8c2e48c5391"
                }
            }
        },
        "docs": {
            "dirs": {},
            "files": {
                ".gitkeep": {
                    "sha": "e69de29bb2d1d6434b8b29ae775ad8c2e48c5391"
                }
            }
        },
        "docsrc": {
            "dirs": {
                "_static": {
                    "dirs": {},
                    "files": {
                        ".gitkeep": {
                            "sha": "e69de29bb2d1d6434b8b29ae775ad8c2e48c5391"
                        }
                    }
                },
                "_templates": {
                    "dirs": {},
                    "files": {
                        ".gitkeep": {
                            "sha": "e69de29bb2d1d6434b8b29ae775ad8c2e48c5391"
                        }
                    }
                },
                "imgs": {
                    "dirs": {},
                    "files": {
                        "mlflow.png": {
                            "sha": "48a747d82bacc97f29fb6793c5cbc843f618991f"
                        },
                        "mlflow_detail.png": {
                            "sha": "1d07b2bbd54cca4ab43a65c563df7c2636fd073f"
                        }
                    }
                }
            },
            "files": {
                "Makefile": {
                    "sha": "806499df10e03ba9a6cd54045d95777a86395767"
                },
                "conf.py": {
                    "sha": "3ff3f19081d0f93329a351213f55bb9118e37f12"
                },
                "develop.md": {
                    "sha": "0b4cdeae32a420d9dbb0ee662ba1efd2be378e52"
                },
                "index.rst": {
                    "sha": "759f9893e5282654883697eb4918e4fe9bb2c149"
                }
            }
        },
        "experiments": {
            "dirs": {},
            "files": {
                ".gitkeep": {
                    "sha": "e69de29bb2d1d6434b8b29ae775ad8c2e48c5391"
                }
            }
        },
        "logs": {
            "dirs": {},
            "files": {
                ".gitkeep": {
                    "sha": "e69de29bb2d1d6434b8b29ae775ad8c2e48c5391"
                }
            }
        },
        "notebooks": {
            "dirs": {},
            "files": {
                ".gitkeep": {
                    "sha": "e69de29bb2d1d6434b8b29ae775ad8c2e48c5391"
                }
            }
        },
        "{{ cookiecutter.package_name }}": {
            "dirs": {
                "features": {
                    "dirs": {},
                    "files": {
                        ".gitkeep": {
                            "sha": "e69de29bb2d1d6434b8b29ae775ad8c2e48c5391"
                        }
                    }
                },
                "models": {
                    "dirs": {},
                    "files": {
                        ".gitkeep": {
                            "sha": "e69de29bb2d1d6434b8b29ae775ad8c2e48c5391"
                        }
                    }
                },
                "scripts": {
                    "dirs": {},
                    "files": {
                        "evaluate.py": {
                            "sha": "446fc1ee642183d299e5be8750f3a74c98609f21"
                        },
                        "evaluate_test.py": {
                            "sha": "8af57d4f214306cd3d9703d7b36116e751ae61c2"
                        },
                        "predict.py": {
                            "sha": "2789f0fca5d3ef691495726d3f9db0bbd7c6412e"
                        },
                        "predict_test.py": {
                            "sha": "8536f3690e354025125183e33ee3714801bedf83"
                        },
                        "train.py": {
                            "sha": "fb315207e0f52cd2acb16ba68c61a02c822c3464"
                        },
                        "train_test.py": {
                            "sha": "114bd181f0390df0b8ce8c3b3c4f67b107b810b5"
                        }
                    }
                },
                "util": {
                    "dirs": {},
                    "files": {
                        ".gitkeep": {
                            "sha": "e69de29bb2d1d6434b8b29ae775ad8c2e48c5391"
                        },
                        "__init__.py": {
                            "sha": "e69de29bb2d1d6434b8b29ae775ad8c2e48c5391"
                        },
                        "config.py": {
                            "sha": "54367bcba8a4e6cda2937491a24b288004ebf808"
                        },
                        "logging.py": {
                            "sha": "27e3bf15af6a36e3759f314d7fe6cd6deb017502"
                        }
                    }
                },
                "viz": {
                    "dirs": {},
                    "files": {
                        ".gitkeep": {
                            "sha": "e69de29bb2d1d6434b8b29ae775ad8c2e48c5391"
                        }
                    }
                }
            },
            "files": {
                "__init__.py": {
                    "sha": "6c8e6b979c5f58121ac7ee2d9e024749da3a8ce1"
                }
            }
        }
    },
    "files": {
        ".gitignore": {
            "sha": "ef8585feba426692a7563ef0fafaad8560de1e2a"
        },
        "LICENSE": {
            "sha": "9cfa76ba2dc5774ce1581985056333278da43339"
        },
        "Makefile": {
            "sha": "7602eb21a0b9e1b35c66c3f1abd22a3ed0a0e8e0"
        },
        "README.md": {
            "sha": "26dba4742859932c4d0c91e77fa339bc511c018d"
        },
        "SETUP.md": {
            "sha": "e304be4d279b1868906b3901a4c26bd7c2cdf182"
        },
        "VERSION": {
            "sha": "ceab6e11ece0bcec917c12e11d350946f085d549"
        },
        "logging.yml": {
            "sha": "f03f3fbf601d5542b7a90a8915efef841566473c"
        },
        "pull_request_template.md": {
            "sha": "c9111343e742088ddc583eba9c9b960ba3478724"
        },
        "pyproject.toml": {
            "sha": "c063f2e8bb9bd1cd7fcae17bf3f5b6a416993e9b"
        },
        "tox.ini": {
            "sha": "18b02bfdd613e0077a949f424744fa77e5108b8a"
        }
    }
}