{
    "dirs": {
        ".github": {
            "dirs": {
                "workflows": {
                    "dirs": {},
                    "files": {
                        "publish_to_pypi.yml": {
                            "sha": "2e962b90f664b632cbfdea754c5d9ce219910f34"
                        }
                    }
                }
            },
            "files": {}
        },
        "src": {
            "dirs": {},
            "files": {
                "expressions.rs": {
                    "sha": "113e7271e3dc04f0ea4c85346ea41ed547051006"
                },
                "lib.rs": {
                    "sha": "df18d973f1e717b87e7fa03ac542702fa4a07346"
                }
            }
        },
        "tests": {
            "dirs": {},
            "files": {
                "test_pig_latinnify.py": {
                    "sha": "39056a18781e77f9ff17308b5fe0840eb0507608"
                }
            }
        },
        "{{ cookiecutter.project_slug }}": {
            "dirs": {},
            "files": {
                "__init__.py": {
                    "sha": "c4774f84bbdb0227bd3bcf9044fae0e6030b960e"
                },
                "_internal.pyi": {
                    "sha": "bda5b5a7f4cc3cdc8ef37ca67f3a0d26c3c0aad7"
                },
                "typing.py": {
                    "sha": "1b49acbb1d64dd6ea336da58dba272c337311a29"
                }
            }
        }
    },
    "files": {
        ".gitignore": {
            "sha": "59feb74fce639dd31417dcff897b355e4c414cc0"
        },
        "Cargo.toml": {
            "sha": "5b5d609c01593b8e277388524f7bfe1b6fa60e67"
        },
        "Makefile": {
            "sha": "334a854aca89cd24b58a6f9212b5d521726d5647"
        },
        "README.md": {
            "sha": "45cdb2ced6cc4f1b6fd9a16124e21ea3969cc78f"
        },
        "pyproject.toml": {
            "sha": "046a0959b7cec90600479fac1a30c52d583223a4"
        },
        "requirements.txt": {
            "sha": "a39b619c23160aa8d198096c7a65c9fb73c8bf3d"
        },
        "run.py": {
            "sha": "4e92d43d4e9fe256fc68432be32fbcdfe0b3e9cf"
        },
        "rust-toolchain.toml": {
            "sha": "a25e7e060f1f104ad7c0e20a916a9bf1d451f913"
        },
        "rustfmt.toml": {
            "sha": "4ccae53129a15535a7b14df89119a943f7463a57"
        }
    }
}