{
    "dirs": {
        "k8s": {
            "dirs": {
                "templates": {
                    "dirs": {},
                    "files": {
                        "_helpers.tpl": {
                            "sha": "2208f294b164d2c008fbef21bfebbd049649c55e"
                        },
                        "configmap.yaml": {
                            "sha": "429cc84a8bd767b29baec3c39503f3998b240d42"
                        },
                        "deployment.yaml": {
                            "sha": "6efebff052ab58a3f80e7d49ac5cd8c475354dbe"
                        },
                        "service.yaml": {
                            "sha": "1b8b3601bef34e2d200cce2787d0edfb48235579"
                        },
                        "serviceaccount.yaml": {
                            "sha": "6b3f033d7fcf128d1967ab71b241e01916a56c64"
                        }
                    }
                },
                "values": {
                    "dirs": {},
                    "files": {
                        "prod.yaml": {
                            "sha": "4c3239bcb43cb40cc51b84b8cd8606f0cbac963e"
                        }
                    }
                }
            },
            "files": {
                ".helmignore": {
                    "sha": "f0c13194444163d1cba5c67d9e79231a62bc8f44"
                },
                "Chart.yaml": {
                    "sha": "af0bc5852617b1dace24daf7ebb5a6576488654d"
                },
                "values.yaml": {
                    "sha": "4e5ff4173aada202029403280a6b843c35c515ef"
                }
            }
        },
        "requirements": {
            "dirs": {},
            "files": {
                "base.txt": {
                    "sha": "a0f7a195479211ae11906def11401c4aef4a5f81"
                },
                "production.txt": {
                    "sha": "59ab499e873d8e530222c8169ddf9b3903af6435"
                },
                "test.txt": {
                    "sha": "39dd0c369366ba71381292c40aa4e11f394e31cf"
                }
            }
        },
        "scripts": {
            "dirs": {},
            "files": {
                "README.md": {
                    "sha": "3c68e44014c723e289a50dd29791162e19387203"
                },
                "clean": {
                    "sha": "beff4a0984ac96b9857d74b33e11ce33cf86c801"
                },
                "lint": {
                    "sha": "a9ae24406e400d40ff69cd12c75e6f843fa5a81e"
                },
                "run": {
                    "sha": "3e7f4cae46afffbd5b31eab190c43db5dfdaaf3d"
                },
                "test": {
                    "sha": "fe342568ee07c8bdf9222e363e0e6e97db5497b5"
                },
                "wait-for-services": {
                    "sha": "c3386cc0cf8a5883e5d290869645a4cafaf2db9c"
                }
            }
        },
        "tests": {
            "dirs": {},
            "files": {
                "__init__.py": {
                    "sha": "e69de29bb2d1d6434b8b29ae775ad8c2e48c5391"
                },
                "conftest.py": {
                    "sha": "c49fbb34febc67c509f6e350e69c39d425d56bbc"
                },
                "test_page_views.py": {
                    "sha": "e4f1c1c9c515cd360563faa0ced19136254d8266"
                }
            }
        },
        "{{cookiecutter.project_slug}}": {
            "dirs": {
                "page_views": {
                    "dirs": {},
                    "files": {
                        "__init__.py": {
                            "sha": "e69de29bb2d1d6434b8b29ae775ad8c2e48c5391"
                        },
                        "agents.py": {
                            "sha": "115b03713678dbeab73c6b11df942375041d910d"
                        },
                        "models.py": {
                            "sha": "dce2eeeafa3f23ef0cba4c322cd37f08928c2506"
                        }
                    }
                }
            },
            "files": {
                "__init__.py": {
                    "sha": "e69de29bb2d1d6434b8b29ae775ad8c2e48c5391"
                },
                "app.py": {
                    "sha": "b02da5d30361830f040def6e3633b4b680bce8af"
                },
                "settings.py": {
                    "sha": "d516304bd92d6896f93c387870fac0513836af27"
                }
            }
        }
    },
    "files": {
        ".dockerignore": {
            "sha": "b689799db67c6410034a4c0b9ea8c5f979c5d73a"
        },
        ".gitignore": {
            "sha": "8abfa0002ad8de141f474ed72d331c69eee8cc4b"
        },
        ".gitlab-ci.yml": {
            "sha": "3e0c457306eaa8126ca73ad65273b322b9dd005d"
        },
        ".travis.yml": {
            "sha": "7aef5b9cae5acf384a5c9570565b559a3a700032"
        },
        "CHANGELOG.md": {
            "sha": "1d013ff92fa855fb03f148d15f9488c339392020"
        },
        "CONTRIBUTORS.txt": {
            "sha": "2f52c5f131fcae091868b00623af1920cdc8ead8"
        },
        "Dockerfile": {
            "sha": "b2e63475ab78e57dc0177e438ed0a2066524a555"
        },
        "LICENSE": {
            "sha": "7db3b914281e51f6ce3424b26de3e26be2b15db4"
        },
        "Makefile": {
            "sha": "439197c3527e9dee4bd9db614ae51508a126fcc7"
        },
        "README.md": {
            "sha": "a0c0c0e9ba4de4189395828d15186b22593c8dd1"
        },
        "docker-compose.yaml": {
            "sha": "26da6804ef0a858199e048052af33ed59109ddb8"
        },
        "pyproject.toml": {
            "sha": "9494f6cd5a6ca5c6ae4b293e45afefe9df8b868c"
        },
        "setup.cfg": {
            "sha": "7367474a1a362ad445dc279865311011a0d0e603"
        }
    }
}