{
    "dirs": {
        ".github": {
            "dirs": {
                "ISSUE_TEMPLATE": {
                    "dirs": {},
                    "files": {
                        "bug_report.md": {
                            "sha": "9df8c1b09978b7ee3df91ec63fd011f6dc8fe8b0"
                        },
                        "config.yml": {
                            "sha": "a934fdbf225aefad5eea91e19d11c0277ca99a82"
                        },
                        "documentation.md": {
                            "sha": "12e5a520a371d56c6b896ee7f6518274af6ffe55"
                        },
                        "feature_request.md": {
                            "sha": "c9b675488b87eab5533ad35bb89cc0533ff55c28"
                        }
                    }
                },
                "workflows": {
                    "dirs": {},
                    "files": {
                        "lint.yml": {
                            "sha": "0e61f9447c2c024f7c2609aaacf39151bb7b52c5"
                        },
                        "publish.yml": {
                            "sha": "494b409790dd9eb71a947dfc7dbdc8a712120dd6"
                        },
                        "test.yml": {
                            "sha": "1c843dd1bc307c5da156860a40d390e575d124e8"
                        }
                    }
                }
            },
            "files": {}
        },
        "docs": {
            "dirs": {
                "_static": {
                    "dirs": {
                        "images": {
                            "dirs": {},
                            "files": {
                                "front-page-image.png": {
                                    "sha": "70b48ebe72a9a810b93fc51940bcf2857e096bdd"
                                }
                            }
                        }
                    },
                    "files": {}
                }
            },
            "files": {
                "API.rst": {
                    "sha": "b80459adeca00ceea40889e85af9f3f4b80e1755"
                },
                "Contributing.rst": {
                    "sha": "6979a7947a1def854758c219e95e9ad1b898fe5b"
                },
                "Makefile": {
                    "sha": "c1f100388427b989e6b3715a425a99a695f3b5bf"
                },
                "conf.py": {
                    "sha": "62fdb6ea2cf13644b39161df2097c70761d11f86"
                },
                "index.rst": {
                    "sha": "26c1ef93b291c5e0580d61ab1630a82bc764788d"
                },
                "make.bat": {
                    "sha": "2119f51099bf37e4fdb6071dce9f451ea44c62dd"
                }
            }
        },
        "examples": {
            "dirs": {},
            "files": {
                "README.rst": {
                    "sha": "358efc51aec557ccbc82636fbc8741592d1370fc"
                },
                "example.py": {
                    "sha": "9db54b00750748d56cd0340098732141c939d1a2"
                }
            }
        },
        "{{cookiecutter.python_package_name}}": {
            "dirs": {
                "tests": {
                    "dirs": {},
                    "files": {
                        "__init__.py": {
                            "sha": "e69de29bb2d1d6434b8b29ae775ad8c2e48c5391"
                        },
                        "test_example.py": {
                            "sha": "deaf8bf89b1dcd353b17451c712e204beb091976"
                        }
                    }
                }
            },
            "files": {
                "__init__.py": {
                    "sha": "e0554ae209a86b4b817d44af0b1c46a43938745f"
                },
                "_version.py": {
                    "sha": "22ceed0a33279834e80bb2c41642dfa9f07e71ed"
                },
                "example.py": {
                    "sha": "8bc14a2745549969edd5ae642919d7d19ddfbb9d"
                }
            }
        }
    },
    "files": {
        ".gitignore": {
            "sha": "49df8611cfe74f9319fad689a19e40cb5b4bf7ed"
        },
        "LICENSE": {
            "sha": "0499f9a354815658f9f25f985fb7ccc1b8b66d29"
        },
        "README.md": {
            "sha": "eef1f5eb002d6e4b600dc9206c6c4cf243c4f68e"
        },
        "pyproject.toml": {
            "sha": "85c637778d1d1151e607ac12b862d9522d957510"
        },
        "readthedocs.yml": {
            "sha": "e346d9b40627c1be5a181be146119e400e3f93a9"
        },
        "setup.cfg": {
            "sha": "cb3ccdabfd774dc44a9f2d595dbefcdb1f509dcb"
        },
        "setup.py": {
            "sha": "d051290f3070e772d8b2f12a396750ad2e3117ea"
        }
    }
}