{
    "dirs": {
        ".envs": {
            "dirs": {
                ".local": {
                    "dirs": {},
                    "files": {
                        ".django": {
                            "sha": "d05e9edf6b731225bcdc40bd0ba2a0dea7c9f9ea"
                        },
                        ".postgres": {
                            "sha": "ee6466ef5e8ebc017048f8e68fbfdc47cc857eff"
                        }
                    }
                },
                ".production": {
                    "dirs": {},
                    "files": {
                        ".django": {
                            "sha": "a4ee65a708a84d3d0e16561df343c005cfa56949"
                        },
                        ".postgres": {
                            "sha": "f190db8e68a2121ef5f5a9f0f754a58559cf662b"
                        }
                    }
                }
            },
            "files": {
                "merge.py": {
                    "sha": "d1170eff66ef62921c61358968b02ea6341c5a28"
                }
            }
        },
        ".github": {
            "dirs": {
                "workflows": {
                    "dirs": {},
                    "files": {
                        "ci.yml": {
                            "sha": "52818e187377c093e78777db6080424749447b72"
                        }
                    }
                }
            },
            "files": {
                "dependabot.yml": {
                    "sha": "febef2d5e7314c7a08b76203ed82240c2055f420"
                }
            }
        },
        ".idea": {
            "dirs": {
                "runConfigurations": {
                    "dirs": {},
                    "files": {
                        "migrate.xml": {
                            "sha": "e694234f5d358307fba382e21e409725264e4879"
                        },
                        "runserver.xml": {
                            "sha": "e09578d1082eae68ace7f15232b8246a3ddc753b"
                        },
                        "runserver_plus.xml": {
                            "sha": "e6a92fb1b7d494ec81c093ca68493d18f7b1549c"
                        }
                    }
                }
            },
            "files": {
                "misc.xml": {
                    "sha": "10af178fd4c432703bc9cb892c727729aa46a2cb"
                },
                "modules.xml": {
                    "sha": "1418fcddfb5953ca3221f0caa82d096fc36c1ce4"
                },
                "vcs.xml": {
                    "sha": "5ace414d826e6c93413b72a6e835ff1e7b23264b"
                },
                "webResources.xml": {
                    "sha": "21058c70c6bc4a46b16d14362d478951fd39207d"
                },
                "{{cookiecutter.project_slug}}.iml": {
                    "sha": "08287edf0a31a3c6c28010b661eee1bf8cdf05ae"
                }
            }
        },
        "bin": {
            "dirs": {},
            "files": {
                "post_compile": {
                    "sha": "a9c94b39ad5816db80238fd78c1e8744ba08badb"
                }
            }
        },
        "compose": {
            "dirs": {
                "local": {
                    "dirs": {
                        "django": {
                            "dirs": {
                                "celery": {
                                    "dirs": {
                                        "beat": {
                                            "dirs": {},
                                            "files": {
                                                "start": {
                                                    "sha": "e41045ab1a34341e78b8aff41df2862885521507"
                                                }
                                            }
                                        },
                                        "flower": {
                                            "dirs": {},
                                            "files": {
                                                "start": {
                                                    "sha": "6739d5d89d8cf1801179fe4a9691df091ddaf2ef"
                                                }
                                            }
                                        },
                                        "worker": {
                                            "dirs": {},
                                            "files": {
                                                "start": {
                                                    "sha": "43d6dba09b65924b51b8219e0c6450f394d0e1fb"
                                                }
                                            }
                                        }
                                    },
                                    "files": {}
                                }
                            },
                            "files": {
                                "Dockerfile": {
                                    "sha": "5473f114e8820e74a31378589dda5f87a4522114"
                                },
                                "start": {
                                    "sha": "660eda34cf305f49729c5fe8f809d26a16feb96c"
                                }
                            }
                        },
                        "docs": {
                            "dirs": {},
                            "files": {
                                "Dockerfile": {
                                    "sha": "315fdd405e05378c0d6afa602e58f6bc9f96e904"
                                },
                                "start": {
                                    "sha": "fd2e0de6a2beeb0ed14a342754201fec9c36c9e9"
                                }
                            }
                        }
                    },
                    "files": {}
                },
                "production": {
                    "dirs": {
                        "aws": {
                            "dirs": {
                                "maintenance": {
                                    "dirs": {},
                                    "files": {
                                        "download": {
                                            "sha": "8d5ea091f677badf6075f3b2459551aee5dc2b33"
                                        },
                                        "upload": {
                                            "sha": "4a89dcb5abe59168f1e8d23ccd142027b302bf24"
                                        }
                                    }
                                }
                            },
                            "files": {
                                "Dockerfile": {
                                    "sha": "8282047b373a2cfc26bf5f0a75e526ebb963bdd5"
                                }
                            }
                        },
                        "django": {
                            "dirs": {
                                "celery": {
                                    "dirs": {
                                        "beat": {
                                            "dirs": {},
                                            "files": {
                                                "start": {
                                                    "sha": "423b0d9c165a42cb2cbc448f7bb7ed608e8b031e"
                                                }
                                            }
                                        },
                                        "flower": {
                                            "dirs": {},
                                            "files": {
                                                "start": {
                                                    "sha": "6739d5d89d8cf1801179fe4a9691df091ddaf2ef"
                                                }
                                            }
                                        },
                                        "worker": {
                                            "dirs": {},
                                            "files": {
                                                "start": {
                                                    "sha": "7b63488a0d1ec19cb9bdd0f7a90f003f37e50396"
                                                }
                                            }
                                        }
                                    },
                                    "files": {}
                                }
                            },
                            "files": {
                                "Dockerfile": {
                                    "sha": "93d4455134b4a9dc82a0daf08b2cef1ba912c077"
                                },
                                "entrypoint": {
                                    "sha": "7718f91bc6861c6b30f26b0378e659f469676163"
                                },
                                "start": {
                                    "sha": "1a41ed48ddded74ae5b2870ee48b0c5f5da75e8c"
                                }
                            }
                        },
                        "postgres": {
                            "dirs": {
                                "maintenance": {
                                    "dirs": {
                                        "_sourced": {
                                            "dirs": {},
                                            "files": {
                                                "constants.sh": {
                                                    "sha": "6ca4f0ca9c64f449bf3774f3e3d90a274f2261d0"
                                                },
                                                "countdown.sh": {
                                                    "sha": "e6cbfb6ffc2996031dae959b1ebf3e1f71b77551"
                                                },
                                                "messages.sh": {
                                                    "sha": "f6be756e97d36815e2f7d606438375c14371bfc5"
                                                },
                                                "yes_no.sh": {
                                                    "sha": "fd9cae161435e5292a26785ccc7a09551801b6de"
                                                }
                                            }
                                        }
                                    },
                                    "files": {
                                        "backup": {
                                            "sha": "ee0c9d63cd59a8502e622444c4191e11355f3cbb"
                                        },
                                        "backups": {
                                            "sha": "0484ccff50d7cd942d8793e94530e37ebf102344"
                                        },
                                        "restore": {
                                            "sha": "9661ca7f1ac38e4b061bc4e1e70b8b5be7aca8b5"
                                        }
                                    }
                                }
                            },
                            "files": {
                                "Dockerfile": {
                                    "sha": "eca29bada193c98d88e99fe32724385f2df3ec91"
                                }
                            }
                        },
                        "traefik": {
                            "dirs": {},
                            "files": {
                                "Dockerfile": {
                                    "sha": "aa879052b765bc0476addee5844b78cfaa3a98c1"
                                },
                                "traefik.yml": {
                                    "sha": "cfd566a8d7f853e4f490134e1a870fda550191a2"
                                }
                            }
                        }
                    },
                    "files": {}
                }
            },
            "files": {}
        },
        "config": {
            "dirs": {
                "settings": {
                    "dirs": {},
                    "files": {
                        "__init__.py": {
                            "sha": "e69de29bb2d1d6434b8b29ae775ad8c2e48c5391"
                        },
                        "base.py": {
                            "sha": "a0eac10771cafb58402ccdeea1d6784e192df683"
                        },
                        "local.py": {
                            "sha": "21e6a8dfc7c52982c789613c203ba8a0e893c16e"
                        },
                        "production.py": {
                            "sha": "4c874c9587456e7da637ecd702e930be5d7544ef"
                        },
                        "test.py": {
                            "sha": "667bb20d8e3b0e0072da0b7fafc0d3c915061166"
                        }
                    }
                }
            },
            "files": {
                "__init__.py": {
                    "sha": "facf410bd79b33945788722903721dc5d8acbb0d"
                },
                "asgi.py": {
                    "sha": "8c99bbf530d09c8b2d647d9232f23082e4399a38"
                },
                "celery.py": {
                    "sha": "0728a649e0c860fa78094661d68dc6206937a7e7"
                },
                "urls.py": {
                    "sha": "4d9c78bac7a73da69c8c45ac767897362928e6e3"
                },
                "websocket.py": {
                    "sha": "81adfbc664215c36e2208ab0254b81f1a64297b7"
                },
                "wsgi.py": {
                    "sha": "a7de581cad605574390d2c1f563a5142f104d08b"
                }
            }
        },
        "docs": {
            "dirs": {
                "pycharm": {
                    "dirs": {
                        "images": {
                            "dirs": {},
                            "files": {
                                "1.png": {
                                    "sha": "06908a12545a069f24490835777674c4c02fcd8a"
                                },
                                "2.png": {
                                    "sha": "1fb8cf1e20c6dfaa542a1c91942a7a1bd96ea96a"
                                },
                                "3.png": {
                                    "sha": "32c93351bed8e97ef9cdcdd4eace0e6411cbaa42"
                                },
                                "4.png": {
                                    "sha": "cf07f9d83c37d5d95d57c36a7accf1bf195c731c"
                                },
                                "7.png": {
                                    "sha": "4f8807e3aa35eadb54537f5e7a05b3552fd7df1f"
                                },
                                "8.png": {
                                    "sha": "05946f2c3d602d2b6e0b2d79beee2699fb57323c"
                                },
                                "f1.png": {
                                    "sha": "2d8c4b6cc1d5c53fa377137a6c1a9523893631a4"
                                },
                                "f2.png": {
                                    "sha": "b123a478f441a7e076f4f4deb3e2015b80014833"
                                },
                                "f3.png": {
                                    "sha": "713ab543efb99b38f13ebb32a71ac922106ba6e0"
                                },
                                "f4.png": {
                                    "sha": "11668ecdcc6c32124c04bed93e8942db2638c783"
                                },
                                "issue1.png": {
                                    "sha": "1bb68eeec6a536d5fd9285696d23100484cb5fd5"
                                },
                                "issue2.png": {
                                    "sha": "174f6fdf3f8a1d7e510f56de24813c571ad8bb82"
                                }
                            }
                        }
                    },
                    "files": {
                        "configuration.rst": {
                            "sha": "d8e769167f10a6ca690fa08cb17ebdf2041a1c39"
                        }
                    }
                }
            },
            "files": {
                "Makefile": {
                    "sha": "0b56e1f8615611ee1a6554317711231a7b50d285"
                },
                "__init__.py": {
                    "sha": "8772c827b325541e1fb46121b7175b1087fc7e26"
                },
                "conf.py": {
                    "sha": "c640e1c63d8352347ceed7ffd8f109435568e47a"
                },
                "howto.rst": {
                    "sha": "25f442c374ee381728c2b0d861121bd5dc765a24"
                },
                "index.rst": {
                    "sha": "5fafc69662efa4e1b9160487c5e82cfed016329a"
                },
                "make.bat": {
                    "sha": "b19f42c6a07546bc5f555dd6e885b1d2b9766d10"
                },
                "users.rst": {
                    "sha": "6cf6455622cfa33e6dda7aa9e92eab8df0add10d"
                }
            }
        },
        "locale": {
            "dirs": {},
            "files": {
                "README.rst": {
                    "sha": "c2f1dcd6f9351fbcd12946d26734dc2df5fa40fa"
                }
            }
        },
        "requirements": {
            "dirs": {},
            "files": {
                "base.txt": {
                    "sha": "620919fc33dae61124d34cfadda5774835028d04"
                },
                "local.txt": {
                    "sha": "9ec4f00c039f0b5a9bda7221d2c838936262cdac"
                },
                "production.txt": {
                    "sha": "38e5ec869f8b6d2d18d270f0c3d9eaba5db65b17"
                }
            }
        },
        "static": {
            "dirs": {
                "css": {
                    "dirs": {},
                    "files": {
                        ".gitkeep": {
                            "sha": "e69de29bb2d1d6434b8b29ae775ad8c2e48c5391"
                        }
                    }
                },
                "fonts": {
                    "dirs": {},
                    "files": {
                        ".gitkeep": {
                            "sha": "e69de29bb2d1d6434b8b29ae775ad8c2e48c5391"
                        }
                    }
                },
                "images": {
                    "dirs": {
                        "favicons": {
                            "dirs": {},
                            "files": {
                                "favicon.ico": {
                                    "sha": "e1c1dd1a32a3a077c41a21e52bc7fb5ac90d3afb"
                                }
                            }
                        }
                    },
                    "files": {}
                },
                "js": {
                    "dirs": {},
                    "files": {
                        "project.js": {
                            "sha": "d26d23b9be8b969787f72d47f965266aecbfa4db"
                        }
                    }
                }
            },
            "files": {}
        },
        "templates": {
            "dirs": {
                "rest_framework": {
                    "dirs": {},
                    "files": {
                        "api.html": {
                            "sha": "7962f2f7f4da8c19d5be0ed0d67f8d615cffdad2"
                        },
                        "login.html": {
                            "sha": "a30ef0b15b827503521626236a400163e6a12671"
                        }
                    }
                }
            },
            "files": {
                "403.html": {
                    "sha": "c02bd4e9ece3c039ad35e6988e66b684976ce115"
                },
                "404.html": {
                    "sha": "1687ef311455338ef1221fb71e7e1e586018d8bb"
                },
                "500.html": {
                    "sha": "122e0813e6792ccb2a0d53b8c1225c02f72d730f"
                },
                "base.html": {
                    "sha": "b5db06b09ea0e984c4b94969d94f516ae9f666e4"
                }
            }
        },
        "utility": {
            "dirs": {},
            "files": {
                "install_os_dependencies.sh": {
                    "sha": "ec9372fd8deda38db6a2db0992d6acd2c9d6ef77"
                },
                "install_python_dependencies.sh": {
                    "sha": "517934841b497d1549acff8ae54b5fed8a4d1795"
                },
                "requirements-bionic.apt": {
                    "sha": "1ca82b2640ebf395bb693a50c368a91d08d07941"
                },
                "requirements-buster.apt": {
                    "sha": "75957f40d4b9deab2faf60e62e53c16c962f331d"
                },
                "requirements-jessie.apt": {
                    "sha": "5c49365ba9824606cc5d1bcf44f7e068ad0cd291"
                },
                "requirements-stretch.apt": {
                    "sha": "a2b3a7e5e02cf625c91325c16fae00daf5416de2"
                },
                "requirements-trusty.apt": {
                    "sha": "455f1a8689042cb9c208303f8e40bfcd9b588dec"
                },
                "requirements-xenial.apt": {
                    "sha": "ba84ef167d6c491ced2af287c7af7224ab3d9f5d"
                }
            }
        },
        "{{cookiecutter.project_slug}}": {
            "dirs": {
                "accounts": {
                    "dirs": {
                        "migrations": {
                            "dirs": {},
                            "files": {
                                "0001_initial.py": {
                                    "sha": "6fa0b2f67634bd9ee999b64d04096b0df2e6f2c4"
                                },
                                "__init__.py": {
                                    "sha": "e69de29bb2d1d6434b8b29ae775ad8c2e48c5391"
                                }
                            }
                        },
                        "models": {
                            "dirs": {},
                            "files": {
                                "__init__.py": {
                                    "sha": "a91133e6ee58f94b074bfcd6f1ca3dbd287b794c"
                                },
                                "user.py": {
                                    "sha": "a43430ff8898cd2f2aa398018f2597ac817034d7"
                                }
                            }
                        },
                        "tests": {
                            "dirs": {},
                            "files": {
                                "__init__.py": {
                                    "sha": "e69de29bb2d1d6434b8b29ae775ad8c2e48c5391"
                                },
                                "factories.py": {
                                    "sha": "24577caa009ac250bdee4f209cd4986289d3c265"
                                },
                                "providers.py": {
                                    "sha": "f196bd7bd560036fd905c27381fbf7dabbb7160e"
                                },
                                "test_models.py": {
                                    "sha": "e027a962d69b425c46e775e914032a5e2f072b5c"
                                }
                            }
                        }
                    },
                    "files": {
                        "__init__.py": {
                            "sha": "c9c51d2690a2d135a73c3d7c67c97cf4ac6bc0bd"
                        },
                        "admin.py": {
                            "sha": "2c23ece9ede35d8789fd8661ebe116d1a170bffc"
                        },
                        "apps.py": {
                            "sha": "655c6d280a743529cd8d0d2da6a6b0c6f8530a5c"
                        }
                    }
                },
                "common": {
                    "dirs": {
                        "management": {
                            "dirs": {
                                "commands": {
                                    "dirs": {},
                                    "files": {
                                        "__init__.py": {
                                            "sha": "e69de29bb2d1d6434b8b29ae775ad8c2e48c5391"
                                        },
                                        "dbutils.py": {
                                            "sha": "66f23b8ddb6aded36bbbde16a78dae2dc8fc312a"
                                        },
                                        "genutils.py": {
                                            "sha": "7d402625353232ba1f27c3ab236c851dbe9c8451"
                                        }
                                    }
                                }
                            },
                            "files": {
                                "__init__.py": {
                                    "sha": "e69de29bb2d1d6434b8b29ae775ad8c2e48c5391"
                                }
                            }
                        },
                        "migrations": {
                            "dirs": {},
                            "files": {
                                "__init__.py": {
                                    "sha": "e69de29bb2d1d6434b8b29ae775ad8c2e48c5391"
                                }
                            }
                        },
                        "models": {
                            "dirs": {},
                            "files": {
                                "__init__.py": {
                                    "sha": "d30bb1b39856c9f378006f354788bd996e1cdf42"
                                },
                                "abstract.py": {
                                    "sha": "0fce063cce2bd1c05f3fd77eb0bb6d7500fae066"
                                }
                            }
                        }
                    },
                    "files": {
                        "__init__.py": {
                            "sha": "721261d0ffbe7af0a7d7eec9994b16e587aaa6f6"
                        },
                        "admin.py": {
                            "sha": "846f6b4061a68eda58bc9c76c36603d1e7721ee8"
                        },
                        "apps.py": {
                            "sha": "6ab81eefe6fc74253094f35f4606a4943fb7c6b5"
                        },
                        "contexts.py": {
                            "sha": "de405076f06faac179cd324855a5f5bcddcf5830"
                        },
                        "decorators.py": {
                            "sha": "fad6921bea05a4323ceca1efeaffaf3685d28b1b"
                        },
                        "storages.py": {
                            "sha": "bd725afae5260f5f88bfd14cce568eacc753fa63"
                        },
                        "utils.py": {
                            "sha": "0a0b3ee55afe25416a3ebb6e3055a12f6e22e643"
                        }
                    }
                }
            },
            "files": {
                "__init__.py": {
                    "sha": "b4056707a675a8b725cf320ab821c76959356899"
                },
                "conftest.py": {
                    "sha": "9ddc24618c23d948e93115e15e864abf2f7b0526"
                }
            }
        }
    },
    "files": {
        ".coveragerc": {
            "sha": "283a4b89c7dff9492364e0b65f5d754eb0fa25c2"
        },
        ".dockerignore": {
            "sha": "e63c0c1844fda5ac3ba4a5c4d34d222908d62d33"
        },
        ".editorconfig": {
            "sha": "39c15f079577f5a514e7103c8458330b4b9e6604"
        },
        ".gitattributes": {
            "sha": "176a458f94e0ea5272ce67c36bf30b6be9caf623"
        },
        ".gitignore": {
            "sha": "80635c24c94a22c7c0110403abce7b73177e905c"
        },
        ".gitlab-ci.yml": {
            "sha": "60925b811cdbc32c171b63ef5d4db60d910ebd7a"
        },
        ".pre-commit-config.yaml": {
            "sha": "b57a6f29c914b93cdb00f28072c23b201d2d11f2"
        },
        ".pylintrc": {
            "sha": "a0955f0769c9afeadd370c58c2b0093051610222"
        },
        ".readthedocs.yml": {
            "sha": "b193a85e08150d87be1802f0c032621f79cf1948"
        },
        ".travis.yml": {
            "sha": "24f9f24ac72e50054227f2a2ed67807fa933c1d3"
        },
        "CONTRIBUTORS.txt": {
            "sha": "82a80bfc17103625afaf06009bf4ebb4c77bdce0"
        },
        "COPYING": {
            "sha": "94a9ed024d3859793618152ea559a168bbcbb5e2"
        },
        "LICENSE": {
            "sha": "c831e030962f8a9a905a47e9ab914ba4719a95d5"
        },
        "Procfile": {
            "sha": "d3044923ba316d7b4a4e8fb22011c792bd750935"
        },
        "README.rst": {
            "sha": "80aac5f07f7b82c0c72ec8f55176ef1e112b5690"
        },
        "local.yml": {
            "sha": "7fba068afa1b89020775b9a04dba222475f56124"
        },
        "manage.py": {
            "sha": "c44cc826d6189736de6be2222f477a835504b18b"
        },
        "production.yml": {
            "sha": "93b61b13433acb099c8aa38650655492496fa40c"
        },
        "pyproject.toml": {
            "sha": "f9f6f4c06eccada5ee1f543e4c1cbc7cd8a638f1"
        },
        "pytest.ini": {
            "sha": "802eea498576a57f126c8a1e46194ea2d1edce32"
        },
        "requirements.txt": {
            "sha": "c1b500c2b4112795c84cd98d56e7de73a2da79fd"
        },
        "runtime.txt": {
            "sha": "43b47fb46c296d133649f410d92571596927ecce"
        },
        "setup.cfg": {
            "sha": "62d1dfbbeb036361d411f1bd69038d32deca1d5c"
        }
    }
}