{
    "dirs": {
        "docs": {
            "dirs": {
                "_static": {
                    "dirs": {},
                    "files": {
                        ".gitkeep": {
                            "sha": "e69de29bb2d1d6434b8b29ae775ad8c2e48c5391"
                        }
                    }
                },
                "_templates": {
                    "dirs": {},
                    "files": {
                        ".gitkeep": {
                            "sha": "e69de29bb2d1d6434b8b29ae775ad8c2e48c5391"
                        }
                    }
                }
            },
            "files": {
                ".gitignore": {
                    "sha": "9e60a35bec69b34b69add40a2ff136d01c2c21bf"
                },
                "conf.py": {
                    "sha": "c041d6665fbe1d6283b0541331dab9b335061db0"
                },
                "index.rst": {
                    "sha": "bdfa9341567f20c1a5735fdf5f630a1b927ef2e8"
                }
            }
        },
        "etc": {
            "dirs": {},
            "files": {
                "config.toml": {
                    "sha": "393a2b5f8d7dc12a627c98f76f04ecdfba6febb9"
                }
            }
        },
        "src": {
            "dirs": {
                "{{cookiecutter.app_name}}": {
                    "dirs": {
                        "api": {
                            "dirs": {},
                            "files": {
                                "__init__.py": {
                                    "sha": "b2caa566fd87a91d48cb690303d9aae4a7e591ef"
                                },
                                "hello.py": {
                                    "sha": "464913cb6ed248c40643fcadc72d736b913e17e1"
                                }
                            }
                        },
                        "core": {
                            "dirs": {},
                            "files": {
                                "__init__.py": {
                                    "sha": "2c03615e90a9be6af392a2aac29cdaa25fd757b1"
                                },
                                "config.py": {
                                    "sha": "8e5691b6c5ad6955a13bad9fecf4b42ebe13174e"
                                },
                                "logger.py": {
                                    "sha": "5b7fe677d63b4e1780a723e8024f8c9bda8908b3"
                                }
                            }
                        }
                    },
                    "files": {
                        "__init__.py": {
                            "sha": "f8d8f40b723057b9920faf7ae179198e2e9d4139"
                        },
                        "__main__.py": {
                            "sha": "bed0ba0df82ebe52bf02ea619a4ac002f3827ff9"
                        },
                        "__version__.py": {
                            "sha": "b2a0db1cd38c35e6ca5686a70229e667af2b8cc0"
                        },
                        "cli.py": {
                            "sha": "0416356547b8033a155c59f00b45e946808ca4b0"
                        }
                    }
                }
            },
            "files": {}
        },
        "tests": {
            "dirs": {
                "assets": {
                    "dirs": {},
                    "files": {
                        "conf1.toml": {
                            "sha": "4cc7fd25a84c53252cbf8dbc300974190c0863e3"
                        },
                        "conf2.toml": {
                            "sha": "ebce24fee6799b5dc5aa0e2360362156ef60888b"
                        }
                    }
                },
                "unit": {
                    "dirs": {
                        "core": {
                            "dirs": {},
                            "files": {
                                "test_config.py": {
                                    "sha": "5d8e2658f50944d92c8d2de815b97809341a72c6"
                                },
                                "test_logger.py": {
                                    "sha": "03c19acb95f1491a7f2a7fc709d490f1cae633b5"
                                }
                            }
                        }
                    },
                    "files": {
                        "test_api.py": {
                            "sha": "c5f490355f19fbd2f9e734b33813f0f224aa98da"
                        },
                        "test_cli.py": {
                            "sha": "6d910fa168da569196dafd35b3d054b1c9ba210f"
                        }
                    }
                }
            },
            "files": {
                ".gitignore": {
                    "sha": "ea58dcd7be5c9a470991a170aab125e3778e7654"
                },
                "pytest.ini": {
                    "sha": "f3e5033d1ba3151066d0f7097d4dc525e7785dc8"
                }
            }
        }
    },
    "files": {
        ".gitignore": {
            "sha": "2ac45ed882f6d1ebc4d07782a93d71f1c7dd05dd"
        },
        "LICENSE": {
            "sha": "10434fe439ed1e32e75d7627776f3d0fea41d524"
        },
        "Makefile": {
            "sha": "2eec6adc70b7d6883eca93e84227f428bd74a1c8"
        },
        "README.rst": {
            "sha": "fb8c935b1e88dbe5e4d39436c734156631db03ed"
        },
        "pyproject.toml": {
            "sha": "ade7dcca4366573f5eb96ca9f9ae0144df257391"
        }
    }
}