{
    "dirs": {
        "scripts": {
            "dirs": {},
            "files": {
                "run_postgres.sh": {
                    "sha": "1b79a3a74684569595258729bcedb72c6a4f8ae0"
                }
            }
        },
        "src": {
            "dirs": {
                "api": {
                    "dirs": {
                        "controllers": {
                            "dirs": {},
                            "files": {
                                "__init__.py": {
                                    "sha": "e3e2fd2197ddf355814e5867ae3f7b9baa9dcb42"
                                },
                                "todo.py": {
                                    "sha": "18bcf2e6b62273886e6f74102414a15a760dbf29"
                                }
                            }
                        },
                        "schemas": {
                            "dirs": {},
                            "files": {
                                "__init__.py": {
                                    "sha": "ff2ef3cd20cf35b567f842676107abc19e261d91"
                                },
                                "todo.py": {
                                    "sha": "5ce58bf2e0cdfb41e844cad1f499242167ccd75f"
                                }
                            }
                        }
                    },
                    "files": {
                        "__init__.py": {
                            "sha": "ef9f70a09ba2fb63fc7f1288c62fe8920ed1afcc"
                        },
                        "middleware.py": {
                            "sha": "2617dde9c418d52b7ad54d0e6ce27febd1459382"
                        },
                        "requests.py": {
                            "sha": "d41715b239a6b6bf427176c2593e40e0433f497e"
                        },
                        "responses.py": {
                            "sha": "2831ba3177305d6ce4d2248fb116d7ea7fa0b70c"
                        }
                    }
                },
                "domain": {
                    "dirs": {
                        "models": {
                            "dirs": {},
                            "files": {
                                "__init__.py": {
                                    "sha": "e8fc46265f742f774461fcadc0d394fd416897b6"
                                },
                                "base_model.py": {
                                    "sha": "793879c8d71a4761b1bf1e306e5062902d0bd68d"
                                },
                                "todo.py": {
                                    "sha": "788b690eae37cf0d59134b4fc63e84491d3c323b"
                                }
                            }
                        }
                    },
                    "files": {
                        "__init__.py": {
                            "sha": "03eb9f69876b7291561186c7b4e24fedbd102aaa"
                        },
                        "constants.py": {
                            "sha": "c63590df8dfc2ace8a90ffd5a785fe2ad68186fb"
                        },
                        "exceptions.py": {
                            "sha": "6163f494dab949fefcaf8f57c03ccceb14eb0b06"
                        }
                    }
                },
                "infrastructure": {
                    "dirs": {
                        "databases": {
                            "dirs": {},
                            "files": {
                                "__init__.py": {
                                    "sha": "3c6aecd91972f4db9bc2a470ca1211290b0ef172"
                                },
                                "sql_alchemy.py": {
                                    "sha": "5a25c13e80f5a129c371656c8da6d63bff9ffb9f"
                                }
                            }
                        },
                        "models": {
                            "dirs": {},
                            "files": {
                                "__init__.py": {
                                    "sha": "dc72d9e9606b18a884e60b77a946bd193da4b34b"
                                },
                                "model_extension.py": {
                                    "sha": "ad5b85d76137ac50fbb73e6d897979f116499218"
                                },
                                "sql_todo.py": {
                                    "sha": "e93ab9ff207d25bfb3dfd449acfda0b1402cc874"
                                }
                            }
                        },
                        "repositories": {
                            "dirs": {},
                            "files": {
                                "__init__.py": {
                                    "sha": "7e418aef8eb335a91ed231ce03220b1d948227d6"
                                },
                                "repository.py": {
                                    "sha": "791ba7cfd4fa1a1103863f1829f2799e6030ce64"
                                },
                                "todo_repository.py": {
                                    "sha": "6b5d7f0eb232c3b74455d4074fd1f17d7e34eca3"
                                }
                            }
                        }
                    },
                    "files": {
                        "__init__.py": {
                            "sha": "4684f2188e5b6267818cab3f3d50b4b85bab5fa4"
                        }
                    }
                },
                "services": {
                    "dirs": {},
                    "files": {
                        "__init__.py": {
                            "sha": "bdcaa2e6122fd32a6e2ca591202cb1ac9c777675"
                        },
                        "repository_service.py": {
                            "sha": "0f950c0de2120358d6f79e2d4a13860a712c4e75"
                        },
                        "todo_service.py": {
                            "sha": "e2324bf7cef3102c765b26e1229ab325939efa6f"
                        }
                    }
                }
            },
            "files": {
                "__init__.py": {
                    "sha": "e69de29bb2d1d6434b8b29ae775ad8c2e48c5391"
                },
                "app.py": {
                    "sha": "4d1c8629ea93918880a320225e42732a286176da"
                },
                "config.py": {
                    "sha": "c8f140c1c0b94a089a6cbece84d106ee87b13401"
                },
                "cors.py": {
                    "sha": "5e0af3f87ea7e6bf80d654ad614492de99c7cb5c"
                },
                "create_app.py": {
                    "sha": "7574e95490151306baefe248dd88147e88d8aa50"
                },
                "dependency_container.py": {
                    "sha": "fc26d3559a392122dccbe1048f85c489abe9208c"
                },
                "error_handler.py": {
                    "sha": "75b3d2582bf93842a64be41b794d52b566ba9260"
                },
                "logging.py": {
                    "sha": "46c48ee403b7a576e2df04edaed6a875596ec5d6"
                },
                "management.py": {
                    "sha": "99ff0397a45e3dca27a79db5d988f4b827cfd203"
                }
            }
        },
        "tests": {
            "dirs": {
                "api": {
                    "dirs": {
                        "controllers": {
                            "dirs": {
                                "todo": {
                                    "dirs": {},
                                    "files": {
                                        "__init__.py": {
                                            "sha": "e69de29bb2d1d6434b8b29ae775ad8c2e48c5391"
                                        },
                                        "test_delete.py": {
                                            "sha": "15370a6cd7426f23c11742a2eca1200e6b8c1741"
                                        },
                                        "test_get.py": {
                                            "sha": "03430cf1c579bd5c772093c9a199acd1a46290a7"
                                        },
                                        "test_patch.py": {
                                            "sha": "57f7b910c95719dc32cebbe52be7f0692d2781cf"
                                        },
                                        "test_post.py": {
                                            "sha": "26258cc4dd6b93b5dcfc4bf3b347aca409869228"
                                        }
                                    }
                                }
                            },
                            "files": {
                                "__init__.py": {
                                    "sha": "e69de29bb2d1d6434b8b29ae775ad8c2e48c5391"
                                }
                            }
                        }
                    },
                    "files": {
                        "__init__.py": {
                            "sha": "e69de29bb2d1d6434b8b29ae775ad8c2e48c5391"
                        }
                    }
                },
                "domain": {
                    "dirs": {},
                    "files": {
                        "__init__.py": {
                            "sha": "e69de29bb2d1d6434b8b29ae775ad8c2e48c5391"
                        }
                    }
                },
                "resources": {
                    "dirs": {},
                    "files": {
                        "__init__.py": {
                            "sha": "f62fb8a27bd685aa88de9adab52fc6e7d130530b"
                        },
                        "app_test_base.py": {
                            "sha": "1956a30e1a144fe396bab37617e72c9db8eedf23"
                        }
                    }
                },
                "services": {
                    "dirs": {},
                    "files": {
                        "__init__.py": {
                            "sha": "e69de29bb2d1d6434b8b29ae775ad8c2e48c5391"
                        }
                    }
                }
            },
            "files": {
                "__init__.py": {
                    "sha": "e69de29bb2d1d6434b8b29ae775ad8c2e48c5391"
                }
            }
        }
    },
    "files": {
        ".gitignore": {
            "sha": "b3984d70144bfecde5d3d2add8c6260b2caacd6c"
        },
        "Dockerfile": {
            "sha": "e4446514359f652e9e9cdd64b4416fb9eebb548d"
        },
        "README.md": {
            "sha": "2a3737f5fa66f1fb833b7de42a1e036aae30738a"
        },
        "requirements-test.txt": {
            "sha": "c13a4f2ca4556fa7a0186300eb9b884996884a0d"
        },
        "requirements.txt": {
            "sha": "c54e22b355793e8e10af6555f6ce953eba0fddef"
        },
        "wsgi.py": {
            "sha": "985932682f02c90c614bb4355bc5737221d86333"
        }
    }
}