{
    "dirs": {
        "app": {
            "dirs": {
                "data": {
                    "dirs": {},
                    "files": {
                        "example_request.json": {
                            "sha": "5b9cc7a167a673880a2653eceb11fef40e6af589"
                        }
                    }
                },
                "tests": {
                    "dirs": {},
                    "files": {
                        "__init__.py": {
                            "sha": "5b7f7a925cc054db9e518cec6849ff369e1b35b6"
                        },
                        "test_api.py": {
                            "sha": "55c42e51786b853d5353db88ba386006deed0575"
                        }
                    }
                }
            },
            "files": {
                "__init__.py": {
                    "sha": "5b7f7a925cc054db9e518cec6849ff369e1b35b6"
                },
                "api.py": {
                    "sha": "3eeed3965dab627c4b64e15eee030dcaf95bde72"
                },
                "models.py": {
                    "sha": "e89757dcc0bd7ad2e0360e02ee0679d54ee13eba"
                },
                "spacy_extractor.py": {
                    "sha": "4da3b9d9328ebbd35b06e7b03024b77c37386e6c"
                }
            }
        },
        "images": {
            "dirs": {},
            "files": {
                "cookiecutter-docs.png": {
                    "sha": "30b2254af8770e84d9aa839fe5fadb12e5ad5655"
                }
            }
        }
    },
    "files": {
        ".gitignore": {
            "sha": "27d83a72a67ff71926a0760a90fdba075481f052"
        },
        "Dockerfile": {
            "sha": "211ee2548a8921cd1c684099c640f8dcdc479cc4"
        },
        "README.md": {
            "sha": "98f0d1e92514b04649ed48bc014c72fd99fc249a"
        },
        "main.py": {
            "sha": "20034454710bd928d3f30cbe6efa51416524c0fb"
        },
        "requirements.txt": {
            "sha": "5eadf69a613aa3aa64b16b47eab84b3a4fd4833b"
        }
    }
}