{
    "dirs": {
        ".github": {
            "dirs": {},
            "files": {
                "ISSUE_TEMPLATE.md": {
                    "sha": "4732fbaa769ff218894e436b58fd24eff2351367"
                }
            }
        },
        "demo": {
            "dirs": {
                "customTkinter_": {
                    "dirs": {},
                    "files": {
                        "complex_example.py": {
                            "sha": "072bc646f04dfca2998f5acf2476f927ba1ae6bc"
                        },
                        "sample.mp4": {
                            "sha": "59d7b689f4ff7311da12531a295d355f92de0952"
                        }
                    }
                },
                "kivy_": {
                    "dirs": {
                        "data": {
                            "dirs": {
                                "icons": {
                                    "dirs": {},
                                    "files": {
                                        "README": {
                                            "sha": "cd3d10e5cc8b5d64b24f3c6d57fa156178ed009f"
                                        },
                                        "bug.png": {
                                            "sha": "cdf4e98d2fcea30a2eaf9e04edec0cbb5e0b8936"
                                        },
                                        "chevron-left.png": {
                                            "sha": "2647b7f75d02280154d27de0aad3b82c1aa9cb17"
                                        },
                                        "chevron-right.png": {
                                            "sha": "a9becdfaaeb8cc4afebec609983eb1d0c4896a52"
                                        }
                                    }
                                },
                                "screens": {
                                    "dirs": {},
                                    "files": {
                                        "accordions.kv": {
                                            "sha": "36ecb985019ece39c513cc313eb3b807829fa57f"
                                        },
                                        "bubbles.kv": {
                                            "sha": "d0741f174aa52ebb3e95106edabd6eb5db5e73f9"
                                        },
                                        "buttons.kv": {
                                            "sha": "c3c6e85bf02273e9b3a469174f091422a18511ee"
                                        },
                                        "carousel.kv": {
                                            "sha": "0fc97ddf7f800cfee32b9657ea4face16bee57ae"
                                        },
                                        "checkboxes.kv": {
                                            "sha": "b33e8034f2a9082117b2eef2a7e3de1b7f81b31b"
                                        },
                                        "codeinput.kv": {
                                            "sha": "b90c618c4eed1e22e41b4dd1da8e56f46dd9b6e2"
                                        },
                                        "dropdown.kv": {
                                            "sha": "9afa3109f9ced3587533699bd599627abf9b0249"
                                        },
                                        "filechoosers.kv": {
                                            "sha": "a7fd296f1449466a40b0746e02134ce32a57196a"
                                        },
                                        "popups.kv": {
                                            "sha": "8adb7856f5eaf24040ea117831e75a4753763b36"
                                        },
                                        "progressbar.kv": {
                                            "sha": "73a2cc68976244c4ad710f0fe115a378ad108a45"
                                        },
                                        "rstdocument.kv": {
                                            "sha": "d0076246092791cbeb1cea9623d32fab3a869a57"
                                        },
                                        "scatter.kv": {
                                            "sha": "e4065997c0b4210b6620163537cca2fb93941ea6"
                                        },
                                        "screenmanager.kv": {
                                            "sha": "762ec2c77c7ebdb4e8440a070740da7771b5a124"
                                        },
                                        "sliders.kv": {
                                            "sha": "c78b8e7bde047ab316cf5de40eb37a6747d79425"
                                        },
                                        "spinner.kv": {
                                            "sha": "0be102d74eff7e9d8956dd8cd27b3c80f07b045a"
                                        },
                                        "splitter.kv": {
                                            "sha": "90cb69bedd864549c06819f1fed9eb9ebac6096d"
                                        },
                                        "switches.kv": {
                                            "sha": "51826659daec70cb6c85454a37756af7f792e42d"
                                        },
                                        "tabbedpanel + layouts.kv": {
                                            "sha": "4f2ae0b7ddd740b48a51bc4bd4c741e2131da631"
                                        },
                                        "textinputs.kv": {
                                            "sha": "00d25a96f8fbb1a6ea7df0d3ca122ae9123b3856"
                                        },
                                        "togglebutton.kv": {
                                            "sha": "4874f9b023f495ca50af43c157c1ca0aaa6e0a41"
                                        }
                                    }
                                }
                            },
                            "files": {
                                "background.png": {
                                    "sha": "77f42ccdd92e45ab39abe13ebb20f313baded1ac"
                                },
                                "faust_github.jpg": {
                                    "sha": "a7fbbd238d92687f3dbebdc90f461e623457404a"
                                }
                            }
                        }
                    },
                    "files": {
                        "README.txt": {
                            "sha": "9e543703db0b4868a4e5802019217df816d0ce7f"
                        },
                        "android.txt": {
                            "sha": "9b90b9afa8c64855d1e13d7b4f6545cb199569ea"
                        },
                        "main.py": {
                            "sha": "1dbd883080a5871f0b0831b6b18309fbf57ce734"
                        },
                        "requirements.txt": {
                            "sha": "f2d3c09083d4b10f2c5ae70f2743912685ca21f8"
                        },
                        "sample.gif": {
                            "sha": "a497cdc8ced270fa1665f6cdad50395c2a3230f0"
                        },
                        "showcase.kv": {
                            "sha": "b68351dded1bd9b9642eabbcb3bcd196bc734114"
                        }
                    }
                },
                "pysimplegui_": {
                    "dirs": {},
                    "files": {
                        "LICENSE": {
                            "sha": "0ad25db4bd1d86c452db3f9602ccdbe172438f52"
                        },
                        "README.md": {
                            "sha": "199f3e4a28c2d52b6b6835c9a94550a18fd4558d"
                        },
                        "SimpleGUIBuilder.gif": {
                            "sha": "695bfe38340af107962b5703418087a4d7a864d0"
                        },
                        "layout_parser.py": {
                            "sha": "0dba15badefe7167b3483a23d047a11c14c98153"
                        },
                        "requirements.txt": {
                            "sha": "a1e6f019d01f87befca778062e4fa7383671072e"
                        },
                        "simple_gui_builder.py": {
                            "sha": "39a4a02bf89b4bcacde6958b0a93c8aa1a9b2b79"
                        },
                        "tree_node.py": {
                            "sha": "252d33afb803c8e9e6410a7a049f0d0f6b42353e"
                        }
                    }
                },
                "tkinter_": {
                    "dirs": {
                        "icons": {
                            "dirs": {},
                            "files": {
                                "align-center.png": {
                                    "sha": "1dee52f58111306cab8c58832ae58b3382c2c179"
                                },
                                "align-justify.png": {
                                    "sha": "1450bba7358fcc4cba17e60900ea42a3ee3c3297"
                                },
                                "align-left.png": {
                                    "sha": "ea877f4607099e1ac414cc93f29060cba9068d10"
                                },
                                "align-right.png": {
                                    "sha": "84cacf32fc80235a479ee225780006c598947021"
                                },
                                "bold.png": {
                                    "sha": "13649785301a7130c976bc8c4499c2228f52dea8"
                                },
                                "copy.png": {
                                    "sha": "6525b9a4f721fee331e637951fbdf801f4fa0018"
                                },
                                "cut.png": {
                                    "sha": "e66da4317ccb40d1042f9ad598b7edf9b718c13c"
                                },
                                "find.png": {
                                    "sha": "22f2b7e00d252d04667663003df59a4d25cd19a8"
                                },
                                "font-color.png": {
                                    "sha": "2292d963514e66db1011c8cdefca068bf0ea9a12"
                                },
                                "highlight.png": {
                                    "sha": "f9c31d2c457fe796682c16ebf6cda084d747accd"
                                },
                                "italic.png": {
                                    "sha": "90b3750228233d43c956257f867bb01c38dab461"
                                },
                                "new.png": {
                                    "sha": "c56022ea4d29f45bf0dd115b1b0b01d9d7dc2ab2"
                                },
                                "open.png": {
                                    "sha": "742e9472aede2cefc1a14fe30cb0a98e66fa06f5"
                                },
                                "paste.png": {
                                    "sha": "35d470a104474acede5ffcad34888f60a93c9fe9"
                                },
                                "redo.png": {
                                    "sha": "c44e1fff885ec205641cbefc1ddd4670fb4e1407"
                                },
                                "save.png": {
                                    "sha": "140f79bb4c42b8cca590a1e7d335ea2a980965a0"
                                },
                                "strike.png": {
                                    "sha": "6b6142b20826b998ddb312ea896732fb6bf09f2f"
                                },
                                "underline.png": {
                                    "sha": "00d3dc43c6471b0fe2c14d99989d6c606a4746f8"
                                },
                                "undo.png": {
                                    "sha": "003c347e2e41ffdd75bfc81f9e8742867cf16443"
                                }
                            }
                        }
                    },
                    "files": {
                        "README.md": {
                            "sha": "e07ef85ebb8e5e402c31ca86bb0aceb050d4536f"
                        },
                        "main.py": {
                            "sha": "24e3163612968480e4504fdccc1308365f026cca"
                        },
                        "requirements.txt": {
                            "sha": "037103eb44addfe1d7b478baaf701de7edb53cbe"
                        },
                        "text-editor.png": {
                            "sha": "307a94cce689d7d0fa5a4b2d0386e186c852db25"
                        }
                    }
                },
                "toga_": {
                    "dirs": {
                        "togablogpost": {
                            "dirs": {
                                "src": {
                                    "dirs": {
                                        "togablogpost": {
                                            "dirs": {
                                                "hangman_images": {
                                                    "dirs": {},
                                                    "files": {
                                                        "death.PNG": {
                                                            "sha": "b668f4c7f89218fd716038e3b92b18d1604e58d7"
                                                        },
                                                        "hangman-0.PNG": {
                                                            "sha": "182a89ed1266ee98e63ae9ece1b24c03049e7edb"
                                                        },
                                                        "hangman-1.PNG": {
                                                            "sha": "0eb3b4efc5e6bf167e0db3a6acfa6115b0b8b7d6"
                                                        },
                                                        "hangman-2.PNG": {
                                                            "sha": "a9515d12107a90416dd185c807534dfa09236e43"
                                                        },
                                                        "hangman-3.PNG": {
                                                            "sha": "e7061d58cd3d427f680eab85d038edcb3e874878"
                                                        },
                                                        "hangman-4.PNG": {
                                                            "sha": "ba46f401bbc659ba0fee19fc1f6b209d57daa950"
                                                        },
                                                        "hangman-5.PNG": {
                                                            "sha": "f8c572ce5a52fb753b233b9c867c77f958d45915"
                                                        },
                                                        "hangman-6.PNG": {
                                                            "sha": "e979e6c3d55c2e474dc354a219631bf71699676b"
                                                        },
                                                        "victory.PNG": {
                                                            "sha": "628c552265f073f4950566792291089c4addf5a7"
                                                        }
                                                    }
                                                },
                                                "resources": {
                                                    "dirs": {},
                                                    "files": {
                                                        "__init__.py": {
                                                            "sha": "e69de29bb2d1d6434b8b29ae775ad8c2e48c5391"
                                                        },
                                                        "togablogpost.icns": {
                                                            "sha": "27b43d39d1c038a7bf7c8c5f26dd6b5f1b141417"
                                                        },
                                                        "togablogpost.ico": {
                                                            "sha": "357ada2a58668dd92596fb8d362b4cbcd6dc9329"
                                                        },
                                                        "togablogpost.png": {
                                                            "sha": "0ab2cb69db68c3b20e1fcd075912a3bf6d7a057a"
                                                        }
                                                    }
                                                }
                                            },
                                            "files": {
                                                "__init__.py": {
                                                    "sha": "e69de29bb2d1d6434b8b29ae775ad8c2e48c5391"
                                                },
                                                "__main__.py": {
                                                    "sha": "91b753d1b3a40d8ca07a6ff978b6a5ea151dc3c1"
                                                },
                                                "app.py": {
                                                    "sha": "cd3bd64338385f98570e363aefd28efbc20a9e8e"
                                                },
                                                "english_words.txt": {
                                                    "sha": "81b0ac11d6ab251a47cc07f32aa8bd96563e193b"
                                                }
                                            }
                                        }
                                    },
                                    "files": {}
                                },
                                "tests": {
                                    "dirs": {},
                                    "files": {
                                        "__init__.py": {
                                            "sha": "e69de29bb2d1d6434b8b29ae775ad8c2e48c5391"
                                        },
                                        "test_app.py": {
                                            "sha": "896e9a8b875ca04f406ecbc39b75f1a4f1b98a29"
                                        },
                                        "togablogpost.py": {
                                            "sha": "d59e9f3bc9f46456af2b0f38c7d49555aab9c4cb"
                                        }
                                    }
                                }
                            },
                            "files": {
                                ".gitignore": {
                                    "sha": "f6c30e22828675f6ce0c88d4dd73a0e53ae5af17"
                                },
                                "CHANGELOG": {
                                    "sha": "ad38893e86e52d56b617b8f84bb1ee9da8a53e9d"
                                },
                                "LICENSE": {
                                    "sha": "ba93e51edbbf61799e9404e95e187046a8f99437"
                                },
                                "README.rst": {
                                    "sha": "46102eb9dc18ecdcc80051047c7431d227d1f758"
                                },
                                "pyproject.toml": {
                                    "sha": "2334494e612d42f432f8969a0970a5b20d3b2116"
                                }
                            }
                        }
                    },
                    "files": {
                        "sample.gif": {
                            "sha": "e6915c27514b7570f80d6ad58fee4f5fdb621f5e"
                        }
                    }
                },
                "wxPython_": {
                    "dirs": {},
                    "files": {
                        "README.md": {
                            "sha": "919c073df39cb4a5753e0539447768ecbf29c442"
                        },
                        "demo.gif": {
                            "sha": "d41504795d83700070d31fd9ba059ea133def26e"
                        },
                        "main.py": {
                            "sha": "5b5daf7ca5fa41fe89b80fdb6418efafcba88357"
                        },
                        "requirements.txt": {
                            "sha": "9d353c2e89862819263af3015464292d729516e7"
                        }
                    }
                },
                "{{cookiecutter.gui_framework}}": {
                    "dirs": {},
                    "files": {
                        "README.md": {
                            "sha": "6448405e233f76ed6b81b7c06d351a32d16260e6"
                        },
                        "generator.py": {
                            "sha": "851f243058962567cd600392dba49984867b8ac6"
                        },
                        "main.py": {
                            "sha": "e128573366f8a3f5e124311054d3fe4d752cffe3"
                        },
                        "main_window.ui": {
                            "sha": "d17c3f6d6756de3879aa227b73b3a29687548f9d"
                        },
                        "my_theme.xml": {
                            "sha": "5c2f63f60d4bc06d67a75b1ee41008e28d25126f"
                        },
                        "requirements.txt": {
                            "sha": "73bff429b834ca8608e5e54034ab583d9cc1b9ed"
                        }
                    }
                }
            },
            "files": {}
        },
        "docs": {
            "dirs": {},
            "files": {
                "Makefile": {
                    "sha": "740be528dea538bd71f08ad8e12a84c62f37976f"
                },
                "authors.rst": {
                    "sha": "e122f914a87b277e565fc9567af1a7545ec9872b"
                },
                "conf.py": {
                    "sha": "d91510765162e25dd68c0add146ece6c24e32ec8"
                },
                "contributing.rst": {
                    "sha": "e582053ea018c369be05aae96cf730744f1dc616"
                },
                "history.rst": {
                    "sha": "250649964bbc36f4bec2942f69238aa6f7c02c1a"
                },
                "index.rst": {
                    "sha": "208cfcd6d85041c3da085ce2a0dd56a194b3cb46"
                },
                "installation.rst": {
                    "sha": "a4186e915de8c9ba4f184277bc4d5c7ac813ab94"
                },
                "make.bat": {
                    "sha": "018504abbcc8a3ea14b96520b54ebe7d9b4a7172"
                },
                "readme.rst": {
                    "sha": "72a33558153fb57def85612b021ec596ef2a51b9"
                },
                "usage.rst": {
                    "sha": "4add6fbac22692e0fe903ea0728b0078c697e658"
                }
            }
        },
        "tests": {
            "dirs": {},
            "files": {
                "__init__.py": {
                    "sha": "79b42da3269c9b900df483f37457663f1a4bbba6"
                }
            }
        },
        "{{cookiecutter.project_slug}}": {
            "dirs": {},
            "files": {
                "__init__.py": {
                    "sha": "2cb8f81980dbefa65544690c562cb54998293351"
                },
                "{{cookiecutter.project_slug}}.py": {
                    "sha": "4f9ba79ed5f896d842d2662232d517842ce261df"
                }
            }
        }
    },
    "files": {
        ".editorconfig": {
            "sha": "d4a2c4405ec2e962c521a13af91bf5f7098a62a8"
        },
        ".gitignore": {
            "sha": "43091aa95b63522b73f7b47f3b3ef36356cd0b50"
        },
        ".travis.yml": {
            "sha": "cde3fcf0d429dfcc8784f207227f3dee416e73b8"
        },
        "AUTHORS.rst": {
            "sha": "06770ce420b0029f335a1aaac3c72dddd8fb30b5"
        },
        "CONTRIBUTING.rst": {
            "sha": "b0eb5832b45ed192b5b7351ac7e89f47b92e060b"
        },
        "HISTORY.rst": {
            "sha": "6735a75fdba246edbb5d480af61f74d35dff387d"
        },
        "LICENSE": {
            "sha": "24b2600ab0160aa6503d4e5dcedd00ed88724a8f"
        },
        "MANIFEST.in": {
            "sha": "11708e4b5ab7ebab9a67b41d0177a53caacee031"
        },
        "Makefile": {
            "sha": "c63920dbc925f1113f4b168fc79e0a82d0bf3699"
        },
        "README.rst": {
            "sha": "62cf0336de4c37600cc96e0fe068206595de072a"
        },
        "pyproject.toml": {
            "sha": "49b408bc47ebae34113e2b81a6569fefe37f8152"
        },
        "requirements_dev.txt": {
            "sha": "b5764406a503efa9b3339aaa1b1edd569463cbc2"
        },
        "setup.cfg": {
            "sha": "927a674c7c2e731cc9a43d7ede1874bf3d9bd4d9"
        },
        "setup.py": {
            "sha": "9a3994f7de0cf61dc8416b084e547ddbeb00647d"
        },
        "tox.ini": {
            "sha": "bad564f6a850c81405140b37d3e2eb8e863d7dc2"
        }
    }
}