{
    "dirs": {
        "assets": {
            "dirs": {},
            "files": {
                ".gitkeep": {
                    "sha": "e69de29bb2d1d6434b8b29ae775ad8c2e48c5391"
                }
            }
        },
        "data": {
            "dirs": {
                "processed": {
                    "dirs": {},
                    "files": {
                        ".gitkeep": {
                            "sha": "e69de29bb2d1d6434b8b29ae775ad8c2e48c5391"
                        }
                    }
                },
                "raw": {
                    "dirs": {},
                    "files": {
                        ".gitkeep": {
                            "sha": "e69de29bb2d1d6434b8b29ae775ad8c2e48c5391"
                        }
                    }
                }
            },
            "files": {}
        },
        "deploy": {
            "dirs": {},
            "files": {
                "Dockerfile": {
                    "sha": "e69de29bb2d1d6434b8b29ae775ad8c2e48c5391"
                }
            }
        },
        "model_checkpoints": {
            "dirs": {},
            "files": {
                ".gitkeep": {
                    "sha": "e69de29bb2d1d6434b8b29ae775ad8c2e48c5391"
                }
            }
        },
        "notebooks": {
            "dirs": {},
            "files": {
                ".gitkeep": {
                    "sha": "e69de29bb2d1d6434b8b29ae775ad8c2e48c5391"
                }
            }
        },
        "scripts": {
            "dirs": {},
            "files": {
                ".gitkeep": {
                    "sha": "e69de29bb2d1d6434b8b29ae775ad8c2e48c5391"
                }
            }
        },
        "tests": {
            "dirs": {},
            "files": {
                "__init__.py": {
                    "sha": "e69de29bb2d1d6434b8b29ae775ad8c2e48c5391"
                }
            }
        },
        "{{cookiecutter.repo_name}}": {
            "dirs": {
                "server": {
                    "dirs": {},
                    "files": {
                        "__init__.py": {
                            "sha": "e69de29bb2d1d6434b8b29ae775ad8c2e48c5391"
                        },
                        "main.py": {
                            "sha": "e69de29bb2d1d6434b8b29ae775ad8c2e48c5391"
                        }
                    }
                }
            },
            "files": {
                "__init__.py": {
                    "sha": "e69de29bb2d1d6434b8b29ae775ad8c2e48c5391"
                },
                "eval.py": {
                    "sha": "e69de29bb2d1d6434b8b29ae775ad8c2e48c5391"
                },
                "train.py": {
                    "sha": "e69de29bb2d1d6434b8b29ae775ad8c2e48c5391"
                }
            }
        }
    },
    "files": {
        "LICENSE": {
            "sha": "a811c7bcb3a8c44ffde2cdb7f7b37ef09a8a2259"
        },
        "README.md": {
            "sha": "6a19e678065076cd7cf8d97ed76f7ad1fca6fe9e"
        },
        "requirements.txt": {
            "sha": "e69de29bb2d1d6434b8b29ae775ad8c2e48c5391"
        }
    }
}