{
    "dirs": {
        "{{cookiecutter.project_slug}}": {
            "dirs": {
                "bin": {
                    "dirs": {},
                    "files": {
                        "readme.md": {
                            "sha": "6ec23731b73bd416d372d4b70f84ac7ef15add2f"
                        }
                    }
                },
                "controllers": {
                    "dirs": {},
                    "files": {
                        "account_controller.py": {
                            "sha": "9b0a500fe1a874725623075ab3a09a015167e0d8"
                        },
                        "base_controller.py": {
                            "sha": "1190cb7fd02866a0b1cca373d3e7687dbf4abb8f"
                        },
                        "cms_controller.py": {
                            "sha": "41e3d1bbc1787335c05ea40e9aa9ad4d3b16682a"
                        },
                        "home_controller.py": {
                            "sha": "3dfe0744de2722dc1348d67087e69683c7741819"
                        },
                        "newsletter_controller.py": {
                            "sha": "e9f6f769e71aee0f10b39195bf668f740066a2fe"
                        },
                        "readme.md": {
                            "sha": "98767a71ae0e8a1e091c51273acaa34c343b1552"
                        }
                    }
                },
                "data": {
                    "dirs": {},
                    "files": {
                        "account.py": {
                            "sha": "e479e8c5d512015ca6a27a5fe53cdd92611e5bcf"
                        },
                        "cms_page.py": {
                            "sha": "9c76b359a996228c1eebf8cfa589917ebfe31aab"
                        },
                        "dbsession.py": {
                            "sha": "20f834197b707015feb05355fb8d77120e33c026"
                        },
                        "modelbase.py": {
                            "sha": "162584844639bb019d63ae431a166af528ab86b0"
                        },
                        "passwordreset.py": {
                            "sha": "c1309d521f534f71917ee039d0a9b27cd07fa2dc"
                        },
                        "readme.md": {
                            "sha": "767a1c7df8aecb3e2071fa143622b8727b44a1c2"
                        }
                    }
                },
                "db": {
                    "dirs": {},
                    "files": {
                        "readme.md": {
                            "sha": "eda6fddb15f88cd292145bb61440828f8f41dcfb"
                        }
                    }
                },
                "email": {
                    "dirs": {
                        "templates": {
                            "dirs": {},
                            "files": {
                                "password_reset.html": {
                                    "sha": "b8b044f67e1912ba2869fce7ce3d9b01c52c2d98"
                                },
                                "welcome.html": {
                                    "sha": "729abc1bf6a9a53702f1e06e366ec28c7a76f77b"
                                }
                            }
                        }
                    },
                    "files": {
                        "readme.md": {
                            "sha": "a4c0b003713080175acb242f59c680dd93b002f2"
                        },
                        "template_paser.py": {
                            "sha": "78353d7a6e72957150409bcdcfe58d1f0ed9be90"
                        }
                    }
                },
                "infrastructure": {
                    "dirs": {},
                    "files": {
                        "cookie_auth.py": {
                            "sha": "962942986db063d7082db37c63c5855c99fa9db7"
                        },
                        "readme.md": {
                            "sha": "725f4b93aef83110baf587f9f490f0bda081634a"
                        },
                        "static_cache.py": {
                            "sha": "f15c30ce56865697c76b227cc028a878e688d461"
                        }
                    }
                },
                "services": {
                    "dirs": {},
                    "files": {
                        "account_service.py": {
                            "sha": "05b806e3691f30309c2a26ccc8efcba885fb009a"
                        },
                        "cms_service.py": {
                            "sha": "4c006045c2b201f0aac1a46a36b45534e0505337"
                        },
                        "email_service.py": {
                            "sha": "64d60b6a713b6d02547f544b0b32f8dca9f17cac"
                        },
                        "log_service.py": {
                            "sha": "df6597334952374bab12bab4865c008ec5341280"
                        },
                        "mailinglist_service.py": {
                            "sha": "44ff7f172a4a31c91530ab6d0bae99d7d14ea33a"
                        },
                        "readme.md": {
                            "sha": "a44e02c6a361a30fe7fedaeccccd017923e990ef"
                        }
                    }
                },
                "static": {
                    "dirs": {
                        "bower_components": {
                            "dirs": {
                                "bootstrap-css": {
                                    "dirs": {
                                        "css": {
                                            "dirs": {},
                                            "files": {
                                                "bootstrap-theme.css": {
                                                    "sha": "31d8882661324aedb8693f8bb7322c4af8374ae0"
                                                },
                                                "bootstrap-theme.css.map": {
                                                    "sha": "d876f60fb4fd2a1c421a4813ef080ac97b670465"
                                                },
                                                "bootstrap-theme.min.css": {
                                                    "sha": "5e39401957d87d5d810f3d05ab05aca5febd7b5d"
                                                },
                                                "bootstrap-theme.min.css.map": {
                                                    "sha": "94813e9006074c2ce411b02c4014be94b5bb6039"
                                                },
                                                "bootstrap.css": {
                                                    "sha": "6167622cecfb5c0f04156363565e3d4109fc55c5"
                                                },
                                                "bootstrap.css.map": {
                                                    "sha": "f010c82d113c25336f5ae7df32ce5de0caaddbd2"
                                                },
                                                "bootstrap.min.css": {
                                                    "sha": "ed3905e0e0c91d4ed7d8aa14412dffeb038745ff"
                                                },
                                                "bootstrap.min.css.map": {
                                                    "sha": "6c7fa40b98db056a6d36faf96c77ef85d4a68bba"
                                                }
                                            }
                                        },
                                        "fonts": {
                                            "dirs": {},
                                            "files": {
                                                "glyphicons-halflings-regular.eot": {
                                                    "sha": "b93a4953fff68df523aa7656497ee339d6026d64"
                                                },
                                                "glyphicons-halflings-regular.svg": {
                                                    "sha": "94fb5490a2ed10b2c69a4a567a4fd2e4f706d841"
                                                },
                                                "glyphicons-halflings-regular.ttf": {
                                                    "sha": "1413fc609ab6f21774de0cb7e01360095584f65b"
                                                },
                                                "glyphicons-halflings-regular.woff": {
                                                    "sha": "9e612858f802245ddcbf59788a0db942224bab35"
                                                },
                                                "glyphicons-halflings-regular.woff2": {
                                                    "sha": "64539b54c3751a6d9adb44c8e3a45ba5a73b77f0"
                                                }
                                            }
                                        },
                                        "js": {
                                            "dirs": {},
                                            "files": {
                                                "bootstrap.js": {
                                                    "sha": "8a2e99a535d47e5798b167d1074ae2c77cab21e7"
                                                },
                                                "bootstrap.min.js": {
                                                    "sha": "9bcd2fccaed9442f1460191d6670ca5e8e08520c"
                                                },
                                                "npm.js": {
                                                    "sha": "bf6aa80602d9303b61e8d5e63c10568e55b6a4d8"
                                                }
                                            }
                                        }
                                    },
                                    "files": {
                                        ".bower.json": {
                                            "sha": "cc30ecaa6724a8d5a4cf421e3cfce670926e3641"
                                        },
                                        "LICENSE": {
                                            "sha": "7a300022c3efb0f791687a0d58460d80182303e2"
                                        },
                                        "README.md": {
                                            "sha": "6a903c993938e7ce447d5687ab4b24cc87a657fb"
                                        },
                                        "bower.json": {
                                            "sha": "5dd5d6bd7fd83628687c0b272f85b5ba71b341bd"
                                        }
                                    }
                                },
                                "font-awesome": {
                                    "dirs": {
                                        "css": {
                                            "dirs": {},
                                            "files": {
                                                "font-awesome.css": {
                                                    "sha": "ee906a8196d0fbd581c27a9d5615db4c250860f2"
                                                },
                                                "font-awesome.css.map": {
                                                    "sha": "60763a8640f1c7e3d2f839d41775806a2ad2caa7"
                                                },
                                                "font-awesome.min.css": {
                                                    "sha": "540440ce89f2a408aa699b65100e18f15e0f09ca"
                                                }
                                            }
                                        },
                                        "fonts": {
                                            "dirs": {},
                                            "files": {
                                                "FontAwesome.otf": {
                                                    "sha": "401ec0f36e4f73b8efa40bd6f604fe80d286db70"
                                                },
                                                "fontawesome-webfont.eot": {
                                                    "sha": "e9f60ca953f93e35eab4108bd414bc02ddcf3928"
                                                },
                                                "fontawesome-webfont.svg": {
                                                    "sha": "855c845e538b65548118279537a04eab2ec6ef0d"
                                                },
                                                "fontawesome-webfont.ttf": {
                                                    "sha": "35acda2fa1196aad98c2adf4378a7611dd713aa3"
                                                },
                                                "fontawesome-webfont.woff": {
                                                    "sha": "400014a4b06eee3d0c0d54402a47ab2601b2862b"
                                                },
                                                "fontawesome-webfont.woff2": {
                                                    "sha": "4d13fc60404b91e398a37200c4a77b645cfd9586"
                                                }
                                            }
                                        },
                                        "less": {
                                            "dirs": {},
                                            "files": {
                                                "animated.less": {
                                                    "sha": "66ad52a5ba052ced428dcc7ec7016bc25438a2ca"
                                                },
                                                "bordered-pulled.less": {
                                                    "sha": "f1c8ad75f52bbc6c84a6dc3a341fe39e8d3edfd4"
                                                },
                                                "core.less": {
                                                    "sha": "c577ac84a6a55ef39ff7f4e25d60c3977a902ed1"
                                                },
                                                "fixed-width.less": {
                                                    "sha": "110289f2f4b5260ce04dd035408961f1e4f2785b"
                                                },
                                                "font-awesome.less": {
                                                    "sha": "c3677def3131af54af2a87d9cd2bb737a321e97e"
                                                },
                                                "icons.less": {
                                                    "sha": "159d600425c73c282be34f94af12179f091a16d2"
                                                },
                                                "larger.less": {
                                                    "sha": "c9d646770e2186c73632cbe042d82d1d1acaa25b"
                                                },
                                                "list.less": {
                                                    "sha": "0b440382f61f0bb1683e5b15c2a00e4e398f9980"
                                                },
                                                "mixins.less": {
                                                    "sha": "beef231d0e176a47375d93fb7365270eea52f7b4"
                                                },
                                                "path.less": {
                                                    "sha": "835be41f8151b6439f799be29ec7921af1b72593"
                                                },
                                                "rotated-flipped.less": {
                                                    "sha": "f6ba81475b92355723f0dc12767f715995a34162"
                                                },
                                                "screen-reader.less": {
                                                    "sha": "11c188196d5ade55930b7b94fc5a1dd0f6d1a800"
                                                },
                                                "stacked.less": {
                                                    "sha": "fc53fb0e7ab49594e1eac97208c32a290558efeb"
                                                },
                                                "variables.less": {
                                                    "sha": "7ddbbc0115f5b017bae9f401651f00d824a396b2"
                                                }
                                            }
                                        },
                                        "scss": {
                                            "dirs": {},
                                            "files": {
                                                "_animated.scss": {
                                                    "sha": "8a020dbfff7822bf57c7217eafdaa4884b8aa943"
                                                },
                                                "_bordered-pulled.scss": {
                                                    "sha": "d4b85a02f24adad8890ad69f7a1db6c7e3ec8a7d"
                                                },
                                                "_core.scss": {
                                                    "sha": "7425ef85fc80ce6b035065906fc27490715e3733"
                                                },
                                                "_fixed-width.scss": {
                                                    "sha": "b221c98133a4d4a8449c848ccb69bf631d1c3e5d"
                                                },
                                                "_icons.scss": {
                                                    "sha": "e63e702c4d9c28fb78922cefa5daf91858b12c9a"
                                                },
                                                "_larger.scss": {
                                                    "sha": "41e9a8184aa287c5970cc8415e3c5a6310dc9f79"
                                                },
                                                "_list.scss": {
                                                    "sha": "7d1e4d54d6c293333eb638aa56feba7b62e15564"
                                                },
                                                "_mixins.scss": {
                                                    "sha": "c3bbd5745d35bebda3e16ce18aeff7a4a0ce5ae1"
                                                },
                                                "_path.scss": {
                                                    "sha": "bb457c23a8e4e0688ebd9383e34ab9f2b3acecab"
                                                },
                                                "_rotated-flipped.scss": {
                                                    "sha": "a3558fd09ca7cb968166d5445f4df1a0bc2d5a7e"
                                                },
                                                "_screen-reader.scss": {
                                                    "sha": "637426f0da6dcef3602d764d9e359dabb4a5a862"
                                                },
                                                "_stacked.scss": {
                                                    "sha": "aef7403660c9a2ccc02a264c62c6b105f7d8d532"
                                                },
                                                "_variables.scss": {
                                                    "sha": "498fc4a087c614614166df2e9f08bb5e0071daf4"
                                                },
                                                "font-awesome.scss": {
                                                    "sha": "f1c83aaa5d24da542d81b09677307f47f374401e"
                                                }
                                            }
                                        }
                                    },
                                    "files": {
                                        ".bower.json": {
                                            "sha": "91c4ea109ec55f8441ae1db10483b6a6dcfed1a1"
                                        },
                                        ".gitignore": {
                                            "sha": "39c4f20b707d65c2c3543defc53bf9f56863cc55"
                                        },
                                        ".npmignore": {
                                            "sha": "54a691f81598172c378f35c30774b0d428294d37"
                                        },
                                        "HELP-US-OUT.txt": {
                                            "sha": "83d083dd770c94ee238774e2df508094ff5cc3a1"
                                        },
                                        "bower.json": {
                                            "sha": "9e2112659b01fcfc385bd070c0d2fb1d6bbb80a8"
                                        }
                                    }
                                },
                                "html5shiv": {
                                    "dirs": {},
                                    "files": {
                                        ".bower.json": {
                                            "sha": "8638933b6ccb54e8c75d20353a6716429f0f2e40"
                                        },
                                        "Gruntfile.js": {
                                            "sha": "1218a46cb7cd2b2d5c080a91a39f7062abeeb937"
                                        },
                                        "MIT and GPL2 licenses.md": {
                                            "sha": "a9538ee4ee865ce48a5707cd5b3d906b1819b274"
                                        },
                                        "bower.json": {
                                            "sha": "5814f00bfe61eb9898c0f9a37669bb3412bc6230"
                                        },
                                        "package.json": {
                                            "sha": "156cd5eccba6bbdeec99446b1aa49371d9f84aa8"
                                        },
                                        "readme.md": {
                                            "sha": "4ae846563ed49d32fe30aa66c683ec062e38705c"
                                        }
                                    }
                                },
                                "jquery-dist": {
                                    "dirs": {},
                                    "files": {
                                        ".bower.json": {
                                            "sha": "c537fbed62ce3beaf2b5819887b96d1f603abbbb"
                                        },
                                        "bower.json": {
                                            "sha": "e7e62f0aa087b7a8fe716cbbbee738aa6d4a17cd"
                                        },
                                        "jquery.min.js": {
                                            "sha": "25714ed29ab6fcf0355da4b45ac602fac0154efb"
                                        }
                                    }
                                },
                                "respond": {
                                    "dirs": {
                                        "cross-domain": {
                                            "dirs": {},
                                            "files": {
                                                "example.html": {
                                                    "sha": "700224e71c6811ec54a36bdd892633fe0f4901bd"
                                                },
                                                "respond-proxy.html": {
                                                    "sha": "f828a0a5d2030c5fdb43a01ac38c55e238a6de81"
                                                },
                                                "respond.proxy.gif": {
                                                    "sha": "ced1c0532c8669047dcaf7f93a48ae08ab6cf412"
                                                },
                                                "respond.proxy.js": {
                                                    "sha": "e9422cb707853bf9d487358cc0e26153f06a0be3"
                                                }
                                            }
                                        },
                                        "dest": {
                                            "dirs": {},
                                            "files": {
                                                "respond.matchmedia.addListener.min.js": {
                                                    "sha": "50ac74c9c644aa35e30bf96c322fcca1f1947e86"
                                                },
                                                "respond.matchmedia.addListener.src.js": {
                                                    "sha": "31571cda3356867670a90be7d28101e16aec5e14"
                                                },
                                                "respond.min.js": {
                                                    "sha": "80a7b69dcce544dfa87ae851d92acdae0e93fb0f"
                                                },
                                                "respond.src.js": {
                                                    "sha": "b1298d07568d264b5f341ea50e9c475fe935a49c"
                                                }
                                            }
                                        },
                                        "src": {
                                            "dirs": {},
                                            "files": {
                                                "matchmedia.addListener.js": {
                                                    "sha": "829091577f4e9cb19dd6d7f65aef8d2a1c378903"
                                                },
                                                "matchmedia.polyfill.js": {
                                                    "sha": "12d2b95f283670807b14ddabd3ca47a04e3adcf8"
                                                },
                                                "respond.js": {
                                                    "sha": "7b77134f7a1840850ebca4d61d3b700b6fd286e9"
                                                }
                                            }
                                        }
                                    },
                                    "files": {
                                        ".bower.json": {
                                            "sha": "089941a0eb6e98d6c3506b46aabe2426a5dd5a19"
                                        },
                                        "Gruntfile.js": {
                                            "sha": "70d4f1877d62da43face93d30de1038977917fef"
                                        },
                                        "LICENSE-MIT": {
                                            "sha": "c7cf40db13d7631ca7b53d88c6762eb5114c2cb3"
                                        },
                                        "README.md": {
                                            "sha": "2cdc7c29bb3ac40f6c392022dc6ac8eb3c3981ee"
                                        },
                                        "bower.json": {
                                            "sha": "b98e964619ab850a72c9aa06abf296c190b4b960"
                                        },
                                        "package.json": {
                                            "sha": "42864b01e132175fe83d953e655f37e0fc97683a"
                                        }
                                    }
                                }
                            },
                            "files": {}
                        },
                        "css": {
                            "dirs": {},
                            "files": {
                                "home.css": {
                                    "sha": "767faa81bf7dfc33cb7357c5c491964201dfa167"
                                },
                                "landing-page.css": {
                                    "sha": "92b4bf10a136cf3b6b98434e077bb5e3a02d89f0"
                                },
                                "nav.css": {
                                    "sha": "1ede80b6dc8e5886b1be0c843918504153f7ed89"
                                },
                                "site.css": {
                                    "sha": "f64a43c318c8d968a614718f39e2acbf59fbdf8f"
                                },
                                "theme.css": {
                                    "sha": "be50ad42098a039063a530245ae68681e027f51e"
                                }
                            }
                        },
                        "img": {
                            "dirs": {
                                "members": {
                                    "dirs": {},
                                    "files": {
                                        "drummer.jpg": {
                                            "sha": "14df6deb91c30e7b88640e756ee1a4422f8de909"
                                        },
                                        "guitarist.jpg": {
                                            "sha": "f6eae71f4a6a84068b597a7dbe04902bc3bec10a"
                                        },
                                        "singer.jpg": {
                                            "sha": "0a154fc70ded9e19152ddb23d0c6859fbbded4c5"
                                        }
                                    }
                                }
                            },
                            "files": {
                                "book-us.jpg": {
                                    "sha": "a81e71f6202ba55c96067679759b4a1c8e1f7f60"
                                },
                                "cc-comm-attr.png": {
                                    "sha": "fadd36656ea3d1a0cfc71fd992791d18b3cd27f8"
                                },
                                "event.jpg": {
                                    "sha": "17382907180df60640bf3e2ee28339cee7f751ea"
                                },
                                "fav.png": {
                                    "sha": "6d90bcf5aab76e6328d0cb39650e7b035bf13793"
                                },
                                "hero.jpg": {
                                    "sha": "d9c04bb5256bf0888133da496228188d0fe7f4fb"
                                },
                                "logo.png": {
                                    "sha": "b83657885ec0b18381bfae552e087303efba6bc7"
                                }
                            }
                        },
                        "js": {
                            "dirs": {},
                            "files": {
                                "placeholder.txt": {
                                    "sha": "e69de29bb2d1d6434b8b29ae775ad8c2e48c5391"
                                }
                            }
                        }
                    },
                    "files": {
                        "readme.md": {
                            "sha": "1862a115545f8d2db17d4eaf86d77dc289e3940c"
                        }
                    }
                },
                "templates": {
                    "dirs": {
                        "account": {
                            "dirs": {},
                            "files": {
                                "forgot_password.pt": {
                                    "sha": "57e82d6085fdde32450e9dd3e280f06d7ec32490"
                                },
                                "index.pt": {
                                    "sha": "f6e1428bf4a5356795c308d3653da3880332cbbc"
                                },
                                "register.pt": {
                                    "sha": "1a9a86ff2eb717612506633e9b5f65a049e1bbbe"
                                },
                                "reset_password.pt": {
                                    "sha": "3dccdb5eddb19e36f78645a1c9e35d7901a83560"
                                },
                                "reset_sent.pt": {
                                    "sha": "4ce59f30c3e0cd4435ef31aec268f0d8de92232c"
                                },
                                "signin.pt": {
                                    "sha": "c95e656bd69977522bd2023be316dd870e571f44"
                                }
                            }
                        },
                        "cms": {
                            "dirs": {},
                            "files": {
                                "page.pt": {
                                    "sha": "cfdb4a8e3c318900b45e7f4d516675743e842eab"
                                }
                            }
                        },
                        "home": {
                            "dirs": {},
                            "files": {
                                "about.pt": {
                                    "sha": "c8064ef94903fc210c55e0355026a34bbd450ac4"
                                },
                                "bookus.pt": {
                                    "sha": "4b2ca2d8065a3432403ba006fddaa90242a7f54a"
                                },
                                "contact.pt": {
                                    "sha": "4ea324557e501a8b9fd22b76971010d3175941eb"
                                },
                                "image_credits.pt": {
                                    "sha": "1eedc949b827efb8abd0bd3835eff4c1fb558235"
                                },
                                "index.pt": {
                                    "sha": "1264584c5bc53bc4a6acbf8cf69d15b192596841"
                                },
                                "not_implemented.pt": {
                                    "sha": "abb86f19d0a17b15df1830e2b5fd17acd245f043"
                                }
                            }
                        },
                        "newsletter": {
                            "dirs": {},
                            "files": {
                                "failed.pt": {
                                    "sha": "b139e4915ed5c953c17fc1db6636f87ac68e95ff"
                                },
                                "subscribed.pt": {
                                    "sha": "c136f9eafb2aee6b87099c536637ff4c613fc559"
                                }
                            }
                        },
                        "shared": {
                            "dirs": {},
                            "files": {
                                "_layout.pt": {
                                    "sha": "a26facb16b3c5c3ee1a33a6ef7a1aeb286fdcb53"
                                }
                            }
                        }
                    },
                    "files": {
                        "readme.md": {
                            "sha": "3ba6afeaa1c43675a4cc65531d21acbcebc5bada"
                        }
                    }
                },
                "viewmodels": {
                    "dirs": {},
                    "files": {
                        "forgotpassword_viewmodel.py": {
                            "sha": "6dff01b63b3ef1781b9aa679067b9d5e84f92b56"
                        },
                        "readme.md": {
                            "sha": "8793e81af15c6268a371b601eaec7a14fb451439"
                        },
                        "register_viewmodel.py": {
                            "sha": "9af71882062c56569f60f96c7a57e5777df9faf2"
                        },
                        "resetpassword_viewmodel.py": {
                            "sha": "44b368bb7f0fcb5cb97bbfe52970b7c8b8fa14ad"
                        },
                        "signin_viewmodel.py": {
                            "sha": "5703c596091a595649ee9fedebe610d2c2402f0d"
                        },
                        "viewmodelbase.py": {
                            "sha": "65bfa25a3a3c0fe3236cce82d633d666010f9243"
                        }
                    }
                }
            },
            "files": {
                "__init__.py": {
                    "sha": "8861c97baa25f96265a04e96e05d553f62ce9af9"
                },
                "tests.py": {
                    "sha": "08838ed3219ae5a2f624eff1c82e37f0b095b0c0"
                }
            }
        }
    },
    "files": {
        ".coveragerc": {
            "sha": "d10de58713ae0e8577c9ffb39f83d627e895e864"
        },
        "CHANGES.txt": {
            "sha": "35a34f33241b3255e30ce34cd0efed3b534f9171"
        },
        "MANIFEST.in": {
            "sha": "57e7144f121644dfba7b973fc6904786ffdbb8b4"
        },
        "README.txt": {
            "sha": "479c357c56eebdcf7c3f3cc37a52d1e330506689"
        },
        "development.ini": {
            "sha": "10a8d6f03803cc3e91f69a376f5059456c8ab6f3"
        },
        "production.ini": {
            "sha": "d194eca231840a0c0beb828d732f98015d9cba92"
        },
        "pytest.ini": {
            "sha": "3325a2fcd21a0e707e80450731bbc79c1c072dd8"
        },
        "requirements-dev.txt": {
            "sha": "aa259a2bb7711ff3be867531ff37ccbac85cca05"
        },
        "requirements.txt": {
            "sha": "cb04c8496b7dcb78d295bf06502d63ad16e00a37"
        },
        "setup.py": {
            "sha": "817bce2be0f15eb7999f82d7eeae95ed0ea93ae5"
        }
    }
}