{
    "dirs": {
        ".github": {
            "dirs": {
                "workflows": {
                    "dirs": {},
                    "files": {
                        "CI.yaml": {
                            "sha": "5c1157ee4377a682a1bbd232a69de8fe6e04b5cb"
                        }
                    }
                }
            },
            "files": {
                "CONTRIBUTING.md": {
                    "sha": "9119e7deb9c9a621121207efe75ff35e8eaab0a1"
                },
                "PULL_REQUEST_TEMPLATE.md": {
                    "sha": "c772b96d17d31ffa53f6ff861f96bde309ee9dae"
                }
            }
        },
        "devtools": {
            "dirs": {
                "conda-envs": {
                    "dirs": {},
                    "files": {
                        "test_env.yaml": {
                            "sha": "3ba96deb4c05e44f4f29ced6013139f04aa7898e"
                        }
                    }
                },
                "scripts": {
                    "dirs": {},
                    "files": {
                        "create_conda_env.py": {
                            "sha": "9ece84ad68b0afbd59e1913545d80fe8d79219c4"
                        }
                    }
                }
            },
            "files": {
                "README.md": {
                    "sha": "fc5d690eca989ecb4462657ab5146959f1e8c5c9"
                }
            }
        },
        "docs": {
            "dirs": {
                "_static": {
                    "dirs": {},
                    "files": {
                        "README.md": {
                            "sha": "2f0cf843a72c186e6a62020aadbb7975956953ad"
                        }
                    }
                },
                "_templates": {
                    "dirs": {},
                    "files": {
                        "README.md": {
                            "sha": "3f4f804317d539cb91cedb8e50c250ea214fa7fe"
                        }
                    }
                }
            },
            "files": {
                "Makefile": {
                    "sha": "1c4c7a00775a8ae1a2d2ccd6267d043c6746f2d5"
                },
                "README.md": {
                    "sha": "8c555d16bc5b3fbf3c9ebd167c49f9394e4d3106"
                },
                "api.rst": {
                    "sha": "4a2fe14e9a4a7ba94ab5cdcd134a2ea50726a551"
                },
                "conf.py": {
                    "sha": "ab7031797253bac7d1cb67e6e7f723aaa9c706e3"
                },
                "developer_guide.rst": {
                    "sha": "885901afdf5bb3570d37d4b3bb95254baee8bbd2"
                },
                "getting_started.rst": {
                    "sha": "e47ac7b321d5227f36677080149205e20974742f"
                },
                "index.rst": {
                    "sha": "82fe0bc36bd297b696b76234a400976b20ef6447"
                },
                "make.bat": {
                    "sha": "a8ed59895621a34a23b0d0a68eb33a3041e9f3b7"
                },
                "requirements.yaml": {
                    "sha": "0a06adddb99c9f2fd174ad619c3149587262ec22"
                },
                "user_guide.rst": {
                    "sha": "b747e6b73846a903e375cd73768901b0fe42bee3"
                }
            }
        },
        "{{cookiecutter.repo_name}}": {
            "dirs": {
                "data": {
                    "dirs": {},
                    "files": {
                        "README.md": {
                            "sha": "5301dae63c1ce7e279d75c2a013715f5589de6a0"
                        },
                        "look_and_say.dat": {
                            "sha": "97df45242b269be732099e9e3430610eb5a9cee9"
                        }
                    }
                },
                "tests": {
                    "dirs": {},
                    "files": {
                        "__init__.py": {
                            "sha": "e131175c2d3e4d834609c2ec6209ef17a058d926"
                        },
                        "test_{{cookiecutter.repo_name}}.py": {
                            "sha": "d027984bec3b9faa1f55ad1e8bd987fc7be6edcd"
                        }
                    }
                }
            },
            "files": {
                "__init__.py": {
                    "sha": "d3dd8980e8d7384b7acd4620a04627e39f5d5ec8"
                },
                "py.typed": {
                    "sha": "6e3cdd2488ac962b8ec09a6cb4a3dac9054c729a"
                },
                "{{cookiecutter.first_module_name}}.py": {
                    "sha": "b062e216521ade528d1ae58d0ee013843fb4e2fa"
                }
            }
        }
    },
    "files": {
        ".codecov.yml": {
            "sha": "a3ed7f477554a5753a8f1b1a66b886cde69570df"
        },
        ".gitattributes": {
            "sha": "bc5ae9ec909c2a65d84fd804841196946e04a88b"
        },
        ".gitignore": {
            "sha": "792a01ad62d88e9b03f32d10de36500861d791b6"
        },
        ".lgtm.yml": {
            "sha": "d643827649df2316b5adb1337457ba39342b2e57"
        },
        ".readthedocs.yaml": {
            "sha": "27bfa5b34e4b0c332a67c389ce07d90fe70fae82"
        },
        "CODE_OF_CONDUCT.md": {
            "sha": "589b35128dabcad7046f93ef8367f4d20aa18fb7"
        },
        "LICENSE": {
            "sha": "85b7a1f5535ebf941641d29362728589f89111a0"
        },
        "MANIFEST.in": {
            "sha": "e0267afdd3eea154a3f7af53c38cb4231a67d66f"
        },
        "README.md": {
            "sha": "a1809131a0cb7b8d8ce9aa013d8f2ee04790a8ff"
        },
        "pyproject.toml": {
            "sha": "8374868abb0dad25f2c9f8cfed10003b8f0b5fc6"
        },
        "setup.cfg": {
            "sha": "4ff86382cf26679edf22d4f1528b0b19245d4126"
        }
    }
}