{
    "dirs": {
        "bin": {
            "dirs": {},
            "files": {
                "pipstrap.py": {
                    "sha": "4c4b2d59691de33db32be0cdcb3d96d903d2ef48"
                },
                "run-common.sh": {
                    "sha": "9f593e6912b49ed2ded1e8890d4e713b6e55a9da"
                },
                "run-dev.sh": {
                    "sha": "f71cf97a8c1f32bf62587284a8221ebe6e997b4c"
                },
                "run-prod.sh": {
                    "sha": "6cf4cba644b57d7fa8f91c28ded3b5f3d35c43c3"
                }
            }
        },
        "docs": {
            "dirs": {},
            "files": {
                "Makefile": {
                    "sha": "c4cc7bfbc919cfb69a3d079e58b6e316ff8e851a"
                },
                "conf.py": {
                    "sha": "97f34840b619b8dd1829e95e56340de9029f272c"
                },
                "index.rst": {
                    "sha": "6ca959f64b72dee24c64e26499f785b252965ce2"
                },
                "make.bat": {
                    "sha": "f3e997c533ee094da9863c4df2a268da114b5a36"
                },
                "requirements.txt": {
                    "sha": "d687a41fde5d380d07724ca8416a83e354992435"
                }
            }
        },
        "static": {
            "dirs": {},
            "files": {
                ".gitkeep": {
                    "sha": "e69de29bb2d1d6434b8b29ae775ad8c2e48c5391"
                }
            }
        },
        "{{ cookiecutter.project_name }}": {
            "dirs": {
                "base": {
                    "dirs": {
                        "templates": {
                            "dirs": {
                                "{{ cookiecutter.project_name }}": {
                                    "dirs": {},
                                    "files": {
                                        "home.jinja": {
                                            "sha": "8bd4352ee1134e75373b875030b78e932c0ce38e"
                                        }
                                    }
                                }
                            },
                            "files": {}
                        },
                        "templatetags": {
                            "dirs": {},
                            "files": {
                                "__init__.py": {
                                    "sha": "e69de29bb2d1d6434b8b29ae775ad8c2e48c5391"
                                },
                                "helpers.py": {
                                    "sha": "2676d0e57b11305b5b0a994f156885bced3d462e"
                                }
                            }
                        }
                    },
                    "files": {
                        "__init__.py": {
                            "sha": "46673adad1be462d3cdf95e8a02bb8bcb20ed07c"
                        },
                        "app.py": {
                            "sha": "343fbf95fa04b76a7961baf0cb06a09d7de9e328"
                        },
                        "context_processors.py": {
                            "sha": "f0b804e04f4327a151cdd7ccc4a90bd00ab133af"
                        },
                        "tests.py": {
                            "sha": "abdc8d8c655c93b74ea9c8f18eeca4b81b3c45b4"
                        },
                        "views.py": {
                            "sha": "93972886b87b8671dcdf633a77af08de48c2dc01"
                        }
                    }
                }
            },
            "files": {
                "__init__.py": {
                    "sha": "e69de29bb2d1d6434b8b29ae775ad8c2e48c5391"
                },
                "settings.py": {
                    "sha": "788fd62bbd66d707343404bc7bfc56bf65d05bb7"
                },
                "urls.py": {
                    "sha": "56b35ba7551da4cf274789bdc80a99ad5a1bd3bd"
                },
                "wsgi.py": {
                    "sha": "8d766d4292e4fffae2dee01c35ebead51d7577b4"
                }
            }
        }
    },
    "files": {
        ".coveragerc": {
            "sha": "df8564a0a7992418a00737f28e1d5cb34f23bd99"
        },
        ".dockerignore": {
            "sha": "6b8710a711f3b689885aa5c26c6c06bde348e82b"
        },
        ".gitignore": {
            "sha": "5fe61f6740b66f957ddacb00ed2dfcc6a373941a"
        },
        ".travis.yml": {
            "sha": "d14c574ac24459f13836b90df9a7ee0eafee3eaf"
        },
        "Dockerfile": {
            "sha": "3dc6a1b7daec11dc7e44f5e53acb617da8845e45"
        },
        "LICENSE": {
            "sha": "14e2f777f6c395e7e04ab4aa306bbcc4b0c1120e"
        },
        "Procfile": {
            "sha": "eb17e00f4c1813fd6b772f2eb1c849e2e97100c3"
        },
        "README.md": {
            "sha": "4a8c5463f22cf6b314db978a27556013cf6e5cfa"
        },
        "contribute.json": {
            "sha": "8da555efeb2db750f37ef3f1a5e4f33d8fe60365"
        },
        "docker-compose.yml": {
            "sha": "3ae9a8dbe5ac71ac5bc765b4b1f153ab1245a4a9"
        },
        "manage.py": {
            "sha": "51b88afb2bd3bf0e6a6b462b98fc84dd76f7da43"
        },
        "newrelic.ini": {
            "sha": "880c008655f29ce56b266918e115e65087a03e4b"
        },
        "requirements.txt": {
            "sha": "b474a40f276344cf0e55b5aeade9cbdc8bd7918a"
        },
        "setup.cfg": {
            "sha": "2fa8d65a98e9e164ecd516f9e69dfe3beb3b99b7"
        },
        "setup.py": {
            "sha": "a2481457644e6684f026d5cc81078dde593a8e4d"
        },
        "tox.ini": {
            "sha": "e84b95b990d7d68931f06e7bba6e58c8236ce2f5"
        }
    }
}