{
    "dirs": {
        ".github": {
            "dirs": {
                "workflows": {
                    "dirs": {},
                    "files": {
                        "default.yml": {
                            "sha": "df005398c9dec18d31c76989e5c8a7127b16eab8"
                        },
                        "release-drafter.yml": {
                            "sha": "77844ea35e77b1830f4aa6e6683d54110106f05b"
                        },
                        "release-galaxy.yml": {
                            "sha": "75f1af296f4e3fbfae62b02b71ac5ebd35c135dd"
                        }
                    }
                }
            },
            "files": {
                "config.yml": {
                    "sha": "47ca920e29ac1f8aeb91974b9b94c0bb4d4b5c84"
                },
                "release-drafter.yml": {
                    "sha": "5d89759e0b142b6f1086f4d26225a96e70e25f9f"
                },
                "settings.yml": {
                    "sha": "ef1e95deaa17c0a4fc453689e78b11187cb5b01b"
                },
                "stale.yml": {
                    "sha": "dc90e5a1c3aad4818a813606b52fdecd2fdf6782"
                }
            }
        },
        "defaults": {
            "dirs": {},
            "files": {
                "main.yml": {
                    "sha": "68f0c306aa07b4f158b8b7993c22531b04289ec5"
                }
            }
        },
        "files": {
            "dirs": {},
            "files": {
                ".gitkeep": {
                    "sha": "e69de29bb2d1d6434b8b29ae775ad8c2e48c5391"
                }
            }
        },
        "handlers": {
            "dirs": {},
            "files": {
                "main.yml": {
                    "sha": "a37233a782f36dc434968374e1b32ccde5664a99"
                }
            }
        },
        "meta": {
            "dirs": {},
            "files": {
                "main.yml": {
                    "sha": "de2eed6734527738b2c941d8bbe78ae75e56bc90"
                }
            }
        },
        "molecule": {
            "dirs": {
                "alpine313": {
                    "dirs": {},
                    "files": {
                        "INSTALL.rst": {
                            "sha": "6a44bde9efa4cd86633d646404195d964fc7ca8f"
                        },
                        "molecule.yml": {
                            "sha": "146c0f49b71d3a6db1cc0d22b40bc32e1d1d111a"
                        },
                        "verify.yml": {
                            "sha": "be9a8222eb996d5343e97d4b97f1acfd2759a067"
                        }
                    }
                },
                "alpine314": {
                    "dirs": {},
                    "files": {
                        "INSTALL.rst": {
                            "sha": "6a44bde9efa4cd86633d646404195d964fc7ca8f"
                        },
                        "molecule.yml": {
                            "sha": "3cb1c19c27001ea62d69ae0456fdd8a3ed5be9f2"
                        },
                        "verify.yml": {
                            "sha": "be9a8222eb996d5343e97d4b97f1acfd2759a067"
                        }
                    }
                },
                "centos7": {
                    "dirs": {},
                    "files": {
                        "INSTALL.rst": {
                            "sha": "6a44bde9efa4cd86633d646404195d964fc7ca8f"
                        },
                        "molecule.yml": {
                            "sha": "0e0eedbcb4dce1a904f755a1e6584cc49eb62b7c"
                        },
                        "verify.yml": {
                            "sha": "be9a8222eb996d5343e97d4b97f1acfd2759a067"
                        }
                    }
                },
                "centos8": {
                    "dirs": {},
                    "files": {
                        "INSTALL.rst": {
                            "sha": "6a44bde9efa4cd86633d646404195d964fc7ca8f"
                        },
                        "molecule.yml": {
                            "sha": "404ee04c73a7e7b11b87bbd4aa617d8f7e0581a5"
                        },
                        "verify.yml": {
                            "sha": "be9a8222eb996d5343e97d4b97f1acfd2759a067"
                        }
                    }
                },
                "debian10": {
                    "dirs": {},
                    "files": {
                        "INSTALL.rst": {
                            "sha": "6a44bde9efa4cd86633d646404195d964fc7ca8f"
                        },
                        "molecule.yml": {
                            "sha": "f24176e61ac5844a8dcf56e569093a6d74cfbca6"
                        },
                        "verify.yml": {
                            "sha": "be9a8222eb996d5343e97d4b97f1acfd2759a067"
                        }
                    }
                },
                "debian11": {
                    "dirs": {},
                    "files": {
                        "INSTALL.rst": {
                            "sha": "6a44bde9efa4cd86633d646404195d964fc7ca8f"
                        },
                        "molecule.yml": {
                            "sha": "3f797389824ab7d463d1566e722387e60cfc1dfb"
                        },
                        "verify.yml": {
                            "sha": "be9a8222eb996d5343e97d4b97f1acfd2759a067"
                        }
                    }
                },
                "debian8": {
                    "dirs": {},
                    "files": {
                        "INSTALL.rst": {
                            "sha": "6a44bde9efa4cd86633d646404195d964fc7ca8f"
                        },
                        "molecule.yml": {
                            "sha": "b68f5f483568dbc4e5523af93e409ae059e0d271"
                        },
                        "verify.yml": {
                            "sha": "be9a8222eb996d5343e97d4b97f1acfd2759a067"
                        }
                    }
                },
                "debian9": {
                    "dirs": {},
                    "files": {
                        "INSTALL.rst": {
                            "sha": "6a44bde9efa4cd86633d646404195d964fc7ca8f"
                        },
                        "molecule.yml": {
                            "sha": "5d5fe85d7ac13f280bb3b2986ca1821ba5b4903d"
                        },
                        "verify.yml": {
                            "sha": "be9a8222eb996d5343e97d4b97f1acfd2759a067"
                        }
                    }
                },
                "fedora34": {
                    "dirs": {},
                    "files": {
                        "INSTALL.rst": {
                            "sha": "6a44bde9efa4cd86633d646404195d964fc7ca8f"
                        },
                        "molecule.yml": {
                            "sha": "e5e2c06e731dac103c86af19d07b7776037009ae"
                        },
                        "verify.yml": {
                            "sha": "be9a8222eb996d5343e97d4b97f1acfd2759a067"
                        }
                    }
                },
                "fedora35": {
                    "dirs": {},
                    "files": {
                        "INSTALL.rst": {
                            "sha": "6a44bde9efa4cd86633d646404195d964fc7ca8f"
                        },
                        "molecule.yml": {
                            "sha": "038615c3d9275db6b33098c2548da907b6539b6c"
                        },
                        "verify.yml": {
                            "sha": "be9a8222eb996d5343e97d4b97f1acfd2759a067"
                        }
                    }
                },
                "rocky8": {
                    "dirs": {},
                    "files": {
                        "INSTALL.rst": {
                            "sha": "6a44bde9efa4cd86633d646404195d964fc7ca8f"
                        },
                        "molecule.yml": {
                            "sha": "3015f8b418b25e8c53193a904b7741f3389f17f5"
                        },
                        "verify.yml": {
                            "sha": "be9a8222eb996d5343e97d4b97f1acfd2759a067"
                        }
                    }
                },
                "shared": {
                    "dirs": {},
                    "files": {
                        "converge.yml": {
                            "sha": "ea5bac8bce8fefb20a73c7a1a54717a57a6404d7"
                        },
                        "prepare.yml": {
                            "sha": "3752daa00432455301fe1ea0a6c575fe005fbfa8"
                        },
                        "verify.yml": {
                            "sha": "a82dd6fd0bce1c1742b2d5523fe06b8a51a84c8c"
                        }
                    }
                },
                "ubuntu1604": {
                    "dirs": {},
                    "files": {
                        "INSTALL.rst": {
                            "sha": "6a44bde9efa4cd86633d646404195d964fc7ca8f"
                        },
                        "molecule.yml": {
                            "sha": "eb05c1852f2d60ddb962856551fd0aeb1ae9eb06"
                        },
                        "verify.yml": {
                            "sha": "be9a8222eb996d5343e97d4b97f1acfd2759a067"
                        }
                    }
                },
                "ubuntu1804": {
                    "dirs": {},
                    "files": {
                        "INSTALL.rst": {
                            "sha": "6a44bde9efa4cd86633d646404195d964fc7ca8f"
                        },
                        "molecule.yml": {
                            "sha": "15623e9b11510b0d6db0039f489b54e8f532f0b4"
                        },
                        "verify.yml": {
                            "sha": "be9a8222eb996d5343e97d4b97f1acfd2759a067"
                        }
                    }
                },
                "ubuntu2004": {
                    "dirs": {},
                    "files": {
                        "INSTALL.rst": {
                            "sha": "6a44bde9efa4cd86633d646404195d964fc7ca8f"
                        },
                        "molecule.yml": {
                            "sha": "7e9d195264c3f4ad19ed680898e48df7fac5ef96"
                        },
                        "verify.yml": {
                            "sha": "be9a8222eb996d5343e97d4b97f1acfd2759a067"
                        }
                    }
                },
                "ubuntu2204": {
                    "dirs": {},
                    "files": {
                        "INSTALL.rst": {
                            "sha": "6a44bde9efa4cd86633d646404195d964fc7ca8f"
                        },
                        "molecule.yml": {
                            "sha": "d173db2f328bb62e37cc4ea69f1b6ac7f90102eb"
                        },
                        "verify.yml": {
                            "sha": "be9a8222eb996d5343e97d4b97f1acfd2759a067"
                        }
                    }
                }
            },
            "files": {}
        },
        "tasks": {
            "dirs": {},
            "files": {
                "main.yml": {
                    "sha": "1bacd55d36363deb70ad04fce23c570cfcc2217a"
                }
            }
        },
        "templates": {
            "dirs": {},
            "files": {
                ".gitkeep": {
                    "sha": "e69de29bb2d1d6434b8b29ae775ad8c2e48c5391"
                }
            }
        },
        "vars": {
            "dirs": {},
            "files": {
                "main.yml": {
                    "sha": "b38f5b693a27102ef7b655bc524dbf478357018e"
                }
            }
        }
    },
    "files": {
        ".ansible-lint": {
            "sha": "e83e3089a11b7d3a3ca64fd8ea2b28c86f3f98ff"
        },
        ".flake8": {
            "sha": "ee188520c097688d9d4fcbe1c746c777090aff90"
        },
        ".gitignore": {
            "sha": "af3fdb078c840e01f72d4547bc9c491381354ebe"
        },
        ".gitlab-ci.yml": {
            "sha": "0b9f629018c5e00af9f59fe6fc8e66076f65a069"
        },
        ".pre-commit-config.yaml": {
            "sha": "3cc412ad91a8b03f000e32ca0b4fb4310c36687e"
        },
        ".yamllint": {
            "sha": "f09307db3ca00817baf66ea4e21092154b16bfb5"
        },
        "CHANGELOG.md": {
            "sha": "e69de29bb2d1d6434b8b29ae775ad8c2e48c5391"
        },
        "CODE_OF_CONDUCT.md": {
            "sha": "6a1ab08b4ce6d9e2e2ea239710f6f24df03987fc"
        },
        "CONTRIBUTING.md": {
            "sha": "6cd084c0d3711880746651fd462b67ddefb2a8d7"
        },
        "CONTRIBUTORS.md": {
            "sha": "595a262f6d6e85cf46b42d56c35271b18266693c"
        },
        "LICENSE.md": {
            "sha": "dfef204678cf37dac12081ec1eef4eae412fcc83"
        },
        "README.md": {
            "sha": "0061d9c7deabdc7166fc655be4abd86316e1b373"
        },
        "playbook.yml": {
            "sha": "3728b3dfd22f2ccb232877c0a142effba6e7261d"
        },
        "poetry.lock": {
            "sha": "0ca68d0ef5d480d5c36fa38dd6e23abb0648f109"
        },
        "pyproject.toml": {
            "sha": "93b9a1ed1ab016603c90ea420fa06ca9e814d176"
        },
        "requirements-dev.in": {
            "sha": "b6870696f229b76d77ae3d4e5f861c2a3f52e35b"
        },
        "requirements-dev.txt": {
            "sha": "10d1edaa21e67e819e9fad21b23ae2100f49d802"
        },
        "requirements.in": {
            "sha": "e9997ce81b8b6a7b97d5d4a0ba284071fc17ba24"
        },
        "requirements.txt": {
            "sha": "e188947b8c1a9d9049f3f125cb996951d80c3125"
        },
        "requirements.yml": {
            "sha": "3a35fcc24d4abd4b1d7e95ea28570519b3fb331c"
        }
    }
}