{
    "dirs": {
        "About": {
            "dirs": {},
            "files": {
                "About.xml": {
                    "sha": "1337173a405ea287948aebab37484049666198bc"
                },
                "Preview.png": {
                    "sha": "315ad3cca60bba6d7033adbaad7192633b5a274c"
                }
            }
        },
        "Common": {
            "dirs": {
                "Assemblies": {
                    "dirs": {},
                    "files": {
                        "{{''}}": {
                            "sha": "e69de29bb2d1d6434b8b29ae775ad8c2e48c5391"
                        }
                    }
                },
                "Defs": {
                    "dirs": {},
                    "files": {
                        "{%if(cookiecutter.create_empty_definitions != 'n')%}{{cookiecutter.mod_name}}.xml{%endif%}": {
                            "sha": "e69de29bb2d1d6434b8b29ae775ad8c2e48c5391"
                        }
                    }
                },
                "Languages": {
                    "dirs": {
                        "Languages": {
                            "dirs": {
                                "DefInjected": {
                                    "dirs": {
                                        "ThingDef": {
                                            "dirs": {},
                                            "files": {
                                                "{%if(cookiecutter.create_empty_definitions != 'n')%}{{cookiecutter.mod_name}}.xml{%endif%}": {
                                                    "sha": "e69de29bb2d1d6434b8b29ae775ad8c2e48c5391"
                                                }
                                            }
                                        }
                                    },
                                    "files": {}
                                },
                                "Keyed": {
                                    "dirs": {},
                                    "files": {
                                        "{%if(cookiecutter.create_empty_definitions != 'n')%}{{cookiecutter.mod_name}}.xml{%endif%}": {
                                            "sha": "e69de29bb2d1d6434b8b29ae775ad8c2e48c5391"
                                        }
                                    }
                                },
                                "Strings": {
                                    "dirs": {
                                        "NameBanks": {
                                            "dirs": {},
                                            "files": {
                                                "{%if(cookiecutter.create_empty_definitions != 'n')%}{{cookiecutter.mod_name}}.txt{%endif%}": {
                                                    "sha": "e69de29bb2d1d6434b8b29ae775ad8c2e48c5391"
                                                }
                                            }
                                        }
                                    },
                                    "files": {}
                                }
                            },
                            "files": {
                                "{%if(cookiecutter.create_empty_definitions != 'n')%}FriendlyName.txt{%endif%}": {
                                    "sha": "e69de29bb2d1d6434b8b29ae775ad8c2e48c5391"
                                },
                                "{%if(cookiecutter.create_empty_definitions != 'n')%}LangIcon.png{%endif%}": {
                                    "sha": "e69de29bb2d1d6434b8b29ae775ad8c2e48c5391"
                                },
                                "{%if(cookiecutter.create_empty_definitions != 'n')%}LanguageInfo.xml{%endif%}": {
                                    "sha": "e69de29bb2d1d6434b8b29ae775ad8c2e48c5391"
                                }
                            }
                        }
                    },
                    "files": {}
                },
                "Patches": {
                    "dirs": {},
                    "files": {
                        "{%if(cookiecutter.create_empty_definitions != 'n')%}{{cookiecutter.mod_name}}.xml{%endif%}": {
                            "sha": "e69de29bb2d1d6434b8b29ae775ad8c2e48c5391"
                        }
                    }
                },
                "Sounds": {
                    "dirs": {},
                    "files": {
                        "{%if(cookiecutter.create_empty_definitions != 'n')%}{{cookiecutter.mod_name}}.wav{%endif%}": {
                            "sha": "e69de29bb2d1d6434b8b29ae775ad8c2e48c5391"
                        }
                    }
                },
                "Textures": {
                    "dirs": {},
                    "files": {
                        "{%if(cookiecutter.create_empty_definitions != 'n')%}{{cookiecutter.mod_name}}.meta{%endif%}": {
                            "sha": "e69de29bb2d1d6434b8b29ae775ad8c2e48c5391"
                        },
                        "{%if(cookiecutter.create_empty_definitions != 'n')%}{{cookiecutter.mod_name}}.png{%endif%}": {
                            "sha": "e69de29bb2d1d6434b8b29ae775ad8c2e48c5391"
                        },
                        "{%if(cookiecutter.create_empty_definitions != 'n')%}{{cookiecutter.mod_name}}.psd{%endif%}": {
                            "sha": "e69de29bb2d1d6434b8b29ae775ad8c2e48c5391"
                        }
                    }
                }
            },
            "files": {}
        },
        "Source": {
            "dirs": {
                "Properties": {
                    "dirs": {},
                    "files": {
                        "AssemblyInfo.cs": {
                            "sha": "56853c948086ebc9cf21ac09d81a4bff9366a511"
                        }
                    }
                }
            },
            "files": {
                "{{cookiecutter.mod_name.title().replace(' ','')}}.cs": {
                    "sha": "2ccc2ad9888b26ff1ac73601f826ba677a58880f"
                },
                "{{cookiecutter.mod_name.title().replace(' ','')}}.csproj": {
                    "sha": "a0bcfc9711986d8024c17e7c6fb033c9131558bd"
                }
            }
        }
    },
    "files": {
        ".gitignore": {
            "sha": "bd551677b4194857d5e756bd32959aa39ac26c02"
        },
        "{{cookiecutter.mod_name.title().replace(' ','')}}.sln": {
            "sha": "0d5f25171ee41226f341e2b137df833515a230fc"
        }
    }
}