{
    "dirs": {
        ".github": {
            "dirs": {
                "workflows": {
                    "dirs": {},
                    "files": {
                        "test_and_deploy.yml": {
                            "sha": "43f52ce1496d5d788e5f35eb63607329c32669c8"
                        }
                    }
                }
            },
            "files": {
                "dependabot.yml": {
                    "sha": "0946bd150dcf955c2be8bc2c803026fc9d904f27"
                }
            }
        },
        ".napari-hub": {
            "dirs": {},
            "files": {
                "DESCRIPTION.md": {
                    "sha": "7ecdd97c3321f1996fbe28ced90575c574400f0c"
                }
            }
        },
        "licenses": {
            "dirs": {},
            "files": {
                "Apache-2": {
                    "sha": "70e2d7f7c324377e9c72b54f0c27bbc267d5665e"
                },
                "BSD-3": {
                    "sha": "9e68087c48dc5ac0b6494ec638d2c884e7b70708"
                },
                "GPL-3": {
                    "sha": "9b0191debe1becd1b48368ba07d40aba3df08774"
                },
                "LGPL-3": {
                    "sha": "5e27c5dba982599fa91bd40dc96fbe09f8710ba3"
                },
                "MIT": {
                    "sha": "c093d5184d26658db918dcacc87e5354a6d29e62"
                },
                "MPL-2": {
                    "sha": "d6d1967e6420aed2540e1224577d89fa1c6e055c"
                }
            }
        },
        "src": {
            "dirs": {
                "{{cookiecutter.module_name}}": {
                    "dirs": {
                        "_tests": {
                            "dirs": {},
                            "files": {
                                "__init__.py": {
                                    "sha": "e69de29bb2d1d6434b8b29ae775ad8c2e48c5391"
                                },
                                "test_reader.py": {
                                    "sha": "9dd155bf472ceeba3be25fc2d211dc5cb2c296fd"
                                },
                                "test_sample_data.py": {
                                    "sha": "d9534167aa0153e48827988119dbedc23c844d80"
                                },
                                "test_widget.py": {
                                    "sha": "d83e71382f3d2d048d3b8001a1092ce0872695af"
                                },
                                "test_writer.py": {
                                    "sha": "cce695085a762816927a9319160c39b18a4e0db5"
                                }
                            }
                        }
                    },
                    "files": {
                        "__init__.py": {
                            "sha": "39cc84c039f7d8d61ac7fb0ab304d74e47ebbabc"
                        },
                        "_reader.py": {
                            "sha": "8d93ff917d44173c35a5aa15ea97de5a48c3c29a"
                        },
                        "_sample_data.py": {
                            "sha": "453db515f1a73a9e8bc498f2d9075da82944bebe"
                        },
                        "_widget.py": {
                            "sha": "ed8c3584e543bf3500fdbe8ee07881045605f387"
                        },
                        "_writer.py": {
                            "sha": "e67fcc91c9a62ef797f7c2a9ce2bac9f741cea86"
                        },
                        "napari.yaml": {
                            "sha": "10cda15bf7b4ef7bc3e1806a413b310bef466977"
                        }
                    }
                }
            },
            "files": {}
        }
    },
    "files": {
        ".gitignore": {
            "sha": "73d56d31bcb9893e03c080a080c2403dc02caa95"
        },
        ".pre-commit-config.yaml": {
            "sha": "d00ab6cf557dc16a89202bd5b0e973fd8d7fc7b1"
        },
        "LICENSE": {
            "sha": "9355b92c045acb7eb673273be13359d272b26d3c"
        },
        "MANIFEST.in": {
            "sha": "f3155af7064c0db0b5b9b8e2aa0d4b2f02f092ce"
        },
        "README.md": {
            "sha": "c3621290d5521b977096c6d3c2f14b84d2aad47a"
        },
        "pyproject.toml": {
            "sha": "c53c9cf5ff9c9e24f559f221ac5338154f2b4f61"
        },
        "tox.ini": {
            "sha": "9d5b1ac48304c208db2817a76972983867701bbf"
        }
    }
}