{
    "dirs": {
        ".github": {
            "dirs": {
                "ISSUE_TEMPLATE": {
                    "dirs": {},
                    "files": {
                        "bug_report.md": {
                            "sha": "1cd28e2107b65a42009f314043421757d546550f"
                        },
                        "feature_request.md": {
                            "sha": "e720c591d2c865d1e68e228cb3eca6ade31a6f46"
                        }
                    }
                }
            },
            "files": {
                "PULL_REQUEST_TEMPLATE.md": {
                    "sha": "92d6c94be5fb3705339a3958c5b9b11de1de72b0"
                }
            }
        },
        "LICENSES": {
            "dirs": {},
            "files": {
                "AGPL-3.0.txt": {
                    "sha": "dbbe3558157f5861bff35dcb37b328b679b0ccfd"
                },
                "Apache-2.0.txt": {
                    "sha": "33e877b87dc020ae14105f1752ac2811adbeec4b"
                },
                "BSD-2-Clause.txt": {
                    "sha": "3f39f88f8e549fb1cc414b01713684279ce5ce0a"
                },
                "BSD-3-Clause.txt": {
                    "sha": "14da0ea01f0de80afe46592e0134a597620a8785"
                },
                "EPL-1.0.txt": {
                    "sha": "f735bee0e8d11a51506989bb287a6b51957d8d4f"
                },
                "GPL-2.0.txt": {
                    "sha": "23cb790338e191e29205d6f4123882c0583ef8eb"
                },
                "GPL-3.0.txt": {
                    "sha": "9cecc1d4669ee8af2ca727a5d8cde10cd8b2d7cc"
                },
                "LGPL-2.1.txt": {
                    "sha": "19e307187ac8b9abc086be686dc81b0f09523ef1"
                },
                "LGPL-3.0.txt": {
                    "sha": "65c5ca88a67c30becee01c5a8816d964b03862f9"
                },
                "MIT.txt": {
                    "sha": "7ab1ec888918bf086f18c86d9db102bd9a104896"
                },
                "MPL-2.0.txt": {
                    "sha": "a612ad9813b006ce81d1ee438dd784da99a54007"
                },
                "Unlicense.txt": {
                    "sha": "cf1ab25da0349f84a3fdd40032f0ce99db813b8b"
                }
            }
        }
    },
    "files": {
        ".editorconfig": {
            "sha": "08446ed98316f0823f3ccf9b788a14970fc204d8"
        },
        ".gitignore": {
            "sha": "3d960cda2a856fcebb8175f31ec2c98f964fdf55"
        },
        "AUTHORS.md": {
            "sha": "e67b05209fa202206e2941c2e29c7f0343bd891c"
        },
        "CHANGELOG.md": {
            "sha": "420e6f23d0e3718c1c5268dee41ebe58f931a563"
        },
        "CODE_OF_CONDUCT.md": {
            "sha": "e838ead312cc09f97d8f5e9bbde6e526268cdc9e"
        },
        "CONTRIBUTING.md": {
            "sha": "2d48f4a5e205cbb9f0abaa09a6749961b7b36f4b"
        },
        "NOTICE": {
            "sha": "3eefaf742c449bf68cd430c6b91c2afebc317757"
        },
        "README.md": {
            "sha": "45bf38a95dd6750ae8d2a54ae1a5954b954ea699"
        },
        "ROADMAP.md": {
            "sha": "ad8c9592257fed52435f034ce52fe13144a00578"
        }
    }
}