{
    "dirs": {
        ".devcontainer": {
            "dirs": {},
            "files": {
                "Dockerfile": {
                    "sha": "9ba2f5ae10cd9ea512c767fab33598edc4a474eb"
                },
                "devcontainer.json": {
                    "sha": "c4cf1ea926d3482442c42fc1faf0f7813e7c220d"
                }
            }
        },
        ".github": {
            "dirs": {
                "ISSUE_TEMPLATE": {
                    "dirs": {},
                    "files": {
                        "bug_report.yaml": {
                            "sha": "987254d26a6df1d608104d1d1c05b797d7d1da36"
                        },
                        "config.yml": {
                            "sha": "993e9a5a2747893104034c317ac55c9bc214f417"
                        },
                        "feature_request.yaml": {
                            "sha": "ab9f220757d0dce7f761812181acc641bdde3534"
                        },
                        "housekeeping.yaml": {
                            "sha": "777871395345ad4ce6d2bee17b5a687622c58f3c"
                        }
                    }
                },
                "workflows": {
                    "dirs": {},
                    "files": {
                        "mkdocs.yaml": {
                            "sha": "eedcdb17e941a9aea9d63d2b54fc56bfae5ce338"
                        },
                        "publish-pypi.yaml": {
                            "sha": "15bfe3957eed3dd1a3bb0a63c02fc50003871980"
                        }
                    }
                }
            },
            "files": {}
        },
        "docs": {
            "dirs": {},
            "files": {
                "changelog.md": {
                    "sha": "67259dada8837d813e699d1d99f845f3abc4bc01"
                },
                "contributing.md": {
                    "sha": "f9a79cb846218ba336d7ad651ad8f5ff8c4ee550"
                },
                "index.md": {
                    "sha": "925533ac39b4497b420ad0401a3ce890336db3fb"
                }
            }
        },
        "tests": {
            "dirs": {},
            "files": {
                "__init__.py": {
                    "sha": "994dd8b67c2b5c04948d69a79687ee67376613b5"
                },
                "test_{{cookiecutter.underscored}}.py": {
                    "sha": "b978b379c368ece771aac598796aace6361338f0"
                }
            }
        },
        "{{cookiecutter.underscored}}": {
            "dirs": {
                "templates": {
                    "dirs": {
                        "{{cookiecutter.underscored}}": {
                            "dirs": {},
                            "files": {
                                "{{cookiecutter.__model_url}}.html": {
                                    "sha": "444d03b1390e8596bd0958850dd381457305c555"
                                }
                            }
                        }
                    },
                    "files": {}
                }
            },
            "files": {
                "__init__.py": {
                    "sha": "0b2861431181e002472709519709e4aef997ca89"
                },
                "filtersets.py": {
                    "sha": "139c0cc0604365da719cdcea2935e36a1c089eee"
                },
                "forms.py": {
                    "sha": "f06a0e5076c8e7857999de5475fbf9d1637ff117"
                },
                "models.py": {
                    "sha": "24524f96da7e3547d7562229d320e8af9d6a69fa"
                },
                "navigation.py": {
                    "sha": "a9f3f9df63e013a08a1bb7383e609701b44efeba"
                },
                "tables.py": {
                    "sha": "97cf02d6336f1af767c4e4fab9b6d93960d3b776"
                },
                "urls.py": {
                    "sha": "59c594710359dd8432eb6f108ff4aa19a25f3b1d"
                },
                "views.py": {
                    "sha": "18f54f85f64c87bcf5e20e6302fedc91d9825ab7"
                }
            }
        }
    },
    "files": {
        ".editorconfig": {
            "sha": "d4a2c4405ec2e962c521a13af91bf5f7098a62a8"
        },
        ".flake8": {
            "sha": "6deafc261704e20369c0983af88042e502ae4880"
        },
        ".gitignore": {
            "sha": "fa871cf2581e14e60b64aab0f2ebfcdf47623c5c"
        },
        ".pre-commit-config.yaml": {
            "sha": "da4e9c6fd7e6b45ce5ecdaf09bacaead15c75ad6"
        },
        ".pypirc": {
            "sha": "52d2dd97b5a722322fde8aecd4d8b9b956b7ab1d"
        },
        "CHANGELOG.md": {
            "sha": "cdf3f24b506eea81bedba92af534febc3c08117d"
        },
        "CONTRIBUTING.md": {
            "sha": "6a87e049a8e15401117e88e972028550f90d4d3d"
        },
        "LICENSE": {
            "sha": "43967b67de53b6cd3f37e592d2e5a10f6029ca97"
        },
        "MANIFEST.in": {
            "sha": "fc5d3a7e73b4b0eda4c52e36ea1bd4264a9cfee7"
        },
        "Makefile": {
            "sha": "a21cd6b4f6fc8657e00589d796aa6b83bd0a8622"
        },
        "README.md": {
            "sha": "6d0d2c71e30c255cfbdc4151c42290bfc7fd4d68"
        },
        "mkdocs.yml": {
            "sha": "45a2202f35d058a678b8159f2a4a439952755048"
        },
        "pyproject.toml": {
            "sha": "b8c8ecfd7afacc6436eefc65a4817adc986f484b"
        },
        "requirements_dev.txt": {
            "sha": "24f595e666943dc493205726700a5d56131ecedc"
        }
    }
}