{
    "dirs": {
        "assets": {
            "dirs": {},
            "files": {
                "email_template.html": {
                    "sha": "04fb453ee54f9c86a0c36210b522fdec7586ac9a"
                },
                "email_template.txt": {
                    "sha": "e3aeb4a41e0e0bb59cdb8bb911def3884c0b3815"
                },
                "sendmail_template.txt": {
                    "sha": "fd1cd7396e07c870807d05843d5bd5a74e49c2d8"
                }
            }
        },
        "bin": {
            "dirs": {},
            "files": {
                "markdown_to_html.r": {
                    "sha": "abe1335070d84f0d9a17dae7b6d482341f7f59a8"
                },
                "scrape_software_versions.py": {
                    "sha": "3a8e5da69b3a388955904b7809b0c9dfc2191014"
                }
            }
        },
        "conf": {
            "dirs": {},
            "files": {
                "awsbatch.config": {
                    "sha": "a6b26e3ce9468dd960e744abd3df4ad68bc5c133"
                },
                "base.config": {
                    "sha": "46957c1ee67d317ab0a7435c3e0f3dc4fc2adbdd"
                },
                "igenomes.config": {
                    "sha": "081549943571d842036b66678b8c2bd9504e2a7d"
                },
                "multiqc_config.yaml": {
                    "sha": "616b35e4e103e56b5f2e769a2472af93b2ec8a3c"
                },
                "singularity.config": {
                    "sha": "d6af63541cd39771512a3960ebad383072d86fbb"
                },
                "test.config": {
                    "sha": "f8ebeb64466b7ff48d51e3f58e09f53f76a5295f"
                }
            }
        },
        "docs": {
            "dirs": {
                "configuration": {
                    "dirs": {},
                    "files": {
                        "adding_your_own.md": {
                            "sha": "d06a986f8bf7e3cf8e52c9c1f38b154c37788704"
                        },
                        "local.md": {
                            "sha": "116d8e41f198510e57d4c6f16b022a66bd605d27"
                        },
                        "reference_genomes.md": {
                            "sha": "28aa10b5caabf29112e063caca461488e1bce5b5"
                        }
                    }
                }
            },
            "files": {
                "README.md": {
                    "sha": "a988f4a838fa0a9fec89073edcd307a7251a3065"
                },
                "installation.md": {
                    "sha": "8203e2ffc5f5c205a0ec2cdb390fcba3199f23ff"
                },
                "output.md": {
                    "sha": "50ca1b35f58f4861ceca92c8893286f1b18dada8"
                },
                "troubleshooting.md": {
                    "sha": "83ca907cfbe2a7ab724dd45375d6822cb870a1be"
                },
                "usage.md": {
                    "sha": "1457293787acf3f4cb7a8b32487df1c6ba4d0843"
                }
            }
        }
    },
    "files": {
        ".gitattributes": {
            "sha": "7fe55006f87bb1a423e2cdf70258a55543c2486d"
        },
        ".gitignore": {
            "sha": "46f69e414ba5d72f679f5140fee33188d84422f8"
        },
        ".travis.yml": {
            "sha": "239a7a8942939c791ff48d25418ac59358d699ec"
        },
        "CHANGELOG.md": {
            "sha": "6396d5d45495dc9ff7205e5d547c93b7ba6373bc"
        },
        "Dockerfile": {
            "sha": "dede96cd016f66e8024f6e59b2b3593eba22ecf1"
        },
        "LICENSE": {
            "sha": "7652819f1efd3121a070656d43389026f0a68b4e"
        },
        "README.md": {
            "sha": "ab39919bfb575b103495c09bb38fdd3a6959fae9"
        },
        "Singularity": {
            "sha": "5a60a70ca872e833887fcb186828bebe3d198df0"
        },
        "environment.yml": {
            "sha": "ba29c1d2d033cb90ef5e88a8c8c2b055e21309cc"
        },
        "main.nf": {
            "sha": "49740e8c0ed91b66914bf607260d6c79df6f7cd0"
        },
        "nextflow.config": {
            "sha": "6ff67acaf6500c319182aed406d6898b1d7389c9"
        }
    }
}