{
    "dirs": {
        ".github": {
            "dirs": {
                "workflows": {
                    "dirs": {},
                    "files": {
                        "docs.yml": {
                            "sha": "ea631f133882d5cb7eba6369cd4aacdc61319684"
                        },
                        "pre-commit.yml": {
                            "sha": "f2ff7e42eb8f32c98371fa0d2ff531db8ed8021d"
                        },
                        "publish-pypi.yml": {
                            "sha": "2413f9798ce96131f0de082b93c5f1de008a6369"
                        },
                        "testing.yml": {
                            "sha": "1841f789e1ec7fc3e9ec5e5e1a1c099a83490b77"
                        }
                    }
                }
            },
            "files": {}
        },
        "docs": {
            "dirs": {
                "source": {
                    "dirs": {
                        "_static": {
                            "dirs": {},
                            "files": {
                                ".placeholder": {
                                    "sha": "e69de29bb2d1d6434b8b29ae775ad8c2e48c5391"
                                }
                            }
                        }
                    },
                    "files": {
                        "conf.py": {
                            "sha": "21b89559cbf44aace879bb6df0d368b362a4285e"
                        },
                        "index.rst": {
                            "sha": "2008214c08739aa7e34abc25c8c7a01d99c8ca55"
                        },
                        "installation.rst": {
                            "sha": "a4b4b6099a3b4c35568f41ed17d44b519f6f126b"
                        },
                        "min_versions.rst": {
                            "sha": "d28e74750c4945f7c0da56475cf1f910dd050a9c"
                        },
                        "release-history.rst": {
                            "sha": "53707fbb43e91cc3bf55d3317c5ecd6d4a31c6a0"
                        },
                        "usage.rst": {
                            "sha": "95cfaae56339d59562131a80f4342151c8d92371"
                        }
                    }
                }
            },
            "files": {
                "Makefile": {
                    "sha": "b4a5893b3dd31745e388c57c2b7286bebe71d157"
                },
                "make.bat": {
                    "sha": "ac53d5bd070721c39a8c0a24081067448c705289"
                }
            }
        },
        "{{ cookiecutter.package_dir_name }}": {
            "dirs": {
                "tests": {
                    "dirs": {},
                    "files": {
                        "__init__.py": {
                            "sha": "e69de29bb2d1d6434b8b29ae775ad8c2e48c5391"
                        },
                        "conftest.py": {
                            "sha": "e69de29bb2d1d6434b8b29ae775ad8c2e48c5391"
                        },
                        "test_examples.py": {
                            "sha": "ba8d618fdf9424db521189da53a5c4f657de600f"
                        }
                    }
                }
            },
            "files": {
                "__init__.py": {
                    "sha": "80edaf050d4b41e4c2ccd37127ac865f556ce875"
                },
                "_version.py": {
                    "sha": "15488a1523cd534d77153721c866aeb60b25bd72"
                }
            }
        }
    },
    "files": {
        ".codecov.yml": {
            "sha": "20ad66bf1aceb3bec9327f800451179e30c89e7c"
        },
        ".coveragerc": {
            "sha": "f7dcc81c01670fc248454e797ebfab8f9fbd609e"
        },
        ".flake8": {
            "sha": "9308bc04a6f3e84dbeef6040739e72cf00987174"
        },
        ".gitattributes": {
            "sha": "aef89a493c8d710c4428375570084279496fab37"
        },
        ".gitignore": {
            "sha": "818e042eed7c8c3ff174d6a8e1917314daab7733"
        },
        ".isort.cfg": {
            "sha": "e0926f425d006b4a81e40a6e2941b761eef09180"
        },
        ".pre-commit-config.yaml": {
            "sha": "9a4c65bf36cac36f0d60b06e7284097da6655dd8"
        },
        "AUTHORS.rst": {
            "sha": "ca7e42b346b32043c8b812484807475f5b82030a"
        },
        "CONTRIBUTING.rst": {
            "sha": "eebbeee8e67f97655d744176311184fea22724aa"
        },
        "LICENSE": {
            "sha": "987025438e984957aa0968ebb0dfac99b547af49"
        },
        "MANIFEST.in": {
            "sha": "c7e41ef2ada61ebf74442bbb9a46caf20098923e"
        },
        "README.rst": {
            "sha": "f2d03ce4d29f41e71fee939009aa4094c5a40cea"
        },
        "pyproject.toml": {
            "sha": "3239179e8c030c5848c523646c18180863fe4cb0"
        },
        "requirements-dev.txt": {
            "sha": "3b388e195431ccaa4bc6413ac6f12dda5bc57d12"
        },
        "requirements.txt": {
            "sha": "5289505ea7eb72d41ebb9d7b40800c15950aad5d"
        },
        "setup.cfg": {
            "sha": "3c5257f2805acb8aaaa6b7579757123bd1b6fa9d"
        },
        "setup.py": {
            "sha": "00d466329a23b4847d485b0a0956dc86d0287137"
        },
        "versioneer.py": {
            "sha": "d437e09b9c84f634cd54af307289b7e41fb261a2"
        }
    }
}