{
    "dirs": {
        "backend": {
            "dirs": {
                "backend": {
                    "dirs": {
                        "settings": {
                            "dirs": {},
                            "files": {
                                "__init__.py": {
                                    "sha": "e69de29bb2d1d6434b8b29ae775ad8c2e48c5391"
                                },
                                "base.py": {
                                    "sha": "2cc4b3eb5d75842a931cbe08e166e259d7729e13"
                                },
                                "development.py": {
                                    "sha": "2f5d5e3b31ca191a6f0e166504c3c487b105115d"
                                },
                                "production.py": {
                                    "sha": "247cbefe3b26369b3ee23c0fe510fe879b5526c6"
                                }
                            }
                        }
                    },
                    "files": {
                        "__init__.py": {
                            "sha": "e69de29bb2d1d6434b8b29ae775ad8c2e48c5391"
                        },
                        "asgi.py": {
                            "sha": "61e912c568dc253c0b5e169171480c8b53586d3c"
                        },
                        "urls.py": {
                            "sha": "27bc30ef797b736ab5425afa57b07aa86ab24611"
                        },
                        "wsgi.py": {
                            "sha": "cb2e4e249ab7ff7473dbf6e3c1b9ec8ec3088bdc"
                        }
                    }
                },
                "contrib": {
                    "dirs": {
                        "migrations": {
                            "dirs": {},
                            "files": {
                                "__init__.py": {
                                    "sha": "e69de29bb2d1d6434b8b29ae775ad8c2e48c5391"
                                }
                            }
                        },
                        "tests": {
                            "dirs": {},
                            "files": {
                                "__init__.py": {
                                    "sha": "e69de29bb2d1d6434b8b29ae775ad8c2e48c5391"
                                },
                                "test_example.py": {
                                    "sha": "f38decbba8c42b4c4167de8ffdd12c5ffba7efdf"
                                }
                            }
                        }
                    },
                    "files": {
                        "__init__.py": {
                            "sha": "e69de29bb2d1d6434b8b29ae775ad8c2e48c5391"
                        },
                        "admin.py": {
                            "sha": "8c38f3f3dad51e4585f3984282c2a4bec5349c1e"
                        },
                        "apps.py": {
                            "sha": "ddd51da6bee9bf0dd094006f48ed8d2f336afc7c"
                        },
                        "models.py": {
                            "sha": "71a836239075aa6e6e4ecb700e9c42c95c022d91"
                        },
                        "serializers.py": {
                            "sha": "2774c369fa344c3a9161a230ec17b1b43bed0534"
                        },
                        "views.py": {
                            "sha": "f6ce302a65ae515d693deb1b77755ab398a040fb"
                        }
                    }
                },
                "requirements": {
                    "dirs": {},
                    "files": {
                        "base.txt": {
                            "sha": "9df643704262befafc61e6d69c8eff0012e4398f"
                        },
                        "development.txt": {
                            "sha": "5539d8d37b0a0c796c89eef856b7446e7b06bd34"
                        },
                        "production.txt": {
                            "sha": "bdedda3c871f5645ff3b9bc047fdb146c61cfcfa"
                        }
                    }
                }
            },
            "files": {
                "Dockerfile": {
                    "sha": "8635a55ef5d51992b14a8eac99533ee60fe74dcd"
                },
                "manage.py": {
                    "sha": "bb00dc6c6d6a7f53b9ad45b33cbd095c819d9807"
                },
                "setup.cfg": {
                    "sha": "71cc42d8b9dd9c88ece2c6c27fa592d1824fbce3"
                }
            }
        },
        "frontend": {
            "dirs": {
                "public": {
                    "dirs": {},
                    "files": {
                        "favicon.ico": {
                            "sha": "bcd5dfd67cd0361b78123e95c2dd96031f27f743"
                        },
                        "index.html": {
                            "sha": "aa069f27cbd9d53394428171c3989fd03db73c76"
                        },
                        "logo192.png": {
                            "sha": "fc44b0a3796c0e0a64c3d858ca038bd4570465d9"
                        },
                        "logo512.png": {
                            "sha": "a4e47a6545bc15971f8f63fba70e4013df88a664"
                        },
                        "manifest.json": {
                            "sha": "080d6c77ac21bb2ef88a6992b2b73ad93daaca92"
                        },
                        "robots.txt": {
                            "sha": "e9e57dc4d41b9b46e05112e9f45b7ea6ac0ba15e"
                        }
                    }
                },
                "src": {
                    "dirs": {},
                    "files": {
                        "App.css": {
                            "sha": "74b5e053450a48a6bdb4d71aad648e7af821975c"
                        },
                        "App.js": {
                            "sha": "5027f2812f16a18b874b4104604dadfadab6b164"
                        },
                        "App.test.js": {
                            "sha": "68840de84ec6d88597509b9cf3bc31db9909edc0"
                        },
                        "index.css": {
                            "sha": "ec2585e8c0bb8188184ed1e0703c4c8f2a8419b0"
                        },
                        "index.js": {
                            "sha": "87d1be551891a8eccfe648e1b5a49b5751e5cad5"
                        },
                        "logo.svg": {
                            "sha": "6b60c1042f58d9fabb75485aa3624dddcf633b5c"
                        },
                        "serviceWorker.js": {
                            "sha": "c4838eb55f00c00e07363bca37e2f40fb46337a6"
                        },
                        "setupTests.js": {
                            "sha": "74b1a275a0ea7df518f17bcea5375abf003abe55"
                        }
                    }
                }
            },
            "files": {
                ".gitignore": {
                    "sha": "4d29575de80483b005c29bfcac5061cd2f45313e"
                },
                "Dockerfile": {
                    "sha": "846cdc7c94c8143a1d7af59abb72add98e13450d"
                },
                "README.md": {
                    "sha": "9c40dcdc3d8c852db2b42a2da2d8f867029378b4"
                },
                "package-lock.json": {
                    "sha": "147b1dcba9e6c4bb55a530b6bd49260a22a55451"
                },
                "package.json": {
                    "sha": "ee86a31ef2f3ff3ddd4beb0d83a0f3d07689d211"
                }
            }
        }
    },
    "files": {
        ".gitignore": {
            "sha": "00880fd4e49a5fa1211060222b3caa7a5b357dc3"
        },
        "Dockerfile": {
            "sha": "87d1c11a117f0fea823531b23648c3fe00b604a3"
        },
        "README.md": {
            "sha": "d5e7a100284cf69b0acc3c3b314b597a3bfde162"
        },
        "docker-compose.yml": {
            "sha": "e52dd6f3c26b08dfffebb0f6a5d9a40fd5cac123"
        },
        "heroku.yml": {
            "sha": "1f0a59eb338ff84137a8d7c20eee0a2c1dcc0b31"
        }
    }
}