{
    "dirs": {
        ".devcontainer": {
            "dirs": {},
            "files": {
                "configuration.yaml": {
                    "sha": "a3a3bd54cc92b7f9e442ffdc964f110979cb5313"
                },
                "devcontainer.json": {
                    "sha": "d7ea74dc255a040e908d51d159dee1ab56fd6479"
                }
            }
        },
        ".github": {
            "dirs": {
                "ISSUE_TEMPLATE": {
                    "dirs": {},
                    "files": {
                        "feature_request.md": {
                            "sha": "a09db44fb0b1f3c05ff10835f5f8f54b234adc68"
                        },
                        "issue.md": {
                            "sha": "218615ed658047bd617a81ee584b2d3de6026f51"
                        }
                    }
                },
                "workflows": {
                    "dirs": {},
                    "files": {
                        "constraints.txt": {
                            "sha": "5b1ca4b53c5aac3b72afc41cf9a723317bbb207c"
                        },
                        "labeler.yml": {
                            "sha": "54ee057bf33cf1e60925363794de88032f7ad305"
                        },
                        "release-drafter.yml": {
                            "sha": "e15df857091cbc5119ebd23a919ccd852efc5d99"
                        },
                        "tests.yaml": {
                            "sha": "e2902d99421ced47e4cea26799bffabad503df20"
                        }
                    }
                }
            },
            "files": {
                "dependabot.yml": {
                    "sha": "15c75132cb8e48d7f9050ae6532ba9aa30c70713"
                },
                "labels.yml": {
                    "sha": "f7f83aad8c6b6c0e9ac0a76a7b492c212aaa765b"
                },
                "release-drafter.yml": {
                    "sha": "7a04410f9457aad61902c22d85107044e94e788e"
                }
            }
        },
        ".vscode": {
            "dirs": {},
            "files": {
                "launch.json": {
                    "sha": "cc5337a71adcac3afb50122a52abfbb7b7ad2f00"
                },
                "settings.json": {
                    "sha": "a18dc5608c5aff24dcdad12e7103c951f468cfca"
                },
                "tasks.json": {
                    "sha": "47f1210233e59f8373a7888c5c66982c00a43403"
                }
            }
        },
        "custom_components": {
            "dirs": {
                "{{cookiecutter.domain_name}}": {
                    "dirs": {
                        "translations": {
                            "dirs": {},
                            "files": {
                                "en.json": {
                                    "sha": "a884de0caeb18befd0be45469daacd880934076e"
                                },
                                "fr.json": {
                                    "sha": "ed17b821a3746a1969739fa2fe9150f805bc8792"
                                },
                                "nb.json": {
                                    "sha": "de82b1131c0f86d523ae5afd6161a0af22e92d91"
                                }
                            }
                        }
                    },
                    "files": {
                        "__init__.py": {
                            "sha": "13deddeca5d0c50086bf1feb28016067dc2a7533"
                        },
                        "api.py": {
                            "sha": "5f7f49b572cbcff488517822904290eccdf17054"
                        },
                        "binary_sensor.py": {
                            "sha": "b6c8ff650f22b7fa5df88461731df6d0c309e691"
                        },
                        "config_flow.py": {
                            "sha": "df23e971f42a5a2fbe1dda0400378f80803b65c5"
                        },
                        "const.py": {
                            "sha": "693d339c551f0ad01727325dd475ea821108f7f2"
                        },
                        "entity.py": {
                            "sha": "8ecb91b137fdb1c56c6a23f0f258f4f372a0e7d4"
                        },
                        "manifest.json": {
                            "sha": "ec08f92f6cfe6669c6072a1607b1e6961ac564d7"
                        },
                        "sensor.py": {
                            "sha": "d0c80c158b8a4ef7e82e1866bd0f79363380c6c8"
                        },
                        "switch.py": {
                            "sha": "f879c9b1ec82e8c8b6374be07b4addaed62c339a"
                        }
                    }
                }
            },
            "files": {
                "__init__.py": {
                    "sha": "9e5dc145f57f8811abe76a7754297379e51ce639"
                }
            }
        },
        "tests": {
            "dirs": {},
            "files": {
                "__init__.py": {
                    "sha": "1ee0c16ee793bec460f7316e3887d7ea7e7c916e"
                },
                "conftest.py": {
                    "sha": "b1f6fdb136a6edcae17281d95ada73057cf0ab81"
                },
                "const.py": {
                    "sha": "6dca760f60daec745d4a3b6dbf75dc488a0a5944"
                },
                "test_api.py": {
                    "sha": "07109a97bb921bc7b05a357323c3a28f47b0cbba"
                },
                "test_config_flow.py": {
                    "sha": "6183a6582be2c11d055e5ef14a6bdda6bc9e91fe"
                },
                "test_init.py": {
                    "sha": "c8e9ebc91c5d7625a5766fea36e0dd33b5533f0d"
                },
                "test_switch.py": {
                    "sha": "1a64ac047c98aaee676f5b36068ef4b00532c281"
                }
            }
        }
    },
    "files": {
        ".cookiecutter.json": {
            "sha": "b07ca2aa543dc9268bf69075122c5c0442304fc5"
        },
        ".gitattributes": {
            "sha": "6313b56c57848efce05faa7aa7e901ccfc2886ea"
        },
        ".gitignore": {
            "sha": "a4a4d845336d97f60e3c7254242dbbb386063246"
        },
        ".pre-commit-config.yaml": {
            "sha": "511f9f010babc44f56c89e4bf96fdb9046e3fde4"
        },
        "CONTRIBUTING.md": {
            "sha": "a3a0e556125974753f879225c449f3d8c5f8765a"
        },
        "LICENSE": {
            "sha": "7796fe4171ecb49f3d26a9fc783586b055671aca"
        },
        "README.md": {
            "sha": "e52c2e4b4998b07f42bfdec34665e09a80441be7"
        },
        "example.png": {
            "sha": "c2d42441c16e2d87b3cd5c4608341b6864904d29"
        },
        "hacs.json": {
            "sha": "889cc96204a2d9eb5edc220f3c7303b7dd8ceb90"
        },
        "info.md": {
            "sha": "1a8d126c74762019cfc2e12cd07f193f76734c4d"
        },
        "requirements_dev.txt": {
            "sha": "7d78f01967b4797f78e9eb7c4f515c99a34433e8"
        },
        "requirements_test.txt": {
            "sha": "a39a876bf0436bd4a8faf75366bdb08d9ba2852e"
        },
        "setup.cfg": {
            "sha": "866c3de307bd635f327c0f47aea84ea45f4b3f35"
        }
    }
}