{
    "dirs": {
        "doc": {
            "dirs": {
                "source": {
                    "dirs": {},
                    "files": {
                        "conf.py": {
                            "sha": "c2134ecbcb12f6d4a45b2c77ef9c6196c67d147d"
                        },
                        "contributing.rst": {
                            "sha": "e9a8ba642365b012e8808fdfc994c73601d51ba0"
                        },
                        "index.rst": {
                            "sha": "47200a4985cd9ed9a44d85acd19168a7c8c1b1d2"
                        },
                        "readme.rst": {
                            "sha": "c768ff7d970600e1009b304bc9bfe15a1064147e"
                        },
                        "specs": {
                            "sha": "e9a536bd4acdc7d2a93308769cb936c003feb8d4"
                        },
                        "template.rst": {
                            "sha": "cf443d60b93d1b407faef66c084c9c3c4fd647ae"
                        }
                    }
                }
            },
            "files": {}
        },
        "specs": {
            "dirs": {},
            "files": {
                ".gitignore": {
                    "sha": "e69de29bb2d1d6434b8b29ae775ad8c2e48c5391"
                }
            }
        }
    },
    "files": {
        ".gitignore": {
            "sha": "fd16e162d7a0446521402b9e72367241ec121c2f"
        },
        ".gitreview": {
            "sha": "880e6d7f32f210fc00e4a01a6d4d38c33979e0f5"
        },
        ".mailmap": {
            "sha": "516ae6fe01a72496a6833cb8276a7e7b9feb68d2"
        },
        ".testr.conf": {
            "sha": "6d83b3c4ec569285143d929e8239c99cdffa8eb4"
        },
        "CONTRIBUTING.rst": {
            "sha": "e3d50e865bd7fa136fa59fcdc49858b2036b3665"
        },
        "LICENSE": {
            "sha": "75a29c442795d8a35d9596dd73626c6ef76331d8"
        },
        "MANIFEST.in": {
            "sha": "c978a52dae21d475281a13590f71dc53aeb0945e"
        },
        "README.rst": {
            "sha": "24238828a1fcbc70237c058efe687c2e59849ad5"
        },
        "requirements.txt": {
            "sha": "5159c9ecdd7f19fb085bf119fd62160f1aa79768"
        },
        "setup.cfg": {
            "sha": "064830b6eb67a404dc77231e6a3d5bf2b7a2db6e"
        },
        "setup.py": {
            "sha": "70c2b3f32bd6d483261621bda3ec22edcb33dc43"
        },
        "template.rst": {
            "sha": "b41e74dbfb52ca6e639c956e079911a0a95020ee"
        },
        "test-requirements.txt": {
            "sha": "e69de29bb2d1d6434b8b29ae775ad8c2e48c5391"
        },
        "tox.ini": {
            "sha": "1a895938ad5a23d20ea45102a77a30537ac26c62"
        }
    }
}