{
    "dirs": {
        "devstack": {
            "dirs": {
                "lib": {
                    "dirs": {},
                    "files": {
                        "{{cookiecutter.service}}": {
                            "sha": "ff1f96e9ae3dfa15cb6016be337ab2c446035862"
                        }
                    }
                }
            },
            "files": {
                "plugin.sh": {
                    "sha": "1b8724de41d44323b012997316fe6326567d043d"
                },
                "settings": {
                    "sha": "253e63867dcbbfc4d5878c0f00647ec7481b1730"
                }
            }
        }
    },
    "files": {}
}