{
    "dirs": {
        "_": {
            "dirs": {
                "ci-services": {
                    "dirs": {
                        "build-stage": {
                            "dirs": {},
                            "files": {
                                "(none)": {
                                    "sha": "e69de29bb2d1d6434b8b29ae775ad8c2e48c5391"
                                },
                                ".gitlab-ci.yml": {
                                    "sha": "7db150e7840c7b5272db7ddaa6400df588e7204b"
                                },
                                "bitbucket-pipelines.yml": {
                                    "sha": "5cb756a9b29f8d48f69335d0680d6760ab28abd9"
                                },
                                "codeship-steps.yml": {
                                    "sha": "e69de29bb2d1d6434b8b29ae775ad8c2e48c5391"
                                }
                            }
                        },
                        "definitions": {
                            "dirs": {},
                            "files": {
                                ".gitlab-ci.yml": {
                                    "sha": "548d35e4a2b3df44a25b58a9f803e87c2c7e5d05"
                                },
                                "bitbucket-pipelines.yml": {
                                    "sha": "d079e7610043d12f6513406085faf7a899dd9e15"
                                },
                                "codeship-steps.yml": {
                                    "sha": "e69de29bb2d1d6434b8b29ae775ad8c2e48c5391"
                                }
                            }
                        },
                        "deploy-stage": {
                            "dirs": {},
                            "files": {
                                "(none)": {
                                    "sha": "e69de29bb2d1d6434b8b29ae775ad8c2e48c5391"
                                },
                                ".gitlab-ci.yml": {
                                    "sha": "131c952e32db6005a65be96241b481e4015a4ff0"
                                },
                                "bitbucket-pipelines.yml": {
                                    "sha": "4edf2ec627123c720727dbb5be9c17936165c0ce"
                                },
                                "codeship-steps.yml": {
                                    "sha": "e83e8553549f2cc538812d87635e205d04015392"
                                }
                            }
                        },
                        "lint-stage": {
                            "dirs": {},
                            "files": {
                                ".gitlab-ci.yml": {
                                    "sha": "db9ce1e210053d67c54c1fa1c445120541286a82"
                                },
                                "bitbucket-pipelines.yml": {
                                    "sha": "f7a379b8d075c5ddf2590cfc11b4333fa47e56f7"
                                },
                                "codeship-steps.yml": {
                                    "sha": "bd2adeebfe96c48987b204d01922e8691f3ece39"
                                }
                            }
                        },
                        "test-stage": {
                            "dirs": {},
                            "files": {
                                ".gitlab-ci.yml": {
                                    "sha": "81467568fd084fd495ed78e9e62e66e73376a650"
                                },
                                "bitbucket-pipelines.yml": {
                                    "sha": "facaeecc7e1d7a37768197944fecdd10aca556d8"
                                },
                                "codeship-steps.yml": {
                                    "sha": "5c1880afba7d1d5f24255704f5329fc3c2111c41"
                                }
                            }
                        }
                    },
                    "files": {
                        ".gitlab-ci.yml": {
                            "sha": "1ee4b395f55d2265ba98a2e776fe60a409d3fcc5"
                        },
                        "bitbucket-pipelines.yml": {
                            "sha": "703e45fbbe57ae24fc1ec11ca405831bd837c07f"
                        }
                    }
                },
                "development": {
                    "dirs": {
                        "java": {
                            "dirs": {},
                            "files": {
                                "Dockerfile": {
                                    "sha": "b3a2206f583f95e69493f08f20f61b1e10b2066e"
                                },
                                "docker-compose.yml": {
                                    "sha": "c324ac92c067dca89939d68a8f31e1397eab500e"
                                }
                            }
                        },
                        "python": {
                            "dirs": {},
                            "files": {
                                "Dockerfile": {
                                    "sha": "e9b71a7abb915331b1250e6008c42c5510b149bc"
                                },
                                "docker-compose.yml": {
                                    "sha": "37e3d10855e3a8b5dac9c57c3cfab6477af0748b"
                                },
                                "entrypoint.sh": {
                                    "sha": "6b1d8a2599b81aa9045a7771a13080fc12384d7f"
                                }
                            }
                        }
                    },
                    "files": {}
                },
                "frameworks": {
                    "dirs": {
                        "Django": {
                            "dirs": {
                                "application": {
                                    "dirs": {},
                                    "files": {
                                        "__init__.py": {
                                            "sha": "e69de29bb2d1d6434b8b29ae775ad8c2e48c5391"
                                        },
                                        "asgi.py": {
                                            "sha": "256c1bc99b9a00803b4a0128cf21da2fbce3c25d"
                                        },
                                        "settings.py": {
                                            "sha": "ae46ad0c665381d7ad9103ea78d56438457c2c28"
                                        },
                                        "urls.py": {
                                            "sha": "9a2b547a8c98eb92684cef5418344548df0403c5"
                                        },
                                        "wsgi.py": {
                                            "sha": "99e36f14c87143e67fc0c9d6aa457a125e83792a"
                                        }
                                    }
                                }
                            },
                            "files": {
                                ".gitignore": {
                                    "sha": "b3ddf2bc342d6ddecf7dfbcd0e8918c3729338ff"
                                },
                                "manage.py": {
                                    "sha": "38aa052240d2c8acf0ad81babfe796febf2f8983"
                                },
                                "requirements-dev.txt": {
                                    "sha": "872b83fc44c14d8f3f43305107ddc8c8ef763cc4"
                                },
                                "requirements.in": {
                                    "sha": "fbdf94809ecc1749fce535ee325ff18362983fc7"
                                },
                                "requirements.txt": {
                                    "sha": "684ac76936907ec3c0c6a43e00a714596f35d038"
                                }
                            }
                        },
                        "Flask": {
                            "dirs": {
                                "application": {
                                    "dirs": {
                                        "static": {
                                            "dirs": {},
                                            "files": {
                                                "favicon.png": {
                                                    "sha": "5c603cc22c086a9257ee1c91277c42413e6650c4"
                                                },
                                                "style.css": {
                                                    "sha": "e69de29bb2d1d6434b8b29ae775ad8c2e48c5391"
                                                }
                                            }
                                        },
                                        "templates": {
                                            "dirs": {},
                                            "files": {
                                                "index.html": {
                                                    "sha": "cc4bd59fcc9bef83ae08e78e6c8f1fe4446b6d31"
                                                }
                                            }
                                        }
                                    },
                                    "files": {
                                        "__init__.py": {
                                            "sha": "c1702fd3ff40e7c913837c5ed454d32af2d0a454"
                                        },
                                        "views.py": {
                                            "sha": "56f1d3c0e183405019e84087583e7f22a8d78fb6"
                                        },
                                        "wsgi.py": {
                                            "sha": "00f3bdd89e1c7d4d1aca577355d76730cd418691"
                                        }
                                    }
                                }
                            },
                            "files": {
                                ".gitignore": {
                                    "sha": "b3ddf2bc342d6ddecf7dfbcd0e8918c3729338ff"
                                },
                                "requirements-dev.txt": {
                                    "sha": "4918e9ebc886e13045e24c5046b39ea83ecc744a"
                                },
                                "requirements.in": {
                                    "sha": "94deede20341c8184b88147d021847d4e38bfa99"
                                },
                                "requirements.txt": {
                                    "sha": "70ec02625bcbd1770abf7c1f5d88dfa4e787e899"
                                }
                            }
                        },
                        "SpringBoot": {
                            "dirs": {
                                ".mvn": {
                                    "dirs": {
                                        "wrapper": {
                                            "dirs": {},
                                            "files": {
                                                "MavenWrapperDownloader.java": {
                                                    "sha": "e76d1f3241d38db9b28f05133823bbed1ad289ff"
                                                },
                                                "maven-wrapper.jar": {
                                                    "sha": "2cc7d4a55c0cd0092912bf49ae38b3a9e3fd0054"
                                                },
                                                "maven-wrapper.properties": {
                                                    "sha": "5968812d6c273131aa6723f4202f65c6ee35de1b"
                                                }
                                            }
                                        }
                                    },
                                    "files": {}
                                },
                                "gradle": {
                                    "dirs": {
                                        "wrapper": {
                                            "dirs": {},
                                            "files": {
                                                "gradle-wrapper.jar": {
                                                    "sha": "f3d88b1c2faf2fc91d853cd5d4242b5547257070"
                                                },
                                                "gradle-wrapper.properties": {
                                                    "sha": "fae08049a6f0b348887286874d6669e9d5ffcc06"
                                                }
                                            }
                                        }
                                    },
                                    "files": {}
                                },
                                "src": {
                                    "dirs": {
                                        "main": {
                                            "dirs": {
                                                "java": {
                                                    "dirs": {
                                                        "hello": {
                                                            "dirs": {},
                                                            "files": {
                                                                "Application.java": {
                                                                    "sha": "0b2eef8bc94dc9497f9ed25ca765ce7256dae2e4"
                                                                }
                                                            }
                                                        }
                                                    },
                                                    "files": {}
                                                },
                                                "resources": {
                                                    "dirs": {},
                                                    "files": {
                                                        "application.yml": {
                                                            "sha": "351e62e9c2979e9c29e3fc394af5b77d3837ee5e"
                                                        }
                                                    }
                                                }
                                            },
                                            "files": {}
                                        }
                                    },
                                    "files": {}
                                }
                            },
                            "files": {
                                ".gitignore": {
                                    "sha": "33330bdcbf3a4609a5e59f147002b23abaa9b09d"
                                },
                                "build.gradle": {
                                    "sha": "1b9fb94d5d56f578f19740e2e4776bf57a4a1b33"
                                },
                                "gradle.properties": {
                                    "sha": "1ee3e766e21f4085184eb54b005813fab9d3acf7"
                                },
                                "gradlew": {
                                    "sha": "8e25e6c19d5748190b8cc39e98c2b56e496a5717"
                                },
                                "gradlew.bat": {
                                    "sha": "9618d8d9607cd91a0efb866bcac4810064ba6fac"
                                },
                                "mvnw": {
                                    "sha": "a16b5431b4c3cab50323a3f558003fd0abd87dad"
                                },
                                "mvnw.cmd": {
                                    "sha": "c8d43372c986d97911cdc21bd87e0cbe3d83bdda"
                                },
                                "pom.xml": {
                                    "sha": "ce78c97acce9b5f50c478a71682de3583b471c30"
                                },
                                "settings.gradle": {
                                    "sha": "e2ef993c985d6862353792e30ba596fd620d75a1"
                                }
                            }
                        }
                    },
                    "files": {}
                },
                "licenses": {
                    "dirs": {},
                    "files": {
                        "Apache-2": {
                            "sha": "68e9b7167c7522894c289e0d075fc7fd5b9ca19e"
                        },
                        "BSD-3": {
                            "sha": "010be823abb3b2122a557770d3e3a90a54b7ca9c"
                        },
                        "GPL-3": {
                            "sha": "4cb0e9126150d47357f46057ff41102af0105a8b"
                        },
                        "MIT": {
                            "sha": "e9a416bfff65e8ceb1aa8e61e89aa5545b77a278"
                        },
                        "MPL-2": {
                            "sha": "08ec0d6ced7625130a1cd975dd20c2800c9bac9b"
                        },
                        "Proprietary": {
                            "sha": "c88f46175473e52b8e7bcc96dadc704ff8a3c33e"
                        }
                    }
                },
                "testing": {
                    "dirs": {
                        "java": {
                            "dirs": {
                                "test": {
                                    "dirs": {
                                        "java": {
                                            "dirs": {
                                                "hello": {
                                                    "dirs": {},
                                                    "files": {
                                                        "HelloWorldConfigurationTests.java": {
                                                            "sha": "229ed77ba59127b0112300da5fa6c688a4ce0810"
                                                        }
                                                    }
                                                }
                                            },
                                            "files": {}
                                        }
                                    },
                                    "files": {}
                                }
                            },
                            "files": {}
                        },
                        "python": {
                            "dirs": {
                                "tests": {
                                    "dirs": {
                                        "acceptance": {
                                            "dirs": {
                                                "features": {
                                                    "dirs": {},
                                                    "files": {
                                                        "login-logout.feature": {
                                                            "sha": "ba83dde3edb829fc9f6c50469300b8ffa2f2ce14"
                                                        }
                                                    }
                                                },
                                                "steps": {
                                                    "dirs": {},
                                                    "files": {
                                                        "fixtures.py": {
                                                            "sha": "d164cb3e924a679bf3e3bbfb6303ad47ac42bba7"
                                                        },
                                                        "given.py": {
                                                            "sha": "899677d9d84bd47443c88455c616b03e60984cbd"
                                                        },
                                                        "then.py": {
                                                            "sha": "bffe41289ca200f27405b57632d86cea9239203a"
                                                        },
                                                        "when.py": {
                                                            "sha": "3e299ce711bdc037f0cce420882058c139810217"
                                                        }
                                                    }
                                                }
                                            },
                                            "files": {
                                                "environment.py": {
                                                    "sha": "17b603f1d48c5791a2242e587b4e42968922576e"
                                                }
                                            }
                                        },
                                        "unit": {
                                            "dirs": {},
                                            "files": {
                                                "test_application.py": {
                                                    "sha": "370d03f11b6c9e6de39f9dae367ee65642043f0c"
                                                }
                                            }
                                        }
                                    },
                                    "files": {
                                        "README.rst": {
                                            "sha": "c7a9d5af0bbdfa9b47b8a993e48653c63409c2e9"
                                        }
                                    }
                                }
                            },
                            "files": {
                                "pyproject.toml": {
                                    "sha": "1799a3159531d8207d42c3ba13e08ee2149aa63e"
                                },
                                "tox.ini": {
                                    "sha": "16fc7c0edf689d2eb455d90e03de61189fb105e0"
                                }
                            }
                        }
                    },
                    "files": {}
                }
            },
            "files": {
                "README.rst": {
                    "sha": "6b30fe2b744509fbf8c42d5c08d7c602a9e44864"
                }
            }
        },
        "gitops": {
            "dirs": {
                "_": {
                    "dirs": {},
                    "files": {
                        ".gitlab-ci.yml": {
                            "sha": "84f8a816e547967c593084bf1cf82bafffe4ffba"
                        },
                        "bitbucket-pipelines.yml": {
                            "sha": "d54004ce93db703710e2b256c91c8fe266384a8c"
                        }
                    }
                },
                "application": {
                    "dirs": {
                        "overlays": {
                            "dirs": {
                                "development": {
                                    "dirs": {},
                                    "files": {
                                        ".flux.yaml": {
                                            "sha": "d079222aad297e737276dd6b426c7657c3f7a393"
                                        },
                                        "flux-patch.yaml": {
                                            "sha": "72a619ae044fc6a421bba23b4f74dda426c8cded"
                                        }
                                    }
                                },
                                "integration": {
                                    "dirs": {},
                                    "files": {
                                        ".flux.yaml": {
                                            "sha": "d079222aad297e737276dd6b426c7657c3f7a393"
                                        },
                                        "flux-patch.yaml": {
                                            "sha": "8334db1f5593332040bbad90cfe375d03c9ded62"
                                        }
                                    }
                                },
                                "production": {
                                    "dirs": {},
                                    "files": {
                                        ".flux.yaml": {
                                            "sha": "d079222aad297e737276dd6b426c7657c3f7a393"
                                        },
                                        "flux-patch.yaml": {
                                            "sha": "b58281e3255e999dd25ddb27cbf1e1c883b3c6e2"
                                        }
                                    }
                                }
                            },
                            "files": {}
                        }
                    },
                    "files": {}
                },
                "database": {
                    "dirs": {},
                    "files": {
                        ".flux.yaml": {
                            "sha": "c8a8ec58b7a99ff756ba6518637d8a51ceeac2fd"
                        }
                    }
                }
            },
            "files": {
                ".editorconfig": {
                    "sha": "160b060bcb90e8ebf6dd4b78a57f3b59ff7015fc"
                },
                ".gitignore": {
                    "sha": "e69de29bb2d1d6434b8b29ae775ad8c2e48c5391"
                },
                "LICENSE": {
                    "sha": "31cf113eeb49f0cba3e7c08498e10936237e68cd"
                },
                "README.rst": {
                    "sha": "9058fb40af0be37dac025c1332abcc8b20402bdd"
                },
                "bootstrap.sh": {
                    "sha": "c2feeba6571f389a22523afb05e67c5ac42cacdb"
                },
                "{{cookiecutter.ci_service}}": {
                    "sha": "b9481db6bfff56e6e67a899172a2d341e1a9618d"
                }
            }
        },
        "manifests": {
            "dirs": {
                "_": {
                    "dirs": {
                        "python": {
                            "dirs": {},
                            "files": {
                                "nginx.conf": {
                                    "sha": "2a22b84c95efc750b86c5750a13f20db988ae355"
                                },
                                "uwsgi.ini": {
                                    "sha": "4c85c1f4d31c1a6c69a12e1675d3bdaa9d283c8c"
                                }
                            }
                        }
                    },
                    "files": {}
                },
                "application": {
                    "dirs": {
                        "base": {
                            "dirs": {
                                "cronjob": {
                                    "dirs": {
                                        "jobs": {
                                            "dirs": {
                                                "backup": {
                                                    "dirs": {},
                                                    "files": {
                                                        "kustomization.yaml": {
                                                            "sha": "ce3b3cb7c0e1546dd2c71b4989f7a6fb6a2452c5"
                                                        },
                                                        "patch.yaml": {
                                                            "sha": "cf183f8d6657ba8d1304ec732ec455925c349e52"
                                                        }
                                                    }
                                                },
                                                "newsletter": {
                                                    "dirs": {},
                                                    "files": {
                                                        "kustomization.yaml": {
                                                            "sha": "5d3ae01a25314f937e975318eaccabeb077677cc"
                                                        },
                                                        "patch.yaml": {
                                                            "sha": "1025c5095c03b9d7d5a5de19b46a4484523eeb14"
                                                        }
                                                    }
                                                }
                                            },
                                            "files": {}
                                        },
                                        "template": {
                                            "dirs": {},
                                            "files": {
                                                "cronjob.yaml": {
                                                    "sha": "14bf07fc7ebf237ece2c74b22db19c822ef87019"
                                                },
                                                "kustomization.yaml": {
                                                    "sha": "93adb4f878188d48e71633b46a3fe5a74e30a5a8"
                                                }
                                            }
                                        }
                                    },
                                    "files": {
                                        "kustomization.yaml": {
                                            "sha": "0c5f8610e6a211f17551852bbdd010c7da33299e"
                                        }
                                    }
                                }
                            },
                            "files": {
                                "application.env": {
                                    "sha": "fec559635d4b9e649f65a55edfb9e22d6f63a342"
                                },
                                "cronjob.yaml": {
                                    "sha": "aa16b15f96e0b34a1ffd6d1c0bbbf8c1cd0ed1a7"
                                },
                                "deployment.yaml": {
                                    "sha": "55c0c304280697b9fb921bda66079ead9f4825f1"
                                },
                                "ingress.yaml": {
                                    "sha": "97e18087055cc2c5a5aefea2052651dde6c6e31c"
                                },
                                "kustomization.yaml": {
                                    "sha": "cc949370c6739a63c0b61a853691fffe4084cde6"
                                },
                                "rolebinding.yaml": {
                                    "sha": "bcdf076aa11aca0ecfc1bd4fa34d50145536f5d2"
                                },
                                "route-crd.yaml": {
                                    "sha": "5b214817906164c9505d5f19bf0fffbbfa6a4053"
                                },
                                "route.yaml": {
                                    "sha": "eb5f83d44750d62ef262f9ff5517dbb4059d584c"
                                },
                                "secret.yaml": {
                                    "sha": "1cd61a298defbef1b9bf1e5474cea0a73aa0cbeb"
                                },
                                "service.yaml": {
                                    "sha": "8b4029b99d8e010e1d9079362112f1f5c27d1b51"
                                }
                            }
                        },
                        "overlays": {
                            "dirs": {
                                "development": {
                                    "dirs": {},
                                    "files": {
                                        "application.env": {
                                            "sha": "c7f127dd77c9e6df995568b3f0da610b5219da38"
                                        },
                                        "deployment.yaml": {
                                            "sha": "f7229697c24a418a91c732f19a2e498860744cc4"
                                        },
                                        "ingress-patch.yaml": {
                                            "sha": "158b928f18704c67aaf944719b46e72f01db52b9"
                                        },
                                        "kustomization.yaml": {
                                            "sha": "efb7ee82f4dca265bc0ac536a3949f1fddbff0cc"
                                        }
                                    }
                                },
                                "integration": {
                                    "dirs": {},
                                    "files": {
                                        "application.env": {
                                            "sha": "fec559635d4b9e649f65a55edfb9e22d6f63a342"
                                        },
                                        "ingress-patch.yaml": {
                                            "sha": "a273a1fa26236fc010c9d25a455e59ce60d9ac03"
                                        },
                                        "kustomization.yaml": {
                                            "sha": "5896ef7c8fc8774d0178b4d147f63b911eca202f"
                                        }
                                    }
                                },
                                "production": {
                                    "dirs": {},
                                    "files": {
                                        "application.env": {
                                            "sha": "fec559635d4b9e649f65a55edfb9e22d6f63a342"
                                        },
                                        "deployment.yaml": {
                                            "sha": "0d72e80a856fd52d7cd7ab2b31f8c35a6d854092"
                                        },
                                        "kustomization.yaml": {
                                            "sha": "fc6d3625c15dcca53e0a56930902ed7e65080684"
                                        },
                                        "route.yaml": {
                                            "sha": "7801b02bd1f66a3f7193a9cd531da404394ec6a5"
                                        }
                                    }
                                }
                            },
                            "files": {}
                        }
                    },
                    "files": {}
                },
                "database": {
                    "dirs": {
                        "base": {
                            "dirs": {},
                            "files": {
                                "kustomization.yaml": {
                                    "sha": "0ced3dc4e5654482b15783c3a549c6183c375b35"
                                },
                                "secret.yaml": {
                                    "sha": "1b93edd450857398929a16e88dd4c328141437c6"
                                },
                                "service.yaml": {
                                    "sha": "7a69067fd702832eb8cecf83e70043ab72b653e4"
                                },
                                "statefulset.yaml": {
                                    "sha": "aeb9e03f93ad6f641b8c547d9faf25d04e9397a5"
                                }
                            }
                        },
                        "overlays": {
                            "dirs": {
                                "development": {
                                    "dirs": {},
                                    "files": {
                                        "kustomization.yaml": {
                                            "sha": "23f841a6b932b51782e4d9f4bcb81650721f1ab9"
                                        }
                                    }
                                },
                                "integration": {
                                    "dirs": {},
                                    "files": {
                                        "kustomization.yaml": {
                                            "sha": "4ae56151830f0442418cce8e6efe3ed64c9de2e0"
                                        }
                                    }
                                },
                                "production": {
                                    "dirs": {},
                                    "files": {
                                        "kustomization.yaml": {
                                            "sha": "bf511aeede82d7baad01de8175766c4a90d7a0fd"
                                        }
                                    }
                                }
                            },
                            "files": {}
                        }
                    },
                    "files": {}
                }
            },
            "files": {}
        }
    },
    "files": {
        ".dockerignore": {
            "sha": "24484dc2b5d8cf9d2abaf6ac1a49e082cf79ed3c"
        },
        ".editorconfig": {
            "sha": "160b060bcb90e8ebf6dd4b78a57f3b59ff7015fc"
        },
        "LICENSE": {
            "sha": "31cf113eeb49f0cba3e7c08498e10936237e68cd"
        },
        "README.rst": {
            "sha": "5c0fa28c7591a2410d9fb836d90f86c242b0d0db"
        },
        "{{cookiecutter.ci_service}}": {
            "sha": "c7305a17e4a8c32d11653dd346d9a5a1cc9dda0e"
        }
    }
}