{
    "dirs": {
        "logs": {
            "dirs": {},
            "files": {
                ".gitkeep": {
                    "sha": "e69de29bb2d1d6434b8b29ae775ad8c2e48c5391"
                }
            }
        },
        "requirements": {
            "dirs": {},
            "files": {
                "base.txt": {
                    "sha": "fac90a4b287ed668718e4700ad7cf4ab433139d1"
                },
                "development.txt": {
                    "sha": "2b903b78b00b7269b72bd3463602df0b855cbc2c"
                },
                "production.txt": {
                    "sha": "3669016c9a9d6ad3e32798eecc724a24c0433dc0"
                }
            }
        },
        "{{cookiecutter.project_name}}": {
            "dirs": {
                "core": {
                    "dirs": {
                        "fixtures": {
                            "dirs": {},
                            "files": {
                                "initial_data.json": {
                                    "sha": "01c9b4d568e194da00a69cf428da143e1db76703"
                                }
                            }
                        }
                    },
                    "files": {
                        "__init__.py": {
                            "sha": "e69de29bb2d1d6434b8b29ae775ad8c2e48c5391"
                        },
                        "context_processor.py": {
                            "sha": "124f9adbc3629f60192bbc345789c5fe360c9cdf"
                        },
                        "models.py": {
                            "sha": "71a836239075aa6e6e4ecb700e9c42c95c022d91"
                        },
                        "tests.py": {
                            "sha": "501deb776c16733b19f3509d86e125df78958261"
                        },
                        "views.py": {
                            "sha": "60f00ef0ef347811e7b0c0921b7fda097acd9fcc"
                        }
                    }
                },
                "static": {
                    "dirs": {
                        "css": {
                            "dirs": {},
                            "files": {
                                "main.css": {
                                    "sha": "e69de29bb2d1d6434b8b29ae775ad8c2e48c5391"
                                }
                            }
                        }
                    },
                    "files": {
                        "script.js": {
                            "sha": "e69de29bb2d1d6434b8b29ae775ad8c2e48c5391"
                        }
                    }
                },
                "templates": {
                    "dirs": {},
                    "files": {
                        "base.html": {
                            "sha": "59aeccc80f4004530bd125497b69fe308c2a0200"
                        },
                        "menu.html": {
                            "sha": "148fdc162c7f309a33185d890216129a8fa48392"
                        },
                        "single_page.html": {
                            "sha": "b1603203921dc707fe6ed51aaba5196b53fbe288"
                        }
                    }
                },
                "{{cookiecutter.project_name}}": {
                    "dirs": {
                        "lib": {
                            "dirs": {},
                            "files": {
                                "__init__.py": {
                                    "sha": "e69de29bb2d1d6434b8b29ae775ad8c2e48c5391"
                                },
                                "colorstreamhandler.py": {
                                    "sha": "233683ce3ad98f2d564d6e77e1bd05c358e9240f"
                                },
                                "finders.py": {
                                    "sha": "b4223a6bb86d56beaaa79d61d17975e17e25f1cc"
                                },
                                "tdaemon.py": {
                                    "sha": "eba1c852e046645ce158b80e01bead264400e8cf"
                                }
                            }
                        },
                        "settings": {
                            "dirs": {},
                            "files": {
                                "__init__.py": {
                                    "sha": "ce1320d35e7dff4c89ec3451e93f00f19c062736"
                                },
                                "base.py": {
                                    "sha": "67d1c75ab53a7af559443135d834e4e852fcc313"
                                },
                                "dev_example.py": {
                                    "sha": "4af3bfb5b4609e77e8507a48e293d9ccea352ff6"
                                },
                                "production_example.py": {
                                    "sha": "49ed6a970b94e6d285abceda1b8900f4135b9ce7"
                                }
                            }
                        }
                    },
                    "files": {
                        "__init__.py": {
                            "sha": "e69de29bb2d1d6434b8b29ae775ad8c2e48c5391"
                        },
                        "urls.py": {
                            "sha": "bb7906c1f0f406ee8af7d50c0c3cd96fa0422512"
                        },
                        "wsgi.py": {
                            "sha": "706c2c0e66f6496f5e7fd68b1cabd6e7cb0ed952"
                        }
                    }
                }
            },
            "files": {
                "manage.py": {
                    "sha": "51b88afb2bd3bf0e6a6b462b98fc84dd76f7da43"
                }
            }
        }
    },
    "files": {
        ".gitignore": {
            "sha": "641f0cd92af842fe2f04c4b44d7c20733bc78e1a"
        },
        ".pep8": {
            "sha": "af4014607a8a7a1056c9473343971f6da0c0ee22"
        },
        "AUTHORS.rst": {
            "sha": "7b4eb9870e31ec7fb2ee836daf69fc2dc3b494f6"
        },
        "LICENSE.rst": {
            "sha": "bfb11bc9acf87815ac8f90935e608239021199af"
        },
        "Procfile": {
            "sha": "158dc963fd869f21471529d2ed8efe1609b7ef1d"
        },
        "README.rst": {
            "sha": "44573665f6bbcad7f59a1177c7221f5e986153ea"
        },
        "requirements.txt": {
            "sha": "fc818cd0ae6e11cb596b57d7c92d274b0d5eed07"
        },
        "runtime.txt": {
            "sha": "e2f1f86c5d110475e9a1cb5f98ca1fec5f68e853"
        }
    }
}