{
    "dirs": {
        "etc": {
            "dirs": {},
            "files": {
                "dev-flask-secret-key": {
                    "sha": "ee7bcdf38c163f013750592b74dca47862115b28"
                }
            }
        },
        "tests": {
            "dirs": {},
            "files": {
                "test_{{cookiecutter.app_module}}.py": {
                    "sha": "698bff64255c67f16da7a859a842e74f0fabd7f6"
                }
            }
        },
        "{{cookiecutter.app_module}}": {
            "dirs": {
                "static": {
                    "dirs": {
                        "js": {
                            "dirs": {
                                "__snapshots__": {
                                    "dirs": {},
                                    "files": {
                                        "EchoInput.test.js.snap": {
                                            "sha": "0a5ef3db92e6f714f134cc2a6bbadd035c661f2f"
                                        },
                                        "EchoOutput.test.js.snap": {
                                            "sha": "d837a50c3f071fc3bf0c5f4a3c7014b6c33ea29c"
                                        }
                                    }
                                }
                            },
                            "files": {
                                "App.css": {
                                    "sha": "699d2f4c2a5b3d7667695e4a4b133b514b6071b0"
                                },
                                "App.js": {
                                    "sha": "bc390b1c8096c84ace0b5a6ab1c5eafb1eb2011a"
                                },
                                "EchoInput.js": {
                                    "sha": "500b30677bfbaa7cb17013cb3b4a62dd6f6c9cec"
                                },
                                "EchoInput.test.js": {
                                    "sha": "7c18c6f8a7105a1bf8bde4384fa95a137f498719"
                                },
                                "EchoOutput.js": {
                                    "sha": "c6b750026d9c3b43c4eee12726fb5f0a863f270f"
                                },
                                "EchoOutput.test.js": {
                                    "sha": "5d9841068cc294da10d7f7d2d1fba986dd179473"
                                }
                            }
                        }
                    },
                    "files": {
                        "index.js": {
                            "sha": "35659bf5e17dbc2a4c074b332664775682ddd877"
                        }
                    }
                },
                "templates": {
                    "dirs": {},
                    "files": {
                        "index.html": {
                            "sha": "16f64fec2c10b3b5ab754183455ed6988b9eb97a"
                        },
                        "layout.html": {
                            "sha": "8346442e3064f4d4d1158d607b7d0b908250a9d7"
                        }
                    }
                }
            },
            "files": {
                "__init__.py": {
                    "sha": "de0789bf95009c79744aaf0c5f54181e783f05cc"
                },
                "_version.py": {
                    "sha": "ad08e62a52cb9c817b9dcd9ddfcab61667f8597b"
                },
                "api.py": {
                    "sha": "72e22b5859306614daa48994a16f69af222c648f"
                },
                "app.py": {
                    "sha": "3a693abd4d5172ba44879f30cddfb8a3ad0d7b8d"
                },
                "ui.py": {
                    "sha": "62379f810d7c9a56a8596fb5ea19b4a19df3be86"
                }
            }
        }
    },
    "files": {
        ".babelrc": {
            "sha": "67d71ed7a17af22696d22650fd71067a1456e807"
        },
        ".coveragerc": {
            "sha": "df4da53a4de14aae9f71701dc65c737c159f587e"
        },
        ".flake8": {
            "sha": "51b50a0465baf354d5f08c76e1bffeaa9cbf1780"
        },
        ".gitignore": {
            "sha": "4d2ea11b625833b3a07f95dc05e4d96d2c0dc423"
        },
        ".travis.yml": {
            "sha": "9104bc2a66d4b86ac3779cd36974bac82d614034"
        },
        "Dockerfile": {
            "sha": "2f94be2d7bcc2f17c49c9ec2c866228afa759a5c"
        },
        "MANIFEST.in": {
            "sha": "aedb16627c690d657ac7005af7a67feff758e28f"
        },
        "Makefile": {
            "sha": "0c98dfde2b0a6b70499db51b6bbca0e179e800e9"
        },
        "README.md": {
            "sha": "7bea182a0fcf82bce1281c520f1839e8f8d83f94"
        },
        "docker-compose.yml": {
            "sha": "2716ce1521ecde86b65a3c2108c304709cd93d55"
        },
        "package.json": {
            "sha": "c6e3166363601bbe1713b09d22ebf35d2389ef4e"
        },
        "requirements-test.txt": {
            "sha": "8fa8b2f6d27b8596e3f4626b3f8083b0f16131e0"
        },
        "requirements.txt": {
            "sha": "e4a286caa7761048a246fb14590d5d9728216ee2"
        },
        "run_tests.py": {
            "sha": "a30931f4e6eddca50274a1c3ff2feb17503edcb4"
        },
        "setup.cfg": {
            "sha": "49ae070d63fea236e32103c050633634e9a63a5c"
        },
        "setup.py": {
            "sha": "8691085b890e732c06583146bd60d71671d552fc"
        },
        "setupTests.js": {
            "sha": "acd71d494b70cf2897dd851e0912000667b6d393"
        },
        "versioneer.py": {
            "sha": "f250cde55b8bc2d303d2758779651a146f80f23d"
        }
    }
}