{
    "dirs": {
        "docs": {
            "dirs": {
                "source": {
                    "dirs": {
                        "_static": {
                            "dirs": {
                                "images": {
                                    "dirs": {},
                                    "files": {
                                        "logo.svg": {
                                            "sha": "a76053e4c2ed309a50750b70ce7de678bf2f7ca5"
                                        }
                                    }
                                }
                            },
                            "files": {
                                "logo.png": {
                                    "sha": "9e6ee44525c8612a91dacc9ac4657c4cb8c44a66"
                                }
                            }
                        },
                        "development": {
                            "dirs": {},
                            "files": {
                                "docs.rst": {
                                    "sha": "d60b67be9c01a404b08cf9350d02fd157dde8dd5"
                                },
                                "getting_started.rst": {
                                    "sha": "77917986107fdd9c364badd9b6e3eb30524b4cfe"
                                },
                                "make.rst": {
                                    "sha": "782bb6878bbfd8d9378b19e92c973de8521da5c7"
                                },
                                "publishing.rst": {
                                    "sha": "fbb30c83cb4bdb8e7a04670e6a6343a4daa0eeb5"
                                }
                            }
                        }
                    },
                    "files": {
                        "api.rst": {
                            "sha": "1c240b2fe70344e56b652b93a7645d75d03f5013"
                        },
                        "conf.py": {
                            "sha": "8ced695ff0238175a37c3f5ac09ecbe02bae897f"
                        },
                        "development.rst": {
                            "sha": "5676b943c756a6e8fd1ece48ee8bd40b1503b8b0"
                        },
                        "getting_started.rst": {
                            "sha": "092defc418747511fc67fcbd38923eb6ee146ecb"
                        },
                        "index.rst": {
                            "sha": "f8fd1e1183e73bc7edc50a91f72807b48b1d0ad5"
                        },
                        "requirements.rst": {
                            "sha": "78b1d57775917a7828a0b0ab7c0803c1470b0b3a"
                        }
                    }
                }
            },
            "files": {
                "Makefile": {
                    "sha": "d0c3cbf1020d5c292abdedf27627c6abe25e2293"
                },
                "make.bat": {
                    "sha": "9534b018135ed7d5caed6298980c55e8b1d2ec82"
                }
            }
        },
        "tests": {
            "dirs": {},
            "files": {
                "test_cli.py": {
                    "sha": "9ca0bf15da2f46ecb471a0c026837b0802a5391a"
                },
                "test_example.py": {
                    "sha": "969a165a2a0782cfc1159e6e444b73c22cd434c2"
                }
            }
        },
        "{{cookiecutter.package_name}}": {
            "dirs": {},
            "files": {
                "__init__.py": {
                    "sha": "e327f675ca2b3fc5b8804a7d6335837f0d901467"
                },
                "cli.py": {
                    "sha": "2f931613664470d2e043cb043e98d9f1acb4284a"
                },
                "version.py": {
                    "sha": "c9c0e9e7cc5ac2c60a4a18d7c06755f57a5e61e5"
                }
            }
        }
    },
    "files": {
        ".coveragerc": {
            "sha": "8718b76ab2070e640485e13ff616cc59be3318e5"
        },
        ".flake8": {
            "sha": "c4ff6ca823213abcbfe43910f7eee0f95ac7c46a"
        },
        ".gitignore": {
            "sha": "15f44b680e232ece7935af819c41c4aacb0a510d"
        },
        ".pip-lic-ignore": {
            "sha": "465be0d20277a3d781a8ae64be090385e83e2053"
        },
        ".pylintrc": {
            "sha": "893bff40ad171005527f46c5b1eb08250db1c7b3"
        },
        ".readthedocs.yml": {
            "sha": "a896a81b6a4cdbea923b15ad74a5d31c58a933da"
        },
        "LICENSE": {
            "sha": "ba6cb231f8f86494ac04ebdf142bded0206be90a"
        },
        "MANIFEST.in": {
            "sha": "8b137891791fe96927ad78e64b0aad7bded08bdc"
        },
        "Makefile": {
            "sha": "1ff0046fb277574502106513ae67d3470576b0a9"
        },
        "README.md": {
            "sha": "6785fcb0659032e71ddd6f57803312daf4cdb17a"
        },
        "README.rst": {
            "sha": "fc0aebc244bf1fcbea088dcca48f383b675f31a6"
        },
        "environment.yml": {
            "sha": "ccd6926fe1c8b0662f47efa15cee8ca6ed477ce0"
        },
        "pytest.ini": {
            "sha": "96cf06408c8c345746e43b0aacf843a15678ea2d"
        },
        "requirements.txt": {
            "sha": "b8dc1ae06ea48c25010ac8ef5caf79ac16296688"
        },
        "setup.cfg": {
            "sha": "578ede1f3f989dd29ae512b2aa3f618732c5299a"
        },
        "setup.py": {
            "sha": "559cbde6d2b73d465a1b5d7ee53e24fabade9cbf"
        }
    }
}