{
    "dirs": {
        "source": {
            "dirs": {
                "tests": {
                    "dirs": {},
                    "files": {
                        "__init__.py": {
                            "sha": "8b137891791fe96927ad78e64b0aad7bded08bdc"
                        },
                        "conftest.py": {
                            "sha": "97dd52c54283e8812d0bbd7841c88ec0efb3305c"
                        },
                        "test_views.py": {
                            "sha": "fa294640eb057f354a5cddbc06ccec45bddb02f8"
                        }
                    }
                },
                "{{cookiecutter.app_name}}": {
                    "dirs": {
                        "migrations": {
                            "dirs": {},
                            "files": {
                                "__init__.py": {
                                    "sha": "8b137891791fe96927ad78e64b0aad7bded08bdc"
                                }
                            }
                        },
                        "models": {
                            "dirs": {},
                            "files": {
                                "__init__.py": {
                                    "sha": "e69de29bb2d1d6434b8b29ae775ad8c2e48c5391"
                                }
                            }
                        },
                        "serializers": {
                            "dirs": {},
                            "files": {
                                "__init__.py": {
                                    "sha": "8b137891791fe96927ad78e64b0aad7bded08bdc"
                                }
                            }
                        },
                        "services": {
                            "dirs": {},
                            "files": {
                                "__init__.py": {
                                    "sha": "8b137891791fe96927ad78e64b0aad7bded08bdc"
                                }
                            }
                        },
                        "views": {
                            "dirs": {},
                            "files": {
                                "__init__.py": {
                                    "sha": "e69de29bb2d1d6434b8b29ae775ad8c2e48c5391"
                                }
                            }
                        }
                    },
                    "files": {
                        "app.py": {
                            "sha": "360ed9947a4583b6ce917e986b874652ad23567a"
                        },
                        "celery.py": {
                            "sha": "d1d58697f4ce521a6d0fb7af61134d071232cf00"
                        },
                        "config.py": {
                            "sha": "08317eef924df9dd6e4318d9eccf76487d8ca26e"
                        }
                    }
                }
            },
            "files": {
                "requirements.txt": {
                    "sha": "90f1a32895ec38423c722d8e4bebfb1818f8dceb"
                }
            }
        }
    },
    "files": {
        ".gitignore": {
            "sha": "74033af20fc438b7cc2bdb91e868652427714d7f"
        },
        "Dockerfile": {
            "sha": "d454292cb0898a06d1e91c02685eac506f23bf28"
        },
        "README.md": {
            "sha": "5f653aa9c182f57baba82f9e79efd9d66e4a0daa"
        },
        "docker-compose.yml": {
            "sha": "02786876a29e66ad7bea0308089d84203f4c94fe"
        }
    }
}