{
    "dirs": {
        "config": {
            "dirs": {},
            "files": {
                ".env": {
                    "sha": "2e55f8d6d39339ad640af237675b18b9bdd041c9"
                }
            }
        },
        "tests": {
            "dirs": {},
            "files": {
                "__init__.py": {
                    "sha": "e69de29bb2d1d6434b8b29ae775ad8c2e48c5391"
                },
                "test_pipeline.py": {
                    "sha": "298157bfc2819ece61b8ce30688d4b61cf49aa92"
                }
            }
        },
        "{{cookiecutter.project_slug}}": {
            "dirs": {},
            "files": {
                "__init__.py": {
                    "sha": "e69de29bb2d1d6434b8b29ae775ad8c2e48c5391"
                },
                "config.py": {
                    "sha": "2ade8f7e5711486bf6a314941a09dbab89a30b4c"
                },
                "input.py": {
                    "sha": "644043ece0eed465a036a1ee7312ce1f0e317ca3"
                },
                "output.py": {
                    "sha": "3c5a951b85efeaf8ca49f9ee737481bdba5d4549"
                },
                "pipeline.py": {
                    "sha": "e045fdb455e76745bc966ed5d291830908542961"
                }
            }
        }
    },
    "files": {
        "Dockerfile": {
            "sha": "ccc6d8acc538ab2f2495d2150b2bf95a52819c72"
        },
        "README.md": {
            "sha": "0c0beea05c6481c4fe3764e7d9c2abcb9d3462ce"
        },
        "local.yml": {
            "sha": "04129b2b9eaa9e630ae41530f423e23054a2e84b"
        },
        "prod.yml": {
            "sha": "fff2bd9f4ccc16d7b6cf0e4b8c7f15e1f8b57895"
        },
        "pyproject.toml": {
            "sha": "ef1f218a503c69c9ca66499ace0f8347733da557"
        },
        "requirements-common.txt": {
            "sha": "01fe2d5dc4111ab96b100723451bec93232c9a97"
        },
        "requirements-dev.txt": {
            "sha": "04fd494f5d2cf2982c674542feef07d66efe71f3"
        },
        "requirements-prod.txt": {
            "sha": "d6bf067ce155237c123c824ccb9a8e691b2dec0b"
        },
        "run.py": {
            "sha": "b1ca322f9366412825d8751de5cbffaf7a3f4c93"
        }
    }
}