{
    "dirs": {},
    "files": {
        ".editorconfig": {
            "sha": "d029f52fc696540a7587c730994fe0c1cc75f581"
        },
        ".gitattributes": {
            "sha": "9e2529733810482c9563e285dbb28fedb17340dd"
        },
        ".gitignore": {
            "sha": "463e63fd027beb7f75de61caadcc82a381c15858"
        },
        ".travis.yml": {
            "sha": "310fd20eb00cf9140f85a1fff10533e999375dc9"
        },
        "CODE_OF_CONDUCT.md": {
            "sha": "e3cde9f57e70ecec001f475b17d1663be98ca865"
        },
        "CONTRIBUTING.md": {
            "sha": "48398af92ad8d562d43e188889851c7529c94052"
        },
        "LICENSE": {
            "sha": "670154e3538863b2d9891fd5483160fbdfc89164"
        },
        "PULL_REQUEST_TEMPLATE.md": {
            "sha": "5d190162c7fb5a7b257f875af2ee2799bdde6723"
        },
        "README.md": {
            "sha": "ba854c9092b3cf929fd3786d5fd39079a963a619"
        }
    }
}