{
    "dirs": {
        ".github": {
            "dirs": {
                "workflows": {
                    "dirs": {},
                    "files": {
                        "build_and_test.yaml": {
                            "sha": "af6e96b2421881a05be74a6e89c9f85bd02f67d9"
                        }
                    }
                }
            },
            "files": {}
        },
        "include": {
            "dirs": {
                "{{ cookiecutter.project_name | snakecase }}": {
                    "dirs": {},
                    "files": {
                        "{{ cookiecutter.class_name | snakecase }}.hpp": {
                            "sha": "845b9ecca0d86b643fd54385d5b81dccb5bd4d58"
                        }
                    }
                }
            },
            "files": {}
        },
        "src": {
            "dirs": {},
            "files": {
                "main.cpp": {
                    "sha": "c60626448f8078abf3344204c694f5b369be7d72"
                },
                "{{ cookiecutter.class_name | snakecase }}.cpp": {
                    "sha": "10faab230981c1be9c88fecc10665fbad825f38f"
                }
            }
        },
        "test": {
            "dirs": {},
            "files": {
                "{{ cookiecutter.class_name | snakecase }}_test.cpp": {
                    "sha": "0b7ec50563df692928a04a7d18127f17b315c40e"
                }
            }
        }
    },
    "files": {
        ".clang-format": {
            "sha": "a05c9666da54ed41b3b6c04f8a066b81c01caeea"
        },
        ".clang-tidy": {
            "sha": "3a103664e1e84da7eb1fef17138efd17ad7ffa7e"
        },
        ".pre-commit-config.yaml": {
            "sha": "faa2f4bee60010f1fe44c88054d5462c4343139c"
        },
        "CMakeLists.txt": {
            "sha": "c969a37fcee7534414410a3538d76690fc67b2f3"
        },
        "README.md": {
            "sha": "3ee8920c6e52c4d4f1f51de27d5e6ca0e2e5a406"
        },
        "package.xml": {
            "sha": "059f6c855b49f5c76b18b181029fd748fb06bcb1"
        },
        "{{ cookiecutter.project_name | snakecase }}.repos": {
            "sha": "da25120477b8a8656fd9018a0a8012120d3ba76e"
        }
    }
}