{
    "dirs": {
        ".github": {
            "dirs": {
                "workflows": {
                    "dirs": {},
                    "files": {
                        "add-to-project.yml": {
                            "sha": "08c201dd9a370df9a50b7c4199eab2aa6648993a"
                        },
                        "codeql-analysis.yml": {
                            "sha": "fde50b6f06da71022b9dc17b228a759140f3696f"
                        },
                        "nightly-dev-tests.yml": {
                            "sha": "950436831450a75178fe1e10ab83a886b36b6cca"
                        },
                        "publish-docs.yml": {
                            "sha": "10166bde087814c465985c28d025a5922604b565"
                        },
                        "release.yml": {
                            "sha": "4f3cfff49ad903dd3e7ea9f8b8e7c5a935e91ae5"
                        },
                        "static_analysis.yml": {
                            "sha": "58fb9333e1ff00a4fc99d800d593b8e76082b170"
                        },
                        "template-sync.yml": {
                            "sha": "aec8fdb09dc42baddec01de330c590ef7b9ac128"
                        },
                        "tests.yml": {
                            "sha": "8540b7981c78f7ba73cbc5ca334258714b52117d"
                        },
                        "windows-tests.yml": {
                            "sha": "c5d98133a136c1ea98be6ae0ef52be3bfc215f96"
                        }
                    }
                }
            },
            "files": {
                "CODEOWNERS": {
                    "sha": "39bfdc75f3c393e02bc5892a15ac6e13d81978e8"
                },
                "ISSUE_TEMPLATE.md": {
                    "sha": "7d2da48f080947d36666c1532fd48f56ce0bb65d"
                },
                "PULL_REQUEST_TEMPLATE.md": {
                    "sha": "eba776adb42c65b1241ee0e75d2f42d88878fded"
                },
                "codeql-config.yml": {
                    "sha": "a670d587b069c01f6dd250c0aa351014b6880310"
                },
                "dependabot.yml": {
                    "sha": "653b05d0097ced8e779216686a2e9378a980ad6c"
                }
            }
        },
        "docs": {
            "dirs": {
                "img": {
                    "dirs": {},
                    "files": {
                        "favicon.ico": {
                            "sha": "c4b421585b5f5cbbb793df9d0f0c7c09341d5989"
                        },
                        "prefect-logo-mark-solid-white-500.png": {
                            "sha": "f83aa6ef6a34ee4c596bd1c7c2046a2f05cb9342"
                        },
                        "prefect-logo-white.png": {
                            "sha": "50ca61396fa83406b0467ec53ed9a20d1e05a652"
                        }
                    }
                },
                "overrides": {
                    "dirs": {
                        "partials": {
                            "dirs": {
                                "integrations": {
                                    "dirs": {
                                        "analytics": {
                                            "dirs": {},
                                            "files": {
                                                "custom.html": {
                                                    "sha": "96a2301be822fa203b13fc2bfffc44561b981586"
                                                }
                                            }
                                        }
                                    },
                                    "files": {}
                                }
                            },
                            "files": {}
                        }
                    },
                    "files": {}
                },
                "stylesheets": {
                    "dirs": {},
                    "files": {
                        "extra.css": {
                            "sha": "11a020958ecd80b98ac69a4a211f851e671c0f1c"
                        }
                    }
                }
            },
            "files": {
                "flows.md": {
                    "sha": "2dd2c2f2575d5cae7b812c7aead3b28e2c1915f8"
                },
                "gen_blocks_catalog.py": {
                    "sha": "4485ef7a738fb6c043bd295873dfb486824ccab6"
                },
                "gen_examples_catalog.py": {
                    "sha": "07170a7565ef3561462c6ae4d0204c4a5b8ea89a"
                },
                "gen_home_page.py": {
                    "sha": "334113414ed1f413ce125f82cbf0cd749abf6903"
                },
                "tasks.md": {
                    "sha": "de018feb5d696bfa304d7be5c39b34c3db75708e"
                }
            }
        },
        "tests": {
            "dirs": {},
            "files": {
                "conftest.py": {
                    "sha": "ca7cae7cf3173025545cba2acc2640d123f88094"
                },
                "test_block_standards.py": {
                    "sha": "89e4df5d8af3601433e609a73a111f5d60556d7d"
                },
                "test_flows.py": {
                    "sha": "c242ae579bd4052db9e3e5449f56e7f1c31d1572"
                },
                "test_tasks.py": {
                    "sha": "9f6804e9dde4fd079a455bd99fc374134ae2d77e"
                }
            }
        },
        "{{cookiecutter.collection_slug}}": {
            "dirs": {},
            "files": {
                "__init__.py": {
                    "sha": "8d117116398f968a09e5be2a5682f40074dd6f5c"
                },
                "_version.py": {
                    "sha": "60ade68ac20ac8015369a58e41b636546cb82988"
                },
                "blocks.py": {
                    "sha": "932cc4c1e48f6e412f3f8a2640a40ce08245f147"
                },
                "flows.py": {
                    "sha": "f0f34a4c2d637fa09a757f06e0864eaeb98fcbc3"
                },
                "tasks.py": {
                    "sha": "b04d4d6cdff27c24a298f146fda04c6232d72e23"
                }
            }
        }
    },
    "files": {
        ".gitattributes": {
            "sha": "6f0d975da1737ca581346820b2243e35842caae7"
        },
        ".gitignore": {
            "sha": "b96a3be4c9a622e8edb71289678912aa407a8c86"
        },
        ".pre-commit-config.yaml": {
            "sha": "2f089e823d1ee189a86f81e15fadeb2916745c0e"
        },
        "CHANGELOG.md": {
            "sha": "41fdea2186ea3d6ff08535cccdde3ec1c69f7073"
        },
        "LICENSE": {
            "sha": "53c2097390ee8c2a689e4a4cac9745da58d3cf2f"
        },
        "MAINTAINERS.md": {
            "sha": "f758c14d6c0e64d08a3b5dad81ae1061ab26ad1e"
        },
        "MANIFEST.in": {
            "sha": "a2c2d7e8fa29e2fa39e8ffab682a1320586608e6"
        },
        "README.md": {
            "sha": "41eb6a35a0901e68fe077f19caf3b21814b50b96"
        },
        "mkdocs.yml": {
            "sha": "14de792c4850136ccb9c11e6cb08b562209864e3"
        },
        "requirements-dev.txt": {
            "sha": "dae3fd313ffeed5367bc419b0b6131531be6aa2e"
        },
        "requirements.txt": {
            "sha": "3f7c243402cca65b9b895cf80563330dfe0ef6dc"
        },
        "setup.cfg": {
            "sha": "fab2f8ee4b449ddb2949e45d67384a2700b39dc9"
        },
        "setup.py": {
            "sha": "276df821e8abc0e0ffc6d6226ade59cd9230a242"
        },
        "versioneer.py": {
            "sha": "d70f31b1241da60ae76e7ca81856874546d4d45d"
        }
    }
}