{
    "dirs": {
        ".github": {
            "dirs": {
                "workflows": {
                    "dirs": {},
                    "files": {
                        "build_and_publish.yml": {
                            "sha": "4d8ad5098b5084e34d20c0c749b8a7cce0941ad0"
                        },
                        "checks.yml": {
                            "sha": "75a56e31c534a077191803273be979a08852c315"
                        }
                    }
                }
            },
            "files": {}
        },
        "migrations": {
            "dirs": {
                "versions": {
                    "dirs": {},
                    "files": {
                        ".gitkeep": {
                            "sha": "e69de29bb2d1d6434b8b29ae775ad8c2e48c5391"
                        }
                    }
                }
            },
            "files": {
                "README": {
                    "sha": "98e4f9c44effe479ed38c66ba922e7bcc672916f"
                },
                "env.py": {
                    "sha": "e3c1632e1e7959d5cdb85c26ede109f01ebddfbe"
                },
                "script.py.mako": {
                    "sha": "2c0156303a8df3ffdc9de87765bf801bf6bea4a5"
                }
            }
        },
        "tests": {
            "dirs": {
                "test_routes": {
                    "dirs": {},
                    "files": {
                        ".gitkeep": {
                            "sha": "8b137891791fe96927ad78e64b0aad7bded08bdc"
                        }
                    }
                }
            },
            "files": {
                "conftest.py": {
                    "sha": "e69de29bb2d1d6434b8b29ae775ad8c2e48c5391"
                }
            }
        },
        "{{cookiecutter.module_name}}": {
            "dirs": {
                "models": {
                    "dirs": {},
                    "files": {
                        "__init__.py": {
                            "sha": "e69de29bb2d1d6434b8b29ae775ad8c2e48c5391"
                        },
                        "base.py": {
                            "sha": "3fc9b963dacd20934f135e11ba539eb00dacb941"
                        }
                    }
                },
                "routes": {
                    "dirs": {
                        "models": {
                            "dirs": {},
                            "files": {
                                "__init__.py": {
                                    "sha": "e69de29bb2d1d6434b8b29ae775ad8c2e48c5391"
                                },
                                "base.py": {
                                    "sha": "251e42613fa39f450c2646f1929767e518397a2c"
                                }
                            }
                        }
                    },
                    "files": {
                        "__init__.py": {
                            "sha": "e69de29bb2d1d6434b8b29ae775ad8c2e48c5391"
                        },
                        "base.py": {
                            "sha": "8d9ae9f4b2dbde664ebb9c53b19a644cf7c98920"
                        }
                    }
                },
                "utils": {
                    "dirs": {},
                    "files": {
                        "__init__.py": {
                            "sha": "e69de29bb2d1d6434b8b29ae775ad8c2e48c5391"
                        }
                    }
                }
            },
            "files": {
                "__init__.py": {
                    "sha": "4ed3366281bdca33b2164bc0847a7b8fec3565b9"
                },
                "__main__.py": {
                    "sha": "7e2d401f118f81b701337befeb6c2bf3de1ca3be"
                },
                "exceptions.py": {
                    "sha": "e69de29bb2d1d6434b8b29ae775ad8c2e48c5391"
                },
                "settings.py": {
                    "sha": "a98c0d90519ab67d2f422855c7688c913f66d946"
                }
            }
        }
    },
    "files": {
        ".env": {
            "sha": "2b20722aefd4569c4af656606892dbbf88ea22b7"
        },
        ".gitignore": {
            "sha": "b6e47617de110dea7ca47e087ff1347cc2646eda"
        },
        "Dockerfile": {
            "sha": "c49c9e2f9b30b4c1420b3806ba099d2818f9ec81"
        },
        "LICENSE": {
            "sha": "5494ac6fafb3c302819d62143bd47d92d9424e63"
        },
        "Makefile": {
            "sha": "0cacfc84232bb20d2c84cabe4e16c66e9d0bcfde"
        },
        "README.md": {
            "sha": "c2889e5c26d5fcf3e18c70b04d1741777ec40bf1"
        },
        "alembic.ini": {
            "sha": "e7fb3c2dad142488a5332a8ad500da0e46423611"
        },
        "flake8.conf": {
            "sha": "547208a9f62738ed0e327e22ad92e66258d70319"
        },
        "logging_dev.conf": {
            "sha": "783727241f3f7fdf16ce70df25d6611a375c3900"
        },
        "logging_prod.conf": {
            "sha": "971f309085aabacdedbde941c7e7a91b4a585710"
        },
        "logging_test.conf": {
            "sha": "6bbe691bd99a61cd030378f4ced5000fa81e85e8"
        },
        "pyproject.toml": {
            "sha": "bf2a06d566edc08e7d936da3eab7975c0c29ac9b"
        },
        "requirements.dev.txt": {
            "sha": "c8d847a84157b6aa0cbd42585a31da21618bdd2f"
        },
        "requirements.txt": {
            "sha": "9fd26f299e395c90cf250343a5ea9fb4f2d6b637"
        }
    }
}