{
    "dirs": {
        ".github": {
            "dirs": {},
            "files": {
                "ISSUE_TEMPLATE.md": {
                    "sha": "30794e1e90b869c5cc9adaf79e220871bd15a05a"
                }
            }
        },
        "docs": {
            "dirs": {},
            "files": {
                "Makefile": {
                    "sha": "0e35bee91470117571d29550419477dba7f42c93"
                },
                "authors.rst": {
                    "sha": "e122f914a87b277e565fc9567af1a7545ec9872b"
                },
                "conf.py": {
                    "sha": "0f8f23caf2a2ac055014544381eb2e210455f036"
                },
                "contributing.rst": {
                    "sha": "e582053ea018c369be05aae96cf730744f1dc616"
                },
                "history.rst": {
                    "sha": "250649964bbc36f4bec2942f69238aa6f7c02c1a"
                },
                "index.rst": {
                    "sha": "ce21deaaebd9ed3da09f7e67951cd3e4b3afb508"
                },
                "installation.rst": {
                    "sha": "ac48187baabd68195ec05d791619b658deef412c"
                },
                "make.bat": {
                    "sha": "fec43bb8cb972f348a8bf229ea3098ff3bd86d6c"
                },
                "readme.rst": {
                    "sha": "72a33558153fb57def85612b021ec596ef2a51b9"
                },
                "usage.rst": {
                    "sha": "01f521bd7a2f5a3b8a2fa1969a437e9a0df4e5a8"
                }
            }
        },
        "tests": {
            "dirs": {
                "example": {
                    "dirs": {},
                    "files": {
                        "__init__.py": {
                            "sha": "e69de29bb2d1d6434b8b29ae775ad8c2e48c5391"
                        },
                        "urls.py": {
                            "sha": "fab9965a4f2f0057698b301aea7f3c47b02563a9"
                        }
                    }
                }
            },
            "files": {
                "README.md": {
                    "sha": "ad1b13d320cfe3f74d568e91fa2a4e44076ff659"
                },
                "__init__.py": {
                    "sha": "e69de29bb2d1d6434b8b29ae775ad8c2e48c5391"
                },
                "requirements.txt": {
                    "sha": "bc331ce04054eed93662582c6465fbd2121397f3"
                },
                "settings.py": {
                    "sha": "324ee303f868139511dcad67f6d7456e4eed5a49"
                },
                "test_models.py": {
                    "sha": "0906666aa7131a21ca4af1fe236836cd05be3b7f"
                },
                "urls.py": {
                    "sha": "abe0a2c0b6debc2dce22317ab5fdec194a1b5bf9"
                },
                "wsgi.py": {
                    "sha": "ab9b7da7cef3405b6877a8162936105c9d3049e6"
                }
            }
        },
        "{{cookiecutter.app_name}}": {
            "dirs": {
                "static": {
                    "dirs": {
                        "css": {
                            "dirs": {},
                            "files": {
                                "{{cookiecutter.app_name}}.css": {
                                    "sha": "e69de29bb2d1d6434b8b29ae775ad8c2e48c5391"
                                }
                            }
                        },
                        "img": {
                            "dirs": {},
                            "files": {
                                ".gitignore": {
                                    "sha": "e69de29bb2d1d6434b8b29ae775ad8c2e48c5391"
                                }
                            }
                        },
                        "js": {
                            "dirs": {},
                            "files": {
                                "{{cookiecutter.app_name}}.js": {
                                    "sha": "e69de29bb2d1d6434b8b29ae775ad8c2e48c5391"
                                }
                            }
                        }
                    },
                    "files": {}
                },
                "templates": {
                    "dirs": {
                        "{{cookiecutter.app_name}}": {
                            "dirs": {},
                            "files": {
                                "base.html": {
                                    "sha": "e02d2f038c183e09e08ee43cc2397334d784ccac"
                                }
                            }
                        }
                    },
                    "files": {}
                },
                "test_utils": {
                    "dirs": {
                        "test_app": {
                            "dirs": {
                                "migrations": {
                                    "dirs": {},
                                    "files": {
                                        "__init__.py": {
                                            "sha": "e69de29bb2d1d6434b8b29ae775ad8c2e48c5391"
                                        }
                                    }
                                }
                            },
                            "files": {
                                "__init__.py": {
                                    "sha": "e69de29bb2d1d6434b8b29ae775ad8c2e48c5391"
                                },
                                "admin.py": {
                                    "sha": "051a1bd221f931a6befad240dfda52a64142167a"
                                },
                                "apps.py": {
                                    "sha": "fc04070e8336f17e3b2402586653623e6bb51f67"
                                },
                                "models.py": {
                                    "sha": "25a1b288125f58fbdd095e471280c1343bc09d85"
                                }
                            }
                        }
                    },
                    "files": {
                        "__init__.py": {
                            "sha": "e69de29bb2d1d6434b8b29ae775ad8c2e48c5391"
                        }
                    }
                }
            },
            "files": {
                "__init__.py": {
                    "sha": "704b50329c4c3f3710136a6baa82e8e3fa4a9ad4"
                },
                "admin.py": {
                    "sha": "85d454ac0995b0f6b12bf4221f0673000d388f68"
                },
                "apps.py": {
                    "sha": "c9d633593d4e59740feccc1fc30fd5d9db66e70c"
                },
                "models.py": {
                    "sha": "9045fa619a0969f93849f9d298aafee5341f2d63"
                },
                "urls.py": {
                    "sha": "ad1d0a1a1de418c10025a30b0b6d0025a03c6673"
                },
                "views.py": {
                    "sha": "9eb96e2b37c02931d85a135b9751d01488975a6e"
                }
            }
        }
    },
    "files": {
        ".coveragerc": {
            "sha": "0f49c0ea90ab0304336681fae3d9eeb67d7c7c9c"
        },
        ".editorconfig": {
            "sha": "585e2abce090bed5b190007575955a0d3f862b74"
        },
        ".gitignore": {
            "sha": "9928c235cc0b4cd0bc0f1046ff838b41fdb0c816"
        },
        ".travis.yml": {
            "sha": "c460c7ffd906d4531da8533fcae8e52e9ce8b338"
        },
        "AUTHORS.rst": {
            "sha": "06770ce420b0029f335a1aaac3c72dddd8fb30b5"
        },
        "CONTRIBUTING.rst": {
            "sha": "2e94fb4e20de0dc742816db9d9d93ffd4478cc40"
        },
        "HISTORY.rst": {
            "sha": "c4e0ee5ca5bc74d98a7d6272c8ec565fa51bc25d"
        },
        "LICENSE": {
            "sha": "ec79150519639065ee23bb55221f78e769ed3a13"
        },
        "MANIFEST.in": {
            "sha": "5334f71de9b7e84fc21163d76f669b0049cb3db1"
        },
        "README.rst": {
            "sha": "2eb05eb473c317241df03868851dbdfb10593f77"
        },
        "manage.py": {
            "sha": "8c5be8ad83a85654b17e2aa78e0e84a8d248158e"
        },
        "requirements.txt": {
            "sha": "50376e7a46273bd5ca2c5eb977fda8f45f039852"
        },
        "requirements_dev.txt": {
            "sha": "4d5b159b8c6c4d1ab1b4b935f91723707a213e04"
        },
        "requirements_test.txt": {
            "sha": "3b4e0904f2077221d77e1829e0c510b8148a8627"
        },
        "runtests.py": {
            "sha": "a68cf32069be8a54caca9c397ecdc42bf8ba6067"
        },
        "setup.cfg": {
            "sha": "e9439eba1c801d0c7fcc1fb2bd3d8b1a288ab149"
        },
        "setup.py": {
            "sha": "0dbc43bed417d88b614e281d6eb3ce4780a472a6"
        },
        "tasks.py": {
            "sha": "2bd7813f9cfa0f4071abe088e442537f7dc638cb"
        },
        "tox.ini": {
            "sha": "890fca8c5d3c8aa9429a352fb75de35b92db0731"
        }
    }
}