{
    "dirs": {
        ".github": {
            "dirs": {
                "workflows": {
                    "dirs": {},
                    "files": {
                        "main.yml": {
                            "sha": "b0a0cb655c21eccad617ec3acfef5a5343f6a6e4"
                        }
                    }
                }
            },
            "files": {}
        },
        "docs": {
            "dirs": {},
            "files": {
                "development.md": {
                    "sha": "0a64ec1cef55190eb12417ea7592a35ff6fb8efb"
                }
            }
        },
        "src": {
            "dirs": {
                "{{cookiecutter.project_slug}}": {
                    "dirs": {
                        "config": {
                            "dirs": {},
                            "files": {
                                "__init__.py": {
                                    "sha": "08aeeb5c2a30ea3cd4e05b01d8aaf9a3788782f9"
                                },
                                "settings.yml": {
                                    "sha": "47ceac32db1665087cec3fcd11132f1c0a69674b"
                                }
                            }
                        }
                    },
                    "files": {
                        "__init__.py": {
                            "sha": "0f835220a793d9a5d02473856f2daa0cb8b95a0f"
                        },
                        "cmdline.py": {
                            "sha": "92793f2fe181a4cb53a8f97b2b49f118303be363"
                        },
                        "log.py": {
                            "sha": "3622690ce9decb97d95a495ee71fb72a83082b89"
                        }
                    }
                }
            },
            "files": {}
        },
        "tests": {
            "dirs": {},
            "files": {
                "__init__.py": {
                    "sha": "11900dd0e1e92bd0e4c5cbe9e826a593316cb639"
                },
                "conftest.py": {
                    "sha": "6fed2e0d653188ff3435992a719c91e8dec0b907"
                },
                "settings.yml": {
                    "sha": "6774a29730b349218a79a424aa92146bff6a67cf"
                },
                "test_cmdline.py": {
                    "sha": "75778f5e283af84f5271ac31c487b2c92eaf8f54"
                },
                "test_log.py": {
                    "sha": "0c99c374a422fa1a9957763b212f38086b018513"
                },
                "test_version.py": {
                    "sha": "786fe35b56ae93b3b027e1e0e2504b0ae5947cc6"
                }
            }
        }
    },
    "files": {
        ".dockerignore": {
            "sha": "a5b4e3aaa99a497aee73264801b69785dfd627fc"
        },
        ".editorconfig": {
            "sha": "f5c89b529011795a395299e8de293fe818050159"
        },
        ".gitignore": {
            "sha": "bd527728410f14b6aba5df2172cf576c5a7de77c"
        },
        ".gitlab-ci.yml": {
            "sha": "b607051189e3470d2acaa258165b7d14fbde2b04"
        },
        ".pre-commit-config.yaml": {
            "sha": "258f341be6d88067504a4cf210f817e070a5241f"
        },
        "Dockerfile": {
            "sha": "6dfa40eae1b61ba96b0a1801a35edf3f439848d7"
        },
        "LICENSE": {
            "sha": "cb9a6a7527813253c5d8214acf80eb0a61d38d82"
        },
        "MANIFEST.in": {
            "sha": "c24d233d199890d183554478eb5e255705cadf65"
        },
        "README.md": {
            "sha": "58e3adaca560b8460afdd344722b421df0707e56"
        },
        "pyproject.toml": {
            "sha": "407c291be6a8e7487b0e76c750df89756e54cc5b"
        },
        "requirements.txt": {
            "sha": "9eb83ab91b096fadb3b591bfc841d1ce0818d05b"
        },
        "setup.cfg": {
            "sha": "c4b94d0f2397447c4e4c39941115fae7d886bdcb"
        },
        "tox.ini": {
            "sha": "54ff6c4779a2d5a391a3edafe0198f08108646ad"
        }
    }
}