{
    "dirs": {
        "{{cookiecutter.repo_name}}": {
            "dirs": {
                "alembic": {
                    "dirs": {
                        "versions": {
                            "dirs": {},
                            "files": {
                                "README.txt": {
                                    "sha": "09ed32c8db057f6cb173f3a541843b297f1d6984"
                                }
                            }
                        }
                    },
                    "files": {
                        "env.py": {
                            "sha": "d5f2750198fce04dbc4a5cccbf4ab39cd7a64305"
                        },
                        "script.py.mako": {
                            "sha": "2c0156303a8df3ffdc9de87765bf801bf6bea4a5"
                        }
                    }
                },
                "models": {
                    "dirs": {},
                    "files": {
                        "__init__.py": {
                            "sha": "26e96183dfa3b7b7042b1135b057ac959d83be3d"
                        },
                        "meta.py": {
                            "sha": "02285b3ffb8559f015a918f0d0a5884c8cde8f64"
                        },
                        "mymodel.py": {
                            "sha": "d65a01a42231273ddc84880183a142c734690b21"
                        }
                    }
                },
                "scripts": {
                    "dirs": {},
                    "files": {
                        "__init__.py": {
                            "sha": "5bb534f795ae0f566ba9f57c31944d8c6f45284c"
                        },
                        "initialize_db.py": {
                            "sha": "c629d17800b18f48b6acf347856848fbc5b77ef8"
                        }
                    }
                },
                "static": {
                    "dirs": {},
                    "files": {
                        "pyramid-16x16.png": {
                            "sha": "979203112e76ba4cfdb8cd6f108f4275e987d99a"
                        },
                        "pyramid.png": {
                            "sha": "4ab837be95b9415834ae9f1dca729d3099cc670f"
                        },
                        "theme.css": {
                            "sha": "0f4b1a4d41a35b77a085058d012a0a5bd63ddf39"
                        }
                    }
                },
                "templates": {
                    "dirs": {},
                    "files": {
                        "404.jinja2": {
                            "sha": "41e825cabacb71976e4928692b83db82656853b9"
                        },
                        "layout.jinja2": {
                            "sha": "5762cca40938fc0bd7fc9b4b72f5bcd94c5be71e"
                        },
                        "mytemplate.jinja2": {
                            "sha": "99290ab4c90c52080af08bfe05639690aed22192"
                        }
                    }
                },
                "views": {
                    "dirs": {},
                    "files": {
                        "__init__.py": {
                            "sha": "e69de29bb2d1d6434b8b29ae775ad8c2e48c5391"
                        },
                        "default.py": {
                            "sha": "d61ae96188a10c0639a341e2fd351c62beaa6f5a"
                        },
                        "notfound.py": {
                            "sha": "69d6e2804e7bbbe1ee914cb328861a84bbc8ca34"
                        }
                    }
                }
            },
            "files": {
                "__init__.py": {
                    "sha": "28bd1f80d0715b2042ea6e6be75332ae9cc91265"
                },
                "pshell.py": {
                    "sha": "108c04d5ed0c2522963408287711176af90f6c7a"
                },
                "routes.py": {
                    "sha": "25504ad4dc0d1b961da1577e357af0fed0159c4f"
                },
                "tests.py": {
                    "sha": "777003475bef391f84b59e3aa468b6770d84a0f6"
                }
            }
        }
    },
    "files": {
        ".coveragerc": {
            "sha": "5f0264ceff792714c611b6be14a0b76046e05c19"
        },
        ".gitignore": {
            "sha": "1853d983c76774f41f7710fb93711455f5527ed0"
        },
        "CHANGES.txt": {
            "sha": "14b902fd100ae3e103b0a813a5658d7916df39e9"
        },
        "MANIFEST.in": {
            "sha": "8bfadbf5bd41e125bf1e1f1d4d05a0392c1df88d"
        },
        "README.txt": {
            "sha": "a6975b8904b009dd28d1711e966f97f1941e290c"
        },
        "development.ini": {
            "sha": "0203dd090aaae22c94625f7fa1f1de969fcc7b9d"
        },
        "production.ini": {
            "sha": "ed3aad04b63d9469390806225cab2c7ee2613510"
        },
        "pytest.ini": {
            "sha": "a3fee3b398d610ead8f944ea2c74c0a01a7b1ba4"
        },
        "setup.py": {
            "sha": "c731c06b6eac7d0cf3aa5b5addab51fdc915250f"
        }
    }
}