{
    "dirs": {
        "docs": {
            "dirs": {},
            "files": {
                "configuration.md": {
                    "sha": "283c29eb5c589a4af01ab74f90140cdad84200a1"
                },
                "encrypt_decryt_configuration.md": {
                    "sha": "71fc8d9a809de454e3db2b00a946a1be3a2723e3"
                },
                "examples.md": {
                    "sha": "5947fbd8bb4bc45441c0d82f4aad7980fb4811b8"
                },
                "index.md": {
                    "sha": "58711083aedc16bdc845b0b29377c17db4c9f4b0"
                },
                "installation.md": {
                    "sha": "e7e86020ae31aff31ffc99d3c35e188fe4438dae"
                },
                "ms_class.md": {
                    "sha": "b23de94c9b5184008f47aa8fd3bc5dc37bb3ef9f"
                },
                "quickstart.md": {
                    "sha": "b4ad35dc7e66ad676b226d95d1be8a5506a3d11d"
                },
                "requirements.txt": {
                    "sha": "703a1e39e212e3c5b3fc482107d3ae7ac8b89b19"
                },
                "routing.md": {
                    "sha": "55e4e71306204ca8564c7bd2c0cc8cdeb8ff66f0"
                },
                "services.md": {
                    "sha": "e859ac6af16fe8f5e9ed5040e5bc6a9392d89bdf"
                },
                "structure.md": {
                    "sha": "3d617910718de3cb468d429af7f494603b586621"
                },
                "structure_project.md": {
                    "sha": "ee71d16b263c5ba097755644154c0155dc4d4cea"
                },
                "tasks.md": {
                    "sha": "e4666ff40387bbd9e3bc400e8363abcdb8f7b1bd"
                }
            }
        },
        "project": {
            "dirs": {
                "models": {
                    "dirs": {},
                    "files": {
                        "__init__.py": {
                            "sha": "e69de29bb2d1d6434b8b29ae775ad8c2e48c5391"
                        },
                        "init_db.py": {
                            "sha": "f606adc001acaba1fc999ed9d36f08d9c7e17e9e"
                        },
                        "models.py": {
                            "sha": "3c8c819ac672ca8b23f11bc51d376f2d1684ff5a"
                        }
                    }
                },
                "swagger": {
                    "dirs": {},
                    "files": {
                        "swagger.yaml": {
                            "sha": "8d514001379527068e2b50947207d719ea90386a"
                        }
                    }
                },
                "views": {
                    "dirs": {},
                    "files": {
                        "__init__.py": {
                            "sha": "e69de29bb2d1d6434b8b29ae775ad8c2e48c5391"
                        },
                        "views.py": {
                            "sha": "88b8eed7095e2f5c4b1fcb813c6478e2207843fe"
                        }
                    }
                }
            },
            "files": {
                "__init__.py": {
                    "sha": "b926d7910a97858d000a7eb98a06c18b3412d5a4"
                },
                "app.py": {
                    "sha": "e030547d6300ce13eeb4f5242bebc9268bdee25d"
                }
            }
        },
        "tests": {
            "dirs": {},
            "files": {
                "__init__.py": {
                    "sha": "e69de29bb2d1d6434b8b29ae775ad8c2e48c5391"
                },
                "config-tests.yml": {
                    "sha": "af4930803909c368df7f9928f3ef9178417bdc5b"
                },
                "test_views.py": {
                    "sha": "511fc60d456ef3e9dd0dad3d30f574c11539054d"
                }
            }
        }
    },
    "files": {
        ".coveragerc": {
            "sha": "714ff04de26b6a2831986502637bed1b55bb22ee"
        },
        ".gitignore": {
            "sha": "6924f504bd8352d26a1504945b3e1bf07e2877b3"
        },
        ".travis.yml": {
            "sha": "921fd725b368c410c13044ca95c5c15c31fcd737"
        },
        "Dockerfile": {
            "sha": "a5519ad3b19933e15bed316cceea8ba665aa94f1"
        },
        "LICENSE": {
            "sha": "9f67915a1d56e5a36293de9b951576771d1f941d"
        },
        "Makefile": {
            "sha": "b1b5683afe99f542747e311e1fed2bc7258bd823"
        },
        "Pipfile": {
            "sha": "f611703f860a07fef9d633da67352d73178e78e4"
        },
        "README.md": {
            "sha": "22cccbdb8e1e44f534fbcd213a5eee23ce411ee0"
        },
        "config-docker.yml": {
            "sha": "1345be4510a92d80caad88f325d6444bb7a6203e"
        },
        "config.yml": {
            "sha": "b68a39881fd83a88e5580ba55f14ddb429329a8c"
        },
        "manage.py": {
            "sha": "e0b1de1a27ea89e8679a5e77c28c96f948ab6632"
        },
        "mkdocs.yml": {
            "sha": "4539a12d6d2a788d2197a3db4250beed41a02e4b"
        },
        "pylintrc": {
            "sha": "5495841e3c070663d99685e4734fdb5911541b95"
        },
        "requirements-dev.txt": {
            "sha": "35b2ccda6f0dc4c5affc54156b9e5507708c9d17"
        },
        "requirements-tests.txt": {
            "sha": "4b04aaea7deb4b8f518bce87766f3e1a30b0d419"
        },
        "requirements.txt": {
            "sha": "1ab59c17dc0cc902aa64ed5348f2ba894904731d"
        },
        "setup.py": {
            "sha": "a4efd1b70ae912ace1d584a10f99e0eadff6cec2"
        },
        "tox.ini": {
            "sha": "3f24923727a58827bfcc7d0c8d40aa58119fcab9"
        }
    }
}