{
    "dirs": {
        ".github": {
            "dirs": {
                "ISSUE_TEMPLATE": {
                    "dirs": {},
                    "files": {
                        "bug_report.md": {
                            "sha": "dd84ea7824f11be1eeda22377549cbc1aec7f980"
                        },
                        "feature_request.md": {
                            "sha": "bbcbbe7d61558adde3cbfd0c7a63a67c27ed6d30"
                        }
                    }
                },
                "workflows": {
                    "dirs": {},
                    "files": {
                        "codeql-analysis.yml.yml": {
                            "sha": "a5c11456ad275555f1f2d390c3fb41a397cdc476"
                        },
                        "comment_issues.yml": {
                            "sha": "d27c70c503d655c28613d895dcaaede16a6bae28"
                        },
                        "main-serverless-service.yml": {
                            "sha": "9df54bc197baf5f046d4f1c8632e902846bf4bf4"
                        },
                        "pr-serverless-service.yml": {
                            "sha": "7b81b48a444ee77d8b2bc4342965dc8a521d0368"
                        },
                        "scorecard.yml": {
                            "sha": "2d0ce3c264e045dbb8b09e9f424d799584030aae"
                        }
                    }
                }
            },
            "files": {
                "FUNDING.yml": {
                    "sha": "3831add8421ccefdbe2ceb741b5b7ae485e18a24"
                },
                "dependabot.yml": {
                    "sha": "cdf6c2ebf584dbb7d3fdcd0676ecbd6318b3a208"
                },
                "semantic.yml": {
                    "sha": "5ed3a54f111112c6c089029aae9e09091ae3b1cd"
                }
            }
        },
        "cdk": {
            "dirs": {
                "{{cookiecutter.service_name}}": {
                    "dirs": {
                        "configuration": {
                            "dirs": {
                                "json": {
                                    "dirs": {},
                                    "files": {
                                        "dev_configuration.json": {
                                            "sha": "834a945690bfe907ba468bfac77f94c694c7ccae"
                                        }
                                    }
                                }
                            },
                            "files": {
                                "__init__.py": {
                                    "sha": "e69de29bb2d1d6434b8b29ae775ad8c2e48c5391"
                                },
                                "configuration_construct.py": {
                                    "sha": "3c2455858958efeea7cbd9919c41fcd144a4c393"
                                },
                                "schema.py": {
                                    "sha": "9b10c9fa2d62002262509cb5f20e88ea72c2c2c0"
                                }
                            }
                        }
                    },
                    "files": {
                        "__init__.py": {
                            "sha": "e69de29bb2d1d6434b8b29ae775ad8c2e48c5391"
                        },
                        "api_construct.py": {
                            "sha": "274c96cbda458ecc02cf0ea6e569043ab91205a4"
                        },
                        "api_db_construct.py": {
                            "sha": "cdd59f739128a7e5e152b8567d413a7b9c33f70f"
                        },
                        "constants.py": {
                            "sha": "39b0c16dda04a4dd05ec5b42ed8ccf655d3f4825"
                        },
                        "monitoring.py": {
                            "sha": "8b0edcc4e9133bcc506607f72317db259001d041"
                        },
                        "service_stack.py": {
                            "sha": "10505c6488a47db3980da51a4e3a87718ee8594a"
                        },
                        "utils.py": {
                            "sha": "2f6a55e22212f897797c6086afd189aa3cb5ea87"
                        },
                        "waf_construct.py": {
                            "sha": "a69e64d8500780845ee69d97b479703cb4a5bdf4"
                        }
                    }
                }
            },
            "files": {
                "__init__.py": {
                    "sha": "e69de29bb2d1d6434b8b29ae775ad8c2e48c5391"
                },
                "setup.py": {
                    "sha": "e03b498ff19d993d94816d4932ab58b60b341906"
                }
            }
        },
        "docs": {
            "dirs": {
                "swagger": {
                    "dirs": {},
                    "files": {
                        "openapi.json": {
                            "sha": "540ea302bf6a01d495191f70155e9d71e8a8d7ca"
                        },
                        "swagger.md": {
                            "sha": "95276d1bad6be7d012d67d5f5f3da144307b9187"
                        }
                    }
                }
            },
            "files": {}
        },
        "tests": {
            "dirs": {
                "e2e": {
                    "dirs": {},
                    "files": {
                        "__init__.py": {
                            "sha": "e69de29bb2d1d6434b8b29ae775ad8c2e48c5391"
                        },
                        "test_create_order.py": {
                            "sha": "b0fdba3cb1f43fe45b0337d1daebb7a29e810881"
                        }
                    }
                },
                "infrastructure": {
                    "dirs": {},
                    "files": {
                        "__init__.py": {
                            "sha": "e69de29bb2d1d6434b8b29ae775ad8c2e48c5391"
                        },
                        "test_cdk.py": {
                            "sha": "c2534a0186728a205d1c0b09a5441d40ecee3de8"
                        }
                    }
                },
                "integration": {
                    "dirs": {},
                    "files": {
                        "__init__.py": {
                            "sha": "e69de29bb2d1d6434b8b29ae775ad8c2e48c5391"
                        },
                        "conftest.py": {
                            "sha": "a5600e489acb51c6c0ad1463895513500771c950"
                        },
                        "test_create_order.py": {
                            "sha": "553c6138c1f1fd38ee495ab786cf12165474ec28"
                        },
                        "test_feature_flags.py": {
                            "sha": "a21990700ab226cc41ffb386782d0f3ebc761ab7"
                        }
                    }
                },
                "unit": {
                    "dirs": {},
                    "files": {
                        "__init__.py": {
                            "sha": "e69de29bb2d1d6434b8b29ae775ad8c2e48c5391"
                        },
                        "test_create_order_input.py": {
                            "sha": "934d735b0f47a2cf67240b42bc5d48e306014804"
                        },
                        "test_create_order_output.py": {
                            "sha": "a727b7dd58aa7847c805db16d3d93bbf54674f0a"
                        },
                        "test_dal_schema.py": {
                            "sha": "7feaf1f5dcb6245b56fe0896c756f6651b4d3b88"
                        },
                        "test_env_vars_parser.py": {
                            "sha": "1712b84723510ffd16e6c053e5cf07d0f4eea92d"
                        },
                        "test_parse_configuration.py": {
                            "sha": "5b1b9c956ac538954e813004fa82f3701a6d2892"
                        }
                    }
                }
            },
            "files": {
                "__init__.py": {
                    "sha": "e69de29bb2d1d6434b8b29ae775ad8c2e48c5391"
                },
                "utils.py": {
                    "sha": "b05c3e8990618741329ad281b729e88b6c9e1a05"
                }
            }
        },
        "{{cookiecutter.service_name}}": {
            "dirs": {
                "dal": {
                    "dirs": {
                        "models": {
                            "dirs": {},
                            "files": {
                                "__init__.py": {
                                    "sha": "e69de29bb2d1d6434b8b29ae775ad8c2e48c5391"
                                },
                                "db.py": {
                                    "sha": "6458fdbd8a23ed568965cb7fc2f1d09591663803"
                                }
                            }
                        }
                    },
                    "files": {
                        "__init__.py": {
                            "sha": "44f68ecc444fa8ea36be59236fc624d2c505fbd1"
                        },
                        "db_handler.py": {
                            "sha": "bde3059e0839a8adfe7de5e18090a526376cd826"
                        },
                        "dynamo_dal_handler.py": {
                            "sha": "8d03d71d89a6ae5c1678091f2e1149e6fd51610f"
                        }
                    }
                },
                "handlers": {
                    "dirs": {
                        "models": {
                            "dirs": {},
                            "files": {
                                "__init__.py": {
                                    "sha": "e69de29bb2d1d6434b8b29ae775ad8c2e48c5391"
                                },
                                "dynamic_configuration.py": {
                                    "sha": "bec26535a3ee75cba5433291097dca60ccb69c3e"
                                },
                                "env_vars.py": {
                                    "sha": "18f91814e650a50b7b8491fc4693ccfc759ad1d6"
                                }
                            }
                        },
                        "utils": {
                            "dirs": {},
                            "files": {
                                "__init__.py": {
                                    "sha": "e69de29bb2d1d6434b8b29ae775ad8c2e48c5391"
                                },
                                "dynamic_configuration.py": {
                                    "sha": "5c5a86ce56985cc0f1191649f59ce7e49f836eaa"
                                },
                                "observability.py": {
                                    "sha": "11b3388d0ab7b7b4b929f65c7923fca9534e9787"
                                },
                                "rest_api_resolver.py": {
                                    "sha": "8866676d9f122212f10ef3cde3c35cbba89a6c50"
                                }
                            }
                        }
                    },
                    "files": {
                        "__init__.py": {
                            "sha": "e69de29bb2d1d6434b8b29ae775ad8c2e48c5391"
                        },
                        "handle_create_order.py": {
                            "sha": "f846015e9e306ca9ca8290790b42e13d9fc154ca"
                        }
                    }
                },
                "logic": {
                    "dirs": {
                        "utils": {
                            "dirs": {},
                            "files": {
                                "__init__.py": {
                                    "sha": "e69de29bb2d1d6434b8b29ae775ad8c2e48c5391"
                                },
                                "idempotency.py": {
                                    "sha": "1c4b6300d3f77e1efac694cecd656fdf5098596e"
                                }
                            }
                        }
                    },
                    "files": {
                        "__init__.py": {
                            "sha": "e69de29bb2d1d6434b8b29ae775ad8c2e48c5391"
                        },
                        "create_order.py": {
                            "sha": "7140905e2ae16303b5d856b4bf278c8e1d7ef109"
                        }
                    }
                },
                "models": {
                    "dirs": {},
                    "files": {
                        "__init__.py": {
                            "sha": "e69de29bb2d1d6434b8b29ae775ad8c2e48c5391"
                        },
                        "exceptions.py": {
                            "sha": "646d8207774f9673aa42bec6d994b5662c39eac2"
                        },
                        "input.py": {
                            "sha": "7d04d290e27fa4894c4112ba1442becf5a7e14ae"
                        },
                        "order.py": {
                            "sha": "c805c1bc560ef4953679250ffb28069d95103c6c"
                        },
                        "output.py": {
                            "sha": "d5fe09248edf505a06f15fbd4927d8f4c2b8e7a5"
                        }
                    }
                }
            },
            "files": {
                "__init__.py": {
                    "sha": "e69de29bb2d1d6434b8b29ae775ad8c2e48c5391"
                }
            }
        }
    },
    "files": {
        ".coveragerc": {
            "sha": "b8c20c4ee5477874c1d377a3db68385ad35c4a79"
        },
        ".gitignore": {
            "sha": "d12c6079220c38e26143a4b5956f0c676d80a6d7"
        },
        ".markdownlint.yaml": {
            "sha": "ac4d3d59eb3826b91e1084f658fffcac246390c0"
        },
        ".pre-commit-config.yaml": {
            "sha": "03557a75cbda8e3d54f4d5ed3c3257a05d0118a5"
        },
        "CODE_OF_CONDUCT.md": {
            "sha": "e66f6d941d8c806dde598112670761e8ad205f99"
        },
        "CONTRIBUTING.md": {
            "sha": "2bf81345ff241d84adf4617a09c25febd686a340"
        },
        "LICENSE": {
            "sha": "19cfb59091591526b75d6bc72280d84653b1935c"
        },
        "Makefile": {
            "sha": "7965ca58dd2743d0bbfc400a91b19a2e39de252d"
        },
        "Makefile_windows": {
            "sha": "2be775bdea9edd19b4b1d044aeab04a31cde256a"
        },
        "README.md": {
            "sha": "c1d6c9825d3c79a49d1a0cd9a4ce1279489353f5"
        },
        "SECURITY.md": {
            "sha": "20396d3b8bb9a0ce65fb7be5295378f41622eff1"
        },
        "app.py": {
            "sha": "940b64edc70982f405fcfe5dc6400f36580401b5"
        },
        "cdk.context.json": {
            "sha": "9e26dfeeb6e641a33dae4961196235bdb965b21b"
        },
        "cdk.json": {
            "sha": "bd1bbb5fe229bac550832949cbde87d39a054ded"
        },
        "generate_openapi.py": {
            "sha": "495935459dfe175d93246e284ed16364d31558e1"
        },
        "mkdocs.yml": {
            "sha": "a1dd89b411ef3a0269f1be60d254c2ff915b8a2f"
        },
        "mypy.ini": {
            "sha": "24bd866c35796beb35551fa386ca59fa08dd7d72"
        },
        "package-lock.json": {
            "sha": "007eba372b706f68e1e0f9bf70f23c2675cc7afe"
        },
        "package.json": {
            "sha": "f857aa71f735aac31ad8a9308657eed8d48c4c57"
        },
        "poetry.lock": {
            "sha": "2a92b4c2da019ccdaca15e63f747a368de747048"
        },
        "poetry.toml": {
            "sha": "ab1033bd37224ee84b5862fb25f094db73809b74"
        },
        "pyproject.toml": {
            "sha": "5d87ecb98c6f024600ae0cd6f489c9446c45dd5c"
        }
    }
}