{
    "dirs": {
        "js": {
            "dirs": {
                "src": {
                    "dirs": {},
                    "files": {
                        "index.js": {
                            "sha": "fbcab1b39e987a35eee62f33e78dd141ee4a9c99"
                        }
                    }
                }
            },
            "files": {
                "README.md": {
                    "sha": "e226fd2f8b9a94d00c7638a5cd9903ebbcb9f677"
                },
                "package-lock.json": {
                    "sha": "63d6602181af20d0a024bb822138494be5b176b5"
                },
                "package.json": {
                    "sha": "582781d9a8e2c6da1ced9f341367dd59990928b3"
                },
                "rollup.config.js": {
                    "sha": "74cb6b24eb88831b404585c5d1d21e7977754ad6"
                }
            }
        },
        "tests": {
            "dirs": {},
            "files": {
                "__init__.py": {
                    "sha": "e69de29bb2d1d6434b8b29ae775ad8c2e48c5391"
                },
                "conftest.py": {
                    "sha": "8e3fb45db9a6c76a24bdfdbd1bb1d5f007015f45"
                },
                "test_example.py": {
                    "sha": "ad1ff505351940d688d3959f8ec2a5423f7ee4ba"
                }
            }
        },
        "{{cookiecutter.python_package_name}}": {
            "dirs": {},
            "files": {
                "__init__.py": {
                    "sha": "2463234de7a21a4ab5535d6479d4a4ec3ec693c9"
                },
                "example.py": {
                    "sha": "2318b2b34fbfb39d2db863b3c2c33621d6434aeb"
                }
            }
        }
    },
    "files": {
        ".gitignore": {
            "sha": "ac177dc85934c921342c01fcba02ecd7978b8453"
        },
        "MANIFEST.in": {
            "sha": "28d75c4733ad0046fe8c698ddb217581ff849503"
        },
        "README.md": {
            "sha": "9b5aa9d5326fe2e347ef07ed8dd0c81d4e0c0525"
        },
        "pyproject.toml": {
            "sha": "899743e4444083da30c7ed8f4980251077b62cd3"
        },
        "requirements.txt": {
            "sha": "d7a23a1d67cb30c6727996d09b85900609d8c5b7"
        },
        "setup.cfg": {
            "sha": "3c6e79cf31da1c0433d2fa666bf50b53f6359f26"
        },
        "setup.py": {
            "sha": "511ab28807abf251f43a5359b312b33329b788d9"
        }
    }
}