{
    "dirs": {
        ".github": {
            "dirs": {
                "workflows": {
                    "dirs": {},
                    "files": {
                        "cd.yml": {
                            "sha": "b89a48386d4c5263a29d314e0a2392dd2250640a"
                        },
                        "ci.yml": {
                            "sha": "f89cc04d71086d7de4382e03c4fe950b1f4c9842"
                        },
                        "cruft-updates.yml": {
                            "sha": "fb7c59a74c54615674af46cf200e29326f8e8621"
                        }
                    }
                }
            },
            "files": {
                "dependabot.yml": {
                    "sha": "2afcde7102b15b19745acaac148ba0086c83be30"
                }
            }
        },
        "app": {
            "dirs": {
                "envs": {
                    "dirs": {
                        "prod": {
                            "dirs": {},
                            "files": {
                                "Dockerfile": {
                                    "sha": "ca2bf669207c953413c04ed00e799d133a88f644"
                                },
                                "celery-entrypoint.sh": {
                                    "sha": "2751f97779e62948842ecf1e7a34a832b0aede20"
                                },
                                "entrypoint.sh": {
                                    "sha": "0fdcac64d138182573fc23b62ba4f58e65a4c335"
                                },
                                "gunicorn.conf.py": {
                                    "sha": "47b671a986bc539201cfeed89422bbc14c314813"
                                },
                                "prometheus-cleanup.sh": {
                                    "sha": "a9a90ae31d3141fb0331b068ddc1f5a611e16208"
                                }
                            }
                        }
                    },
                    "files": {}
                },
                "src": {
                    "dirs": {
                        "{{cookiecutter.django_project_name}}": {
                            "dirs": {
                                "{{cookiecutter.django_default_app_name}}": {
                                    "dirs": {
                                        "management": {
                                            "dirs": {
                                                "commands": {
                                                    "dirs": {},
                                                    "files": {
                                                        "flush_queue.py": {
                                                            "sha": "ea5f4dbd18cc49fb49d1d2d210051217af590a69"
                                                        },
                                                        "move_tasks.py": {
                                                            "sha": "db2377953c34a532803853bb2cee7780af2ac179"
                                                        }
                                                    }
                                                }
                                            },
                                            "files": {}
                                        },
                                        "tests": {
                                            "dirs": {},
                                            "files": {
                                                "__init__.py": {
                                                    "sha": "326fe3ad996da2bd3ea3e2e1eaffaeaae343792a"
                                                },
                                                "conftest.py": {
                                                    "sha": "1ca0d7301bf02985f836ae90ad408a13f0c871fc"
                                                },
                                                "settings.py": {
                                                    "sha": "e030177a8b96d709be933ab08c42d92735483cf6"
                                                },
                                                "test_database.py": {
                                                    "sha": "424bbb4a632fb8e177dfa1595ce934af1d75866b"
                                                },
                                                "test_settings.py": {
                                                    "sha": "d3c9d6b7cc432c8a1027aac9107d462d6c1fe800"
                                                },
                                                "test_setup.py": {
                                                    "sha": "88e7f7160df720523d2b5d574fc57d05f719f1b5"
                                                },
                                                "test_websocket.py": {
                                                    "sha": "f0d334f22588d1bf5516bf8430f87b2a4ac39f6a"
                                                }
                                            }
                                        }
                                    },
                                    "files": {
                                        "__init__.py": {
                                            "sha": "3f04a762cd09293a53ea70da2fe46347345dc0d8"
                                        },
                                        "admin.py": {
                                            "sha": "f36b1c0146cd09f122e240b632a3c575a6432049"
                                        },
                                        "apps.py": {
                                            "sha": "9d423cef23191ac50460c8e24e3c314c1ec52fa8"
                                        },
                                        "business_metrics.py": {
                                            "sha": "c27937b5bf46856be7beaa25548f7f247ec8f4bc"
                                        },
                                        "consumers.py": {
                                            "sha": "ad6aae66948bb5ab9d4414d5164a465c4edea4fe"
                                        },
                                        "email.py": {
                                            "sha": "4632e47f47de9ce5ba7529bd520c7b5ae526a2c2"
                                        },
                                        "metrics.py": {
                                            "sha": "912ae236eddf50caefba2c048d089401334f8c91"
                                        },
                                        "models.py": {
                                            "sha": "2f0a41632c47c1300e8dac6be08c62ce796a9dca"
                                        },
                                        "schemas.py": {
                                            "sha": "e61f019ecdb23b20a5a3aa929f5009380d891e40"
                                        },
                                        "tasks.py": {
                                            "sha": "474870484633e04baaf22d1e249f2175c2c97ecd"
                                        },
                                        "views.py": {
                                            "sha": "e69de29bb2d1d6434b8b29ae775ad8c2e48c5391"
                                        }
                                    }
                                }
                            },
                            "files": {
                                "__init__.py": {
                                    "sha": "e69de29bb2d1d6434b8b29ae775ad8c2e48c5391"
                                },
                                "asgi.py": {
                                    "sha": "ecb3738bc6f0905103d7013b5407324f442eeee0"
                                },
                                "celery.py": {
                                    "sha": "22e67a1a73ae697d36374bb3fba070157ac88621"
                                },
                                "settings.py": {
                                    "sha": "aadee5d09b48d1fb759be93bbe739656c566fcad"
                                },
                                "urls.py": {
                                    "sha": "cae0f3abdec2540dd324fd29d9245ed1a3f10ea5"
                                },
                                "wsgi.py": {
                                    "sha": "50c7c76628d52629a457b4a35d8f1e7a775a024b"
                                }
                            }
                        }
                    },
                    "files": {
                        "healthcheck.py": {
                            "sha": "04ecfa209104b9b333c2bce2ecee6ea4d2393951"
                        },
                        "manage.py": {
                            "sha": "e9301978ca611e94177862a3f4c6214449324eb2"
                        },
                        "mypy.ini": {
                            "sha": "6d9f7762f499b484caa4164e6bf1ff433b65f3af"
                        },
                        "pytest.ini": {
                            "sha": "a4bd24d64f49cb37b53d6462df76a8b50d436206"
                        }
                    }
                }
            },
            "files": {}
        },
        "backups": {
            "dirs": {
                "bin": {
                    "dirs": {},
                    "files": {
                        "backup-db-to-email.sh": {
                            "sha": "fe71268e6b8cdac520454490071c47ee64d40d30"
                        },
                        "backup-db.sh": {
                            "sha": "5bc435ef96c0c2a20f932f38a3c6817efe86eea1"
                        },
                        "backup-file-to-b2.sh": {
                            "sha": "f8a36a07bde35c04345ff5194addd530105aa7a3"
                        },
                        "common.sh": {
                            "sha": "74f53f50b4057065230cc0a9d5d02b80d008d99e"
                        },
                        "emailhelper.py": {
                            "sha": "ea026da1181000d0f8a97a1f7e6c1bac91bd4b0f"
                        },
                        "list-backups.sh": {
                            "sha": "5e13096c7c6c2b7a92504149f0aad2919b7fea36"
                        },
                        "requirements.txt": {
                            "sha": "022c6978138f937e5aeb1913da5c8acba55ce0c5"
                        },
                        "restore-db.sh": {
                            "sha": "71ce859a867793d9df672539f2648fc25c3af1fd"
                        },
                        "rotate-local-backups.sh": {
                            "sha": "80347d464e20c6a5c07014011788c9219742edc2"
                        },
                        "serve_metrics.py": {
                            "sha": "eca61c2ec70468233c6bc5059b7cb9678cf39279"
                        }
                    }
                },
                "cron.d": {
                    "dirs": {},
                    "files": {
                        "backup": {
                            "sha": "3105b3334f577fccd0c175301f31dbbfdbf4c6df"
                        }
                    }
                }
            },
            "files": {
                "Dockerfile": {
                    "sha": "6db1b7bb0647770f86598e8b00649e15f4113105"
                },
                "docker-entrypoint.sh": {
                    "sha": "75ddad35b5c1731e4b618453811b50d4f82283f4"
                }
            }
        },
        "bin": {
            "dirs": {},
            "files": {
                "backup-db.sh": {
                    "sha": "4ab2df4b2b6192e4d45be1cb1acd3728888e5383"
                },
                "backup-file-to-b2.sh": {
                    "sha": "b97f1e31441de3e902014bedf12b95b317726e37"
                },
                "common.sh": {
                    "sha": "b69850dbe71f7c0dcff1d49f676351842d857f0e"
                },
                "dbshell.sh": {
                    "sha": "ea06fa818353b782aca328d8e8724159a85e05a0"
                },
                "emailhelper.py": {
                    "sha": "fe442a058a78c4979aa53d8b6e1642cd921dde22"
                },
                "prepare-os.sh": {
                    "sha": "3183de27a9a13de54abc4842b3735abe10c46426"
                },
                "run-manage-py.sh": {
                    "sha": "1350a2302d613d379035a5de677010e747c5480c"
                }
            }
        },
        "devops": {
            "dirs": {
                "packer": {
                    "dirs": {},
                    "files": {
                        "build.sh": {
                            "sha": "4abaa367b7c206107940eccc48465521fb818a0f"
                        },
                        "docker-optimized.pkr.hcl": {
                            "sha": "bbe1cd537921d88ee61e48a285d53e3138098305"
                        }
                    }
                },
                "scripts": {
                    "dirs": {},
                    "files": {
                        "build-backend.sh": {
                            "sha": "597d371c812b38c340f2c94d86a8afdbbbcb06f5"
                        },
                        "deploy-backend.sh": {
                            "sha": "ac3a77a6ef8edb319f48221e2f157214719b8a8a"
                        },
                        "vars.sh": {
                            "sha": "08592053278384bac5c468e96aa4c51092f1d1df"
                        }
                    }
                },
                "tf": {
                    "dirs": {
                        "core": {
                            "dirs": {},
                            "files": {
                                "backend.tf": {
                                    "sha": "49b6d4f146441286b4e7a61d7d5c7e44695f830c"
                                },
                                "main.tf": {
                                    "sha": "99e24a469a56add795cafab8159aa572eb59c31d"
                                },
                                "terraform.tfvars": {
                                    "sha": "130ed263825df042f307f2d78f5caa34fecdad20"
                                },
                                "vars.tf": {
                                    "sha": "1b56ec7b8f54e9480721e4fa9556c214bd993683"
                                }
                            }
                        },
                        "main": {
                            "dirs": {
                                "envs": {
                                    "dirs": {
                                        "common": {
                                            "dirs": {},
                                            "files": {
                                                "main.tf": {
                                                    "sha": "ea98a672ec506af397326f61dcecdc06693cf3bd"
                                                },
                                                "vars.tf": {
                                                    "sha": "7e5527f874d69c6e225e0349be4bfe2c9e35500a"
                                                },
                                                "versions.tf": {
                                                    "sha": "70cbf242227617eef09906d02a16a62b16f6392a"
                                                }
                                            }
                                        },
                                        "prod": {
                                            "dirs": {},
                                            "files": {
                                                "backend.tf": {
                                                    "sha": "167c8d6f8c552a8c7cb5857c3d387c80ead4dbb3"
                                                },
                                                "main.tf": {
                                                    "sha": "4a4ab61f2b3c32fa65fccb8922c98e8a7df6048c"
                                                },
                                                "terraform.tfvars": {
                                                    "sha": "c60394cb444666cf02c06e24969038c24ceb794d"
                                                },
                                                "vars.tf": {
                                                    "sha": "034c640da408207b54c0f63bb633edd6984eec1b"
                                                },
                                                "versions.tf": {
                                                    "sha": "41bb22f501ed84c62aa45bdd075cd656a59efec6"
                                                }
                                            }
                                        },
                                        "staging": {
                                            "dirs": {},
                                            "files": {
                                                "backend.tf": {
                                                    "sha": "96df156061cf4f4c8c0337a3f087039e356d6949"
                                                },
                                                "main.tf": {
                                                    "sha": "74ae9fab1406ad9953afabaa0338d7666bf07dc2"
                                                },
                                                "terraform.tfvars": {
                                                    "sha": "13cc27601080416bc01036b0c67dcbcb79cbe980"
                                                },
                                                "vars.tf": {
                                                    "sha": "22a10099c7dc441140f6e08b37d2efcb4fd7167b"
                                                },
                                                "versions.tf": {
                                                    "sha": "9e3075e94467b0ac55cc0ca1644788090272de27"
                                                }
                                            }
                                        }
                                    },
                                    "files": {}
                                },
                                "files": {
                                    "dirs": {
                                        "nginx": {
                                            "dirs": {
                                                "config_helpers": {
                                                    "dirs": {},
                                                    "files": {
                                                        "brotli.conf": {
                                                            "sha": "e78ba1ccea4cd6c41c61837b17e91e881dde0930"
                                                        },
                                                        "gzip.conf": {
                                                            "sha": "ec265e2fde3aa926acc0a7111c623cc8b336fb53"
                                                        }
                                                    }
                                                },
                                                "monitoring_certs": {
                                                    "dirs": {},
                                                    "files": {
                                                        "monitoring-ca.crt.txt": {
                                                            "sha": "70dc2a24f72ba171628e2ae33a32e08f61f933b3"
                                                        },
                                                        "monitoring.crt.txt": {
                                                            "sha": "70dc2a24f72ba171628e2ae33a32e08f61f933b3"
                                                        },
                                                        "monitoring.key.txt": {
                                                            "sha": "70dc2a24f72ba171628e2ae33a32e08f61f933b3"
                                                        }
                                                    }
                                                },
                                                "templates": {
                                                    "dirs": {},
                                                    "files": {
                                                        "default.conf.template": {
                                                            "sha": "cea39235c351d1bc197c75d8acc29bea4ad97de4"
                                                        }
                                                    }
                                                }
                                            },
                                            "files": {}
                                        }
                                    },
                                    "files": {
                                        "authorized_keys": {
                                            "sha": "737d8526918bb2260666337530bd3d7bea6fbd62"
                                        },
                                        "cloud-init.yml": {
                                            "sha": "943a44d53bad5e1ea8f0d1a003fe67696680d336"
                                        },
                                        "docker-compose.yml": {
                                            "sha": "57c9db32691861c08d6fb5caa7b740703b2c2603"
                                        },
                                        "env": {
                                            "sha": "7db263a64c154b9f02f1fdf7221b8adcce30a628"
                                        },
                                        "envrc": {
                                            "sha": "8b2a386b92b18aec1e70e63cc8fb21f773b7bde3"
                                        }
                                    }
                                },
                                "modules": {
                                    "dirs": {
                                        "backend": {
                                            "dirs": {},
                                            "files": {
                                                "alb.tf": {
                                                    "sha": "6c85398b075c887dd2c8a63b824f168af7b8d33b"
                                                },
                                                "domain.tf": {
                                                    "sha": "dbd0cde4712912e5cb84fa34e4ae22c1eea3eecc"
                                                },
                                                "ec2-autoscale.tf": {
                                                    "sha": "a7784f0ea3fb45764f0783bc51544452a2fc48fa"
                                                },
                                                "ec2-keys.tf": {
                                                    "sha": "9a496fe218ea63570d06082a75a597cc1ca147fa"
                                                },
                                                "ec2-profile.tf": {
                                                    "sha": "71bf1fd73c79c888e58e36db811e46f2ffa8d91d"
                                                },
                                                "parameters.docker-compose.tf": {
                                                    "sha": "eb3bac9743baeb379e391e203ebc29eca95e6f46"
                                                },
                                                "parameters.env.tf": {
                                                    "sha": "f865a6be5e98194c38b25106e12e0c164b1f1dd4"
                                                },
                                                "parameters.nginx.tf": {
                                                    "sha": "ab0f2f4813eba601861293a9b52e28da67cfc2f6"
                                                },
                                                "parameters.ssh-keys.tf": {
                                                    "sha": "fe844070ac0127b135f223bed136b563a52abc49"
                                                },
                                                "security.tf": {
                                                    "sha": "6440b4aa89248d16ffa30c016853e558ca3ca82d"
                                                },
                                                "vars.tf": {
                                                    "sha": "108c8529983df6df69798d3a7796515429e8674a"
                                                }
                                            }
                                        },
                                        "database": {
                                            "dirs": {},
                                            "files": {
                                                "output.tf": {
                                                    "sha": "96f5801ea3376d99be53dbe96e2b91fab336ce0c"
                                                },
                                                "rds.tf": {
                                                    "sha": "5504b932e8754d30b0a5c6b16587acd69527c08a"
                                                },
                                                "security.tf": {
                                                    "sha": "cf34c266e184943394ca121a97142ce8c3c33456"
                                                },
                                                "vars.tf": {
                                                    "sha": "fd54160ef8097d2df391656dd26fb4e43e79d986"
                                                }
                                            }
                                        },
                                        "networking": {
                                            "dirs": {},
                                            "files": {
                                                "network.tf": {
                                                    "sha": "ded801bf933c070334f2b02ef1723b275f14f1c5"
                                                },
                                                "output.tf": {
                                                    "sha": "717f7b06aae8facfdb049b5bb48ca73ce4cfd3aa"
                                                },
                                                "vars.tf": {
                                                    "sha": "7f5c18082f83ed1a5a989ef23ed4bad7e38f99b2"
                                                }
                                            }
                                        }
                                    },
                                    "files": {}
                                }
                            },
                            "files": {}
                        }
                    },
                    "files": {}
                },
                "vultr_scripts": {
                    "dirs": {},
                    "files": {
                        "vultr-deploy.py": {
                            "sha": "c09f1ffe0fce9264af7d733e843566856a16a07a"
                        },
                        "vultr-get-instances.py": {
                            "sha": "06bf3bf3263af287a2eae6a3d38efbe09d2dae64"
                        },
                        "vultr-update-cloudinit.py": {
                            "sha": "8977e8473c392af81143d761a35d2d922f86a124"
                        }
                    }
                },
                "vultr_tf": {
                    "dirs": {
                        "core": {
                            "dirs": {},
                            "files": {
                                "backend.tf": {
                                    "sha": "178592593faaa645188f9581a51655f4cc5a1ab2"
                                },
                                "main.tf": {
                                    "sha": "282c4556c8b2f8431a1c796f760bf40463cff480"
                                },
                                "vars.tf": {
                                    "sha": "03055da4b724ebd1475651ed1fe91c34df04ef60"
                                },
                                "vars_cloud_init.tf": {
                                    "sha": "53075ae5923c22217518d6c50646be3f4ea2e444"
                                },
                                "vultr-cloud-init.tftpl": {
                                    "sha": "b6f29e74dd46e663f7389b20aaa0d5cc9cc61fde"
                                }
                            }
                        }
                    },
                    "files": {}
                }
            },
            "files": {}
        },
        "docs": {
            "dirs": {
                "3rd_party": {
                    "dirs": {
                        "cookiecutter-rt-django": {
                            "dirs": {},
                            "files": {
                                "CHANGELOG.md": {
                                    "sha": "59b94fa5f9a3db234aa8f4ae3902de83b0b8040a"
                                }
                            }
                        }
                    },
                    "files": {}
                }
            },
            "files": {}
        },
        "envs": {
            "dirs": {
                "dev": {
                    "dirs": {},
                    "files": {
                        ".env.template": {
                            "sha": "d8f8e293133afc521a6660f0a3911a9c02d47eb4"
                        },
                        "docker-compose.yml": {
                            "sha": "233380b1977ea57db7403a73586c05ec04c9106a"
                        }
                    }
                },
                "prod": {
                    "dirs": {},
                    "files": {
                        ".env.template": {
                            "sha": "ded54dcd92040c025f62c47688d59824b6c7c202"
                        },
                        ".vuln.env.template": {
                            "sha": "2bced8fe2363a3d8f2114c6044159a6e9df9d0e6"
                        },
                        "docker-compose.yml": {
                            "sha": "e57de9e8d9dbf318f4113e3411e33f06c15b078b"
                        }
                    }
                }
            },
            "files": {}
        },
        "nginx": {
            "dirs": {
                "config_helpers": {
                    "dirs": {},
                    "files": {
                        "brotli.conf": {
                            "sha": "e78ba1ccea4cd6c41c61837b17e91e881dde0930"
                        },
                        "gzip.conf": {
                            "sha": "ec265e2fde3aa926acc0a7111c623cc8b336fb53"
                        }
                    }
                },
                "monitoring_certs": {
                    "dirs": {},
                    "files": {
                        "README.md": {
                            "sha": "a3c4a4d50602e09c7a898b96fb08ebc38e49f0f0"
                        }
                    }
                },
                "templates": {
                    "dirs": {},
                    "files": {
                        "default.conf.template": {
                            "sha": "87f9bb94f9c0fa4d95711e730a1b3ec4b17b3f80"
                        }
                    }
                }
            },
            "files": {}
        },
        "promtail": {
            "dirs": {},
            "files": {
                "config.yml": {
                    "sha": "1e9ab4f3949214b389ceb8853a8f31b02260e8c8"
                }
            }
        }
    },
    "files": {
        ".dockerignore": {
            "sha": "871dfb3b1c3fdf450f7932f239b2b67ec841de6c"
        },
        ".gitignore": {
            "sha": "38f7daa7fef6aa0c1cd136a84fe558ebd82fd49f"
        },
        ".shellcheckrc": {
            "sha": "678311c8423f0f0b2901648fc9ac48ca71394ee8"
        },
        "README.md": {
            "sha": "d57128c432e7926aed844964670d7e33d4f3d318"
        },
        "README_AWS.md": {
            "sha": "ad2748a5a91b64587e319c020ab611e60aadeee9"
        },
        "README_vultr.md": {
            "sha": "d2a1150b3a266fdb415989026728a2a7cde9e197"
        },
        "SECURITY.md": {
            "sha": "6752b35c36b25fc62c94109a4d163049104c1783"
        },
        "deploy-to-aws.sh": {
            "sha": "7bd35ab6ae6ec14a4305863a0f78ac4fccfb6eb9"
        },
        "deploy.sh": {
            "sha": "a50830561da6648224e44c707282ba2bc5c29982"
        },
        "letsencrypt_setup.sh": {
            "sha": "161f6024550b4ea89a5000cc1c706c65931bdb3f"
        },
        "noxfile.py": {
            "sha": "c62fbd4f0ab08ce3514f9a7c704a2aa004c5a26e"
        },
        "pyproject.toml": {
            "sha": "291b47a6780ebb78f914edd18e2fd7f86e9d641c"
        },
        "setup-dev.sh": {
            "sha": "d52e92ee2de736d8b6b0cfe5af5353f30813c4c6"
        },
        "setup-prod.sh": {
            "sha": "9f5f8b168aa7bd2273dbc57d78c1e7f7a0e10c5e"
        }
    }
}