{
    "dirs": {
        ".cargo": {
            "dirs": {},
            "files": {
                "config": {
                    "sha": "4e547e5cbd94325aca1831f6845512e32938eb0d"
                }
            }
        },
        "src": {
            "dirs": {},
            "files": {
                "lib.rs": {
                    "sha": "9933224c99ae8eff84666908553b1bec20c536c6"
                }
            }
        },
        "xtask": {
            "dirs": {
                "src": {
                    "dirs": {},
                    "files": {
                        "main.rs": {
                            "sha": "11fecb628167c8e510e142aeaf1274820468d4c2"
                        }
                    }
                }
            },
            "files": {
                "Cargo.toml": {
                    "sha": "6ea187b95e1fb6f278750893d4a32010ae35ecd9"
                }
            }
        }
    },
    "files": {
        ".gitignore": {
            "sha": "ea8c4bf7f35f6f77f75d92ad8ce8349f6e81ddba"
        },
        "Cargo.toml": {
            "sha": "c14bf4fcec5e2ac289f1d41dc32e00c80db06d1c"
        },
        "README.md": {
            "sha": "2f9759d301f2abd6a65a9298a7ec8bf6f60ff2d4"
        },
        "bundler.toml": {
            "sha": "2aa1721c6534a2e165cbf8d6e7138a1a50804dc4"
        }
    }
}