{
    "dirs": {
        "artwork": {
            "dirs": {},
            "files": {
                ".gitkeep": {
                    "sha": "e69de29bb2d1d6434b8b29ae775ad8c2e48c5391"
                }
            }
        },
        "docs": {
            "dirs": {},
            "files": {
                "index.md": {
                    "sha": "7122aff9fb6ee580709b2a21155e60bd7bf8d94f"
                }
            }
        },
        "requirements": {
            "dirs": {},
            "files": {
                "conda.txt": {
                    "sha": "29dc0fe3afa7ae098690447eace8be9e87f39626"
                },
                "development.txt": {
                    "sha": "394a34a467ebabb583b0056aeedc4588a73210b7"
                }
            }
        },
        "tests": {
            "dirs": {
                "fixtures": {
                    "dirs": {},
                    "files": {
                        ".gitkeep": {
                            "sha": "e69de29bb2d1d6434b8b29ae775ad8c2e48c5391"
                        }
                    }
                }
            },
            "files": {
                "test_{{ cookiecutter.repo_name|replace(\"-\", \"_\") }}.py": {
                    "sha": "6cae2f23cb17035e8ca6a415845a248412e8578f"
                }
            }
        },
        "{{cookiecutter.repo_name|replace(\"-\", \"_\")}}": {
            "dirs": {},
            "files": {
                "__init__.py": {
                    "sha": "1f86fecbbb52ef55d68b1c0599a92b200e6931aa"
                },
                "__main__.py": {
                    "sha": "2c3f55b46b99358a9cbe36fc813d63665388d612"
                },
                "_compat.py": {
                    "sha": "52641b1b003d9b16ac9004b1da050438a94f84cb"
                },
                "log.py": {
                    "sha": "8bbe4103db65b197f6dd83ce84fc608ce5d7a8dc"
                }
            }
        }
    },
    "files": {
        ".bumpversion.cfg": {
            "sha": "254686095ca3df1b5616380f5408157eb3add85e"
        },
        ".editorconfig": {
            "sha": "7f6bc673c8c77a157867e458a059b02b7430cfc7"
        },
        ".gitignore": {
            "sha": "dfe00a13482ad064796afdf7a9a840a525e16133"
        },
        ".travis.yml": {
            "sha": "93e76b59317cb6594765700ada6c4dc8f427b6c2"
        },
        "AUTHORS": {
            "sha": "80e4caed6ebdc4ccd0176df652c3bb977b20d205"
        },
        "CHANGELOG.md": {
            "sha": "65c0d17f32b0aa841a82fcabf006365baad8a767"
        },
        "CONTRIBUTING.md": {
            "sha": "9a3e8f61747a91a139debf50e060eae0337d370b"
        },
        "LICENSE": {
            "sha": "9fd5bf8e61cd8f767751f8a3d2086e1c578eb793"
        },
        "MANIFEST.in": {
            "sha": "a0f2c33b47eac0a04e3c79b72e1fb7420023accc"
        },
        "README.md": {
            "sha": "61e6a61227e4bdb4600ceb600433b1f46e13639e"
        },
        "mkdocs.yml": {
            "sha": "b5c6936794192e9f2da3be0f52cfe930fdf7d20b"
        },
        "requirements.txt": {
            "sha": "3da70e98f0d7032f3b082ceecc8a73b45a11b1f2"
        },
        "setup.cfg": {
            "sha": "a27c7f2f37c81691e120cd891ff48c5f0a60bc2c"
        },
        "setup.py": {
            "sha": "10e9ce4811a26610083c98c8c1963b69ce6f6be1"
        },
        "tasks.py": {
            "sha": "47adf0a524a11aae90a4c441f7db757dad573407"
        }
    }
}