{
    "dirs": {
        ".github": {
            "dirs": {
                "workflows": {
                    "dirs": {},
                    "files": {
                        "ci.yml": {
                            "sha": "64fb702b6eb61371ebacc35a25c623128b57ad86"
                        },
                        "{% if cookiecutter.__type!='compiled' %}cd.yml{% endif %}": {
                            "sha": "0228b5fd7765eda9e511e495bf9a26a0520b0744"
                        },
                        "{% if cookiecutter.__type=='compiled' %}cd.yml{% endif %}": {
                            "sha": "6b78191a94968bef738d1ce4c97ca298da28cd7b"
                        }
                    }
                }
            },
            "files": {
                "CONTRIBUTING.md": {
                    "sha": "7c7ace619fdc1e9714529daa9da58b825b3826de"
                },
                "dependabot.yml": {
                    "sha": "6c4b369539355a7bc893f1aa7b0509fd09ecdc2a"
                },
                "release.yml": {
                    "sha": "9d1e0987bfc323000b570d680343f00c53ddbc3d"
                },
                "{% if cookiecutter.__ci == 'gitlab' %}pre-commit-update.sh{% endif %}": {
                    "sha": "bddf76a2c0b83a1f74e0d9d04a8768b9b1104664"
                }
            }
        },
        "docs": {
            "dirs": {},
            "files": {
                "conf.py": {
                    "sha": "81648e7c3a36a481df345f2a5dd22cab6464433d"
                },
                "index.md": {
                    "sha": "db7007b72390b1164fe89610cb3b2526cd670c7c"
                }
            }
        },
        "src": {
            "dirs": {
                "{{cookiecutter.__project_slug}}": {
                    "dirs": {},
                    "files": {
                        "__init__.py": {
                            "sha": "d7c11f49691b35150c465ff9e9c506e0847da7b3"
                        },
                        "py.typed": {
                            "sha": "e69de29bb2d1d6434b8b29ae775ad8c2e48c5391"
                        },
                        "{% if cookiecutter.__type=='compiled' %}_core.pyi{% endif %}": {
                            "sha": "537c611e27c1de55ac740ceebefd3ab20dd673f2"
                        },
                        "{% if cookiecutter.vcs and cookiecutter.backend not in ['whey', 'mesonpy', 'poetry', 'maturin'] %}_version.pyi{% endif %}": {
                            "sha": "f8c6240f24c2b5e792223d891ff02bd9b05c4427"
                        }
                    }
                }
            },
            "files": {
                "{% if cookiecutter.backend in ['pybind11','skbuild','mesonpy'] %}main.cpp{% endif %}": {
                    "sha": "d570cd06db24b9a70e5572a040641ae4662b397c"
                },
                "{% if cookiecutter.backend=='maturin' %}lib.rs{% endif %}": {
                    "sha": "314fedc8a127b923932ac6f7084db055967bd8bb"
                }
            }
        },
        "tests": {
            "dirs": {},
            "files": {
                "test_package.py": {
                    "sha": "4d7300d7b821ce535500dc4d8c9a6ccdb2b66b1d"
                },
                "{% if cookiecutter.__type=='compiled' %}test_compiled.py{% endif %}": {
                    "sha": "def0d0beffc3119cbade99d4215629d69b096507"
                }
            }
        }
    },
    "files": {
        ".git_archival.txt": {
            "sha": "7c5100942aae489ca04d07d2c69a4d8f6f8470fe"
        },
        ".gitattributes": {
            "sha": "00a7b00c94e08b86c765d47689b6523148c46eec"
        },
        ".gitignore": {
            "sha": "25cf9a498241587f7ce1ecc1960d7d9ea1b801e8"
        },
        ".pre-commit-config.yaml": {
            "sha": "7040d841bca891e9cfe52c1195df7f5ad086c915"
        },
        ".readthedocs.yaml": {
            "sha": "67c194c82427fde1d1c096171096bf052c6ef142"
        },
        "README.md": {
            "sha": "ff45a1c000dc50e8b627c3776fc430d9e8a61920"
        },
        "noxfile.py": {
            "sha": "a9b2b3e5e92565046ae2d513e010c87108be6a87"
        },
        "pyproject.toml": {
            "sha": "52a6c6bfcbbbf5697edf2006e06bc2ffbd79d441"
        },
        "{% if cookiecutter.__ci=='gitlab' %}.gitlab-ci.yml{% endif %}": {
            "sha": "15f5f172e5cb148391095271b16d3e6bc4c47fac"
        },
        "{% if cookiecutter.backend=='maturin' %}Cargo.toml{% endif %}": {
            "sha": "f4a4c2c817369f2febc19a66f24721d6114b07db"
        },
        "{% if cookiecutter.backend=='mesonpy' %}meson.build{% endif %}": {
            "sha": "cc8eb4a4c8200c54646da87c568bd54460e9011a"
        },
        "{% if cookiecutter.backend=='pybind11' %}MANIFEST.in{% endif %}": {
            "sha": "2e75c7a82bf6c75d61599ad1d267aa91a4f4e7af"
        },
        "{% if cookiecutter.backend=='pybind11' %}setup.py{% endif %}": {
            "sha": "94a6aad06c5511858118a25bda68db9c2683c108"
        },
        "{% if cookiecutter.backend=='skbuild' %}CMakeLists.txt{% endif %}": {
            "sha": "791b1e4ffe02dc268e2ec73ff3288d9cf7b41bf3"
        },
        "{% if cookiecutter.license=='Apache' %}LICENSE{% endif %}": {
            "sha": "d645695673349e3947e8e5ae42332d0ac3164cd7"
        },
        "{% if cookiecutter.license=='BSD' %}LICENSE{% endif %}": {
            "sha": "e9ad76b00071132f9b1c70588bf50a4d4b3af95b"
        },
        "{% if cookiecutter.license=='MIT' %}LICENSE{% endif %}": {
            "sha": "83c5ff410e44ea905ba3ba8bfb48016d52a70de9"
        },
        "{{cookiecutter.__answers}}": {
            "sha": "69141bbfa215639b4752483ae8e27cc431580f15"
        }
    }
}