{
    "dirs": {
        ".github": {
            "dirs": {
                "ISSUE_TEMPLATE": {
                    "dirs": {},
                    "files": {
                        "bug_report.yml": {
                            "sha": "3ca1ccbde64b29fe7bb02ed810bc0e67907f7ca4"
                        },
                        "config.yml": {
                            "sha": "5b62547f9aef3da3a38806baf365ea8c059675d6"
                        },
                        "feature_request.yml": {
                            "sha": "56d28003988dddea8c30550ff0c3306e148820ba"
                        }
                    }
                },
                "workflows": {
                    "dirs": {},
                    "files": {
                        "build.yaml": {
                            "sha": "bfa2cf000e7714b0f0a9ff485808bd3c93a99e58"
                        },
                        "release.yaml": {
                            "sha": "809a3c1fc4fb498eb19f8ab517e1cabd301ead05"
                        },
                        "test.yaml": {
                            "sha": "841bd7c207030e263bef011117c231dfc7a7cb65"
                        }
                    }
                }
            },
            "files": {}
        },
        "docs": {
            "dirs": {
                "_static": {
                    "dirs": {
                        "css": {
                            "dirs": {},
                            "files": {
                                "custom.css": {
                                    "sha": "b8c8d47fa0a99101c675af913b08144664399119"
                                }
                            }
                        }
                    },
                    "files": {
                        ".gitkeep": {
                            "sha": "e69de29bb2d1d6434b8b29ae775ad8c2e48c5391"
                        }
                    }
                },
                "_templates": {
                    "dirs": {
                        "autosummary": {
                            "dirs": {},
                            "files": {
                                "class.rst": {
                                    "sha": "7b4a0cf87d73bbe25166dd0330e358876a2f0756"
                                }
                            }
                        }
                    },
                    "files": {
                        ".gitkeep": {
                            "sha": "e69de29bb2d1d6434b8b29ae775ad8c2e48c5391"
                        }
                    }
                },
                "extensions": {
                    "dirs": {},
                    "files": {
                        "typed_returns.py": {
                            "sha": "0fbffefe3ab9d6fda9b0584a38e74c7ce0c0c279"
                        }
                    }
                },
                "notebooks": {
                    "dirs": {},
                    "files": {
                        "example.ipynb": {
                            "sha": "4c78dc68cae7e1c9da669feaabc79da5358352b1"
                        }
                    }
                }
            },
            "files": {
                "Makefile": {
                    "sha": "d4bb2cbb9eddb1bb1b4f366623044af8e4830919"
                },
                "api.md": {
                    "sha": "d83bd30ad9cbb571b3c69bb5bdf40a7f5462c6f5"
                },
                "changelog.md": {
                    "sha": "d9e79ba64848091a9bccd21dc241c61c669dad7f"
                },
                "conf.py": {
                    "sha": "7bf65d268131b58eedbde43b0da2688381c5dd6d"
                },
                "contributing.md": {
                    "sha": "dc9ce477b0c6996fa6d73b2a166482ef8da2516b"
                },
                "index.md": {
                    "sha": "8144d4623f5cb560379e67089aa21f61cb22f83d"
                },
                "references.bib": {
                    "sha": "9f5bed44ec106502c159a68e71e8308abddeb4f9"
                },
                "references.md": {
                    "sha": "00ad6a6ea9418df96256615a564065e38c8332ea"
                },
                "template_usage.md": {
                    "sha": "bf0d5b0b0868ff9306a308f83257258e6987e56b"
                }
            }
        },
        "src": {
            "dirs": {
                "{{cookiecutter.package_name}}": {
                    "dirs": {
                        "pl": {
                            "dirs": {},
                            "files": {
                                "__init__.py": {
                                    "sha": "c2315dd043af11f4285f69ecbf7a506fddab1ec1"
                                },
                                "basic.py": {
                                    "sha": "79f3159d158459e1b44ff47c1e6361b405b0cb82"
                                }
                            }
                        },
                        "pp": {
                            "dirs": {},
                            "files": {
                                "__init__.py": {
                                    "sha": "c5f407cd5fd161a8344ac8d73a680a846d660fab"
                                },
                                "basic.py": {
                                    "sha": "7d6c4a78a16b068990a58f953bc5c5ecfbe63888"
                                }
                            }
                        },
                        "tl": {
                            "dirs": {},
                            "files": {
                                "__init__.py": {
                                    "sha": "95a32cd2c8cc28355df1eb4333bcae2521214552"
                                },
                                "basic.py": {
                                    "sha": "d215ade4fc570018fd911291a70622e9136dcc46"
                                }
                            }
                        }
                    },
                    "files": {
                        "__init__.py": {
                            "sha": "8aed3c7a1198955fc1fb5ca8ff48d96821c103c2"
                        }
                    }
                }
            },
            "files": {}
        },
        "tests": {
            "dirs": {},
            "files": {
                "conftest.py": {
                    "sha": "46afebf75e721524fe68a2a327461714b1d88e10"
                },
                "test_basic.py": {
                    "sha": "b5763478bfb530a271b257123091974ed6bc5616"
                }
            }
        },
        "{{\".vscode\" if cookiecutter.ide_integration else \"DELETE-ME\" }}": {
            "dirs": {},
            "files": {
                "extensions.json": {
                    "sha": "caaeb4f73220343cf55564c4b747c6434c231fd8"
                },
                "launch.json": {
                    "sha": "36d1874618b1d0099c4d192c8a90500d69bcc723"
                },
                "settings.json": {
                    "sha": "e034b91f7a78ad40b1349f103363131423841d61"
                }
            }
        }
    },
    "files": {
        ".codecov.yaml": {
            "sha": "d0c0e2917651ab1d38f689317e32f463c392c3d2"
        },
        ".editorconfig": {
            "sha": "66678e378b55a7e2b28d2087164af8999aff39cb"
        },
        ".gitignore": {
            "sha": "2ff7df49303395ed3d912b9233b714051b5f829e"
        },
        ".pre-commit-config.yaml": {
            "sha": "de542ee3ffa9ea5aad01e23e931279739aa6eeb7"
        },
        ".readthedocs.yaml": {
            "sha": "69897c3b379c4b6c25f7b7a4e62f653a37399557"
        },
        "CHANGELOG.md": {
            "sha": "c1856287e0eba5452fcc7543339fa20231c0483f"
        },
        "LICENSE": {
            "sha": "5cd0af505db83ecbfca15dd4813ba16c7f3cf07f"
        },
        "README.md": {
            "sha": "2c64d9cdec43e97d5bf0eceebf997d0771a0e958"
        },
        "biome.jsonc": {
            "sha": "2175c16e6e0911f429ad3757f600d73dadf6ad73"
        },
        "pyproject.toml": {
            "sha": "5440df31b9039c623a9aa200014a93872cb3e333"
        }
    }
}