{
    "dirs": {
        "tests": {
            "dirs": {},
            "files": {
                "test_dummy.py": {
                    "sha": "f4f53619168f8993841e5a85193b424a60085554"
                }
            }
        }
    },
    "files": {
        ".gitignore": {
            "sha": "56ba5af24c65d899c4b4adcf1cc0881652643b21"
        },
        ".travis.yml": {
            "sha": "f324e14a31fed8bf6e5300e63a49d927a34c4a83"
        },
        "LICENSE": {
            "sha": "bf638ee03955456227bd5180e1f0d8e6b802badd"
        },
        "README.md": {
            "sha": "d65af74e9ffbd686e33c14c6319bcda8695721b1"
        },
        "requirements.txt": {
            "sha": "690bc02ca19194e0f6ae43d236ade5059b4a56e8"
        },
        "{{cookiecutter.project_name}}.py": {
            "sha": "fc0a66c7dad185f68e74e164925883512a45db4c"
        }
    }
}