{
    "dirs": {
        ".github": {
            "dirs": {
                "workflows": {
                    "dirs": {},
                    "files": {
                        "release.yml": {
                            "sha": "fe3451264fafecbb724b14f14da2826f8c2a2805"
                        },
                        "test.yml": {
                            "sha": "255ed1093b664f02cdca04759129fb05641587fa"
                        }
                    }
                }
            },
            "files": {}
        },
        "sigma": {
            "dirs": {
                "backends": {
                    "dirs": {
                        "{{ cookiecutter.backend_package_name }}": {
                            "dirs": {},
                            "files": {
                                "__init__.py": {
                                    "sha": "1bef1276092c3160194191155ef293b6da163595"
                                },
                                "{{ cookiecutter.backend_package_name }}.py": {
                                    "sha": "efd1ffaafdeeb1d8196d4b4fb375b68786678baf"
                                }
                            }
                        }
                    },
                    "files": {}
                },
                "pipelines": {
                    "dirs": {
                        "{{ cookiecutter.backend_package_name }}": {
                            "dirs": {},
                            "files": {
                                "__init__.py": {
                                    "sha": "f1a7f3029e62e87acf6afc1bfa6ccda1ebb053d7"
                                },
                                "{{ cookiecutter.backend_package_name }}.py": {
                                    "sha": "57006d46a45cbc7b20db6714ce698fcadd825afc"
                                }
                            }
                        }
                    },
                    "files": {}
                }
            },
            "files": {}
        },
        "tests": {
            "dirs": {},
            "files": {
                "test_backend_{{ cookiecutter.backend_package_name }}.py": {
                    "sha": "8a3e3d8e0b3e76a828922ac60c7058e76de86a5b"
                },
                "test_backend_{{ cookiecutter.backend_package_name }}_correlations.py": {
                    "sha": "4367bc82d0be6c148aad75205b9b351a1616ce57"
                },
                "test_pipelines_{{ cookiecutter.backend_package_name }}.py": {
                    "sha": "62b6c5677c787b86df4cf223facb12dc5e945d8c"
                }
            }
        }
    },
    "files": {
        ".gitignore": {
            "sha": "53b51abc88af1ccc710e7751e2a085b120c81d7d"
        },
        "LICENSE": {
            "sha": "1e15a14d38207cec474cc3146d47db7721d5978a"
        },
        "README.md": {
            "sha": "fdda4e24934a703f118af03d38fb216bdd47250a"
        },
        "print-coverage.py": {
            "sha": "503adfe45c48d11778a633c21f435b0d8e4ddd81"
        },
        "pyproject.toml": {
            "sha": "17c92cad96d5f4660878a13ef2914bcd411babc0"
        }
    }
}