{
    "dirs": {
        ".github": {
            "dirs": {
                "workflows": {
                    "dirs": {},
                    "files": {
                        "publish.yml": {
                            "sha": "341a537754f20087024e97a259c48f6504be64c7"
                        },
                        "test.yml": {
                            "sha": "406669ac3b29156428dfad6eb60f0146f5e2a1a0"
                        }
                    }
                }
            },
            "files": {}
        },
        "tests": {
            "dirs": {},
            "files": {
                "test_{{cookiecutter.underscored}}.py": {
                    "sha": "dff15e177668d0af058193d4b32d0b480a74452e"
                }
            }
        },
        "{{cookiecutter.underscored}}": {
            "dirs": {},
            "files": {
                "__init__.py": {
                    "sha": "e69de29bb2d1d6434b8b29ae775ad8c2e48c5391"
                },
                "__main__.py": {
                    "sha": "98dcca0c2836ae53d67260be8a5431b855e461bb"
                },
                "cli.py": {
                    "sha": "4c45cac65e57e2c00a1bbc453bc5e3e3c2ac6bec"
                }
            }
        }
    },
    "files": {
        ".gitignore": {
            "sha": "53605b7a5ec51bc95dca4fb43fdb350bf9362435"
        },
        "LICENSE": {
            "sha": "261eeb9e9f8b2b4b0d119366dda99c6fd7d35c64"
        },
        "README.md": {
            "sha": "aa1083bd0613601b8920c6225677bd85e7b312f2"
        },
        "pyproject.toml": {
            "sha": "5bc517a21c577e2dc4ca410574f2eca6b8a58c75"
        }
    }
}