{
    "dirs": {
        ".github": {
            "dirs": {
                "workflows": {
                    "dirs": {},
                    "files": {
                        "publish.yml": {
                            "sha": "013a6672b7eeb66daba109bb4d8fb44f96b197b3"
                        },
                        "test.yml": {
                            "sha": "4212cc3c54cb8e6e7c66d3983791b43b554b31d2"
                        }
                    }
                }
            },
            "files": {}
        },
        "tests": {
            "dirs": {},
            "files": {
                "test_{{cookiecutter.underscored}}.py": {
                    "sha": "1d24a1b02ab050b4f2c8e33b05ad5e32b10731c5"
                }
            }
        },
        "{{cookiecutter.underscored}}": {
            "dirs": {},
            "files": {
                "__init__.py": {
                    "sha": "923334ef15a25c993476fbb163a15b5d4a9451d5"
                }
            }
        }
    },
    "files": {
        ".gitignore": {
            "sha": "0cbfbfaaed3a07b09d9aca635b22d983bccf7c3e"
        },
        "LICENSE": {
            "sha": "261eeb9e9f8b2b4b0d119366dda99c6fd7d35c64"
        },
        "README.md": {
            "sha": "038a3d49125dda98b3efa8eb368eee42108c7fe1"
        },
        "pyproject.toml": {
            "sha": "3dc2fd53bcd401b2bcb64b9dbe58c25c181a05cf"
        }
    }
}