{
    "dirs": {},
    "files": {
        ".gitignore": {
            "sha": "f0dbb54af16667367020378e7bd5692e3a7b99a3"
        },
        ".travis.yml": {
            "sha": "229dda3611232395c4712815987acd33965b0835"
        },
        "LICENSE": {
            "sha": "e3ccd7d480f8839ac71f6f39ee095c7505b07ef3"
        },
        "MANIFEST.in": {
            "sha": "c74cefe09426c9db275d2ab041a9fd07c0796fda"
        },
        "README.rst": {
            "sha": "d9bb1a9ab74a999d0770ea9d0a5491cdfd602455"
        },
        "dev-requirements.txt": {
            "sha": "95289a3da0427e10acd5d415b44bc3e5aa09ffd5"
        },
        "setup.py": {
            "sha": "0482277fa3927c39aaa98331f6e0d11d06da7311"
        },
        "tasks.py": {
            "sha": "d2f20e393498a4d0a1f263e835dcd85941a2bf78"
        },
        "test_{{ cookiecutter.script_name }}.py": {
            "sha": "8daf078c234cfccb2811ba0229795f1c3fe7a454"
        },
        "tox.ini": {
            "sha": "5157e4b0b68436748e83007ab832a4ecaab99b83"
        },
        "{{ cookiecutter.script_name }}.py": {
            "sha": "0d5cb82e201d80fd66bd2458a4adae165ee3cfaa"
        }
    }
}