{
    "dirs": {
        "requirements": {
            "dirs": {},
            "files": {
                "base.txt": {
                    "sha": "16090b993ed44f570180fe2cc728bc9decc7bdf3"
                },
                "dev.txt": {
                    "sha": "c738e20d089820d21bf69ab720486aff963525c9"
                },
                "prod.txt": {
                    "sha": "47cdb649f9a8a41c212274de8ea7dfb0220f3cba"
                },
                "uat.txt": {
                    "sha": "47cdb649f9a8a41c212274de8ea7dfb0220f3cba"
                }
            }
        },
        "static": {
            "dirs": {
                "bootstrap": {
                    "dirs": {
                        "css": {
                            "dirs": {},
                            "files": {
                                "bootstrap.min.css": {
                                    "sha": "39934146ffdc3af1e17b83657576b2d21f3cbecd"
                                },
                                "bootstrap.min.css.map": {
                                    "sha": "90ce798738d86c6e2f6736ef86896abe542eee7e"
                                }
                            }
                        },
                        "js": {
                            "dirs": {},
                            "files": {
                                "bootstrap.bundle.min.js": {
                                    "sha": "04e9185bd638bb11ef576be7b8439f2a7bdcb05e"
                                },
                                "bootstrap.bundle.min.js.map": {
                                    "sha": "69440cc7e431ed5b6f2b1fadb8376f551551d30c"
                                }
                            }
                        }
                    },
                    "files": {}
                },
                "fonts": {
                    "dirs": {},
                    "files": {
                        "fira-sans-v9-greek_latin-600.eot": {
                            "sha": "4ec48bc92cda1e082af14253e9efc04a22b984bb"
                        },
                        "fira-sans-v9-greek_latin-600.svg": {
                            "sha": "007de2c7f06ad95ab76b2ae115c00defddb8a4d7"
                        },
                        "fira-sans-v9-greek_latin-600.ttf": {
                            "sha": "6851080e7795629a37a5a5635cfed91e3ad0f448"
                        },
                        "fira-sans-v9-greek_latin-600.woff": {
                            "sha": "145fadc56a21cb3f8add0512e7e96e29a5b61916"
                        },
                        "fira-sans-v9-greek_latin-600.woff2": {
                            "sha": "88d799c75db0c5504a6ecb8ef6add4e8357e8a8c"
                        },
                        "fira-sans-v9-greek_latin-900.eot": {
                            "sha": "9612271ed303f6d43cbd7dd6ea3007b4f857967b"
                        },
                        "fira-sans-v9-greek_latin-900.svg": {
                            "sha": "9719a5d655400d27574841cc1e8a49810b355c39"
                        },
                        "fira-sans-v9-greek_latin-900.ttf": {
                            "sha": "666b36fdc5d87badb0bd839ec91bd87b8ebb20b5"
                        },
                        "fira-sans-v9-greek_latin-900.woff": {
                            "sha": "6c54ad3435b55c5b1583b9f5c5ef2bb5f7a6705b"
                        },
                        "fira-sans-v9-greek_latin-900.woff2": {
                            "sha": "82b3eef94f31d2033b47d4a4290f2b56fb1f25a5"
                        },
                        "fira-sans-v9-greek_latin-regular.eot": {
                            "sha": "6118649abf97f1413baf79fc67f2ce589e732217"
                        },
                        "fira-sans-v9-greek_latin-regular.svg": {
                            "sha": "1e520978debd2ac5c352a1a4c70422969e574210"
                        },
                        "fira-sans-v9-greek_latin-regular.ttf": {
                            "sha": "c5af890925fdbb26c35623e3dd12f1912d8907c5"
                        },
                        "fira-sans-v9-greek_latin-regular.woff": {
                            "sha": "9befba1aa8456236b8837cb13ed0a9313db5cc25"
                        },
                        "fira-sans-v9-greek_latin-regular.woff2": {
                            "sha": "76744ceaef50f7538ee1efe544c6bb25e63db440"
                        }
                    }
                },
                "images": {
                    "dirs": {},
                    "files": {
                        "ui-icons_217bc0_256x240.png": {
                            "sha": "6f4bd87c041453ef037c4a9a1a698f0105d02eba"
                        },
                        "ui-icons_222222_256x240.png": {
                            "sha": "b273ff111d219c9b9a8b96d57683d0075fb7871a"
                        },
                        "ui-icons_228ef1_256x240.png": {
                            "sha": "a641a371afa0fbb08ba599dc7ddf14b9bfc3c84f"
                        },
                        "ui-icons_2e83ff_256x240.png": {
                            "sha": "09d1cdc856c292c4ab6dd818c7543ac0828bd616"
                        },
                        "ui-icons_444444_256x240.png": {
                            "sha": "19f664d970194372c3228494e34ac01d611a4d45"
                        },
                        "ui-icons_454545_256x240.png": {
                            "sha": "59bd45b907c4fd965697774ce8c5fc6b2fd9c105"
                        },
                        "ui-icons_469bdd_256x240.png": {
                            "sha": "bd2cf079add1ca236adeb509698adabbffb08acb"
                        },
                        "ui-icons_555555_256x240.png": {
                            "sha": "177d795d74c34a14d1b4ead335a42ace5d28c28e"
                        },
                        "ui-icons_6da8d5_256x240.png": {
                            "sha": "3d6f567f4d34eadddd57c53717ce960e706460ce"
                        },
                        "ui-icons_777620_256x240.png": {
                            "sha": "364b55e34e8019e7d5e9b4318e1d1f881a6e8418"
                        },
                        "ui-icons_777777_256x240.png": {
                            "sha": "de6cf086bbfb5839ab4f538b5de7856d915f8404"
                        },
                        "ui-icons_888888_256x240.png": {
                            "sha": "6d02426c114be4b57aabc0a80b8a63d9e56b9eb6"
                        },
                        "ui-icons_cc0000_256x240.png": {
                            "sha": "6c64c85e20801ddf6250d6f31fc48cfcb2130a47"
                        },
                        "ui-icons_cd0a0a_256x240.png": {
                            "sha": "2ab019b73ec11a485fa09378f3a0e155194f6a5d"
                        },
                        "ui-icons_d8e7f3_256x240.png": {
                            "sha": "ad2dc6f9dbeeabbda9ae6917659b6df07817ec35"
                        },
                        "ui-icons_ef8c08_256x240.png": {
                            "sha": "85e63e9f604ce042d59eb06a8428eeb7cb7896c9"
                        },
                        "ui-icons_f9bd01_256x240.png": {
                            "sha": "78625024d94a74eb1aceb327f45059faf439fece"
                        },
                        "ui-icons_ffd27a_256x240.png": {
                            "sha": "e117effa3dca24e7978cfc5f8b967f661e81044f"
                        },
                        "ui-icons_ffffff_256x240.png": {
                            "sha": "42f8f992c727ddaa617da224a522e463df690387"
                        }
                    }
                }
            },
            "files": {
                "jquery-3.7.1.min.js": {
                    "sha": "7f37b5d99122b4928505d1e0ac5ca7279edd56ed"
                },
                "jquery-ui-1.14.1.min.css": {
                    "sha": "b616c9c1eb95a1e329c6d1286048939717791e6d"
                },
                "jquery-ui-1.14.1.min.js": {
                    "sha": "841179e8493344b87e0e11d1f051cd89738bd853"
                },
                "pdfstyle.css": {
                    "sha": "fdd2f104648da6de1f58111bf8bc37273f793fef"
                },
                "styles.css": {
                    "sha": "c14c0fc812a2812726f8bc638fe2db140c822250"
                }
            }
        },
        "templates": {
            "dirs": {
                "partials": {
                    "dirs": {},
                    "files": {
                        "_filter.html": {
                            "sha": "453c8428137b595accdbae123e2048d15c1f1a59"
                        },
                        "_footer.html": {
                            "sha": "607182979e319258ee92eb19ad70f026d4f69171"
                        },
                        "_messages.html": {
                            "sha": "4cdddf70ac2b72cbcf65fc5ca97fbbf7eb5ea871"
                        },
                        "_nav.html": {
                            "sha": "f3239f93a724f1b30ee9bb896f5afdf5fff93a91"
                        }
                    }
                },
                "registration": {
                    "dirs": {},
                    "files": {
                        "login.html": {
                            "sha": "4a7b01ddf12879f16c2d153b2fc5f0cf8b06693f"
                        }
                    }
                }
            },
            "files": {
                "404.html": {
                    "sha": "977a325338d9f17c92098dd264e3f1949234d8cd"
                },
                "500.html": {
                    "sha": "18dbeb92dc153831275e9c7b6600d42dfac311f7"
                },
                "home.html": {
                    "sha": "21e1f59aaa54a98259ff935d6adabf0102883e3f"
                },
                "logout.html": {
                    "sha": "2b33ad8d6eae4929bb9595df05840072c3cef127"
                },
                "site_base.html": {
                    "sha": "d2de72b79228ec13b7afa391badfd4df537a5833"
                },
                "theme_base.html": {
                    "sha": "345b258318b0b2f74b3bd4d73057d5e985b7a1ac"
                }
            }
        },
        "{{cookiecutter.project_name}}": {
            "dirs": {
                "core": {
                    "dirs": {
                        "migrations": {
                            "dirs": {},
                            "files": {
                                "0001_initial.py": {
                                    "sha": "62d6fcee1c9f4572273d4d6b3093a29a38e19bf8"
                                },
                                "__init__.py": {
                                    "sha": "e69de29bb2d1d6434b8b29ae775ad8c2e48c5391"
                                }
                            }
                        },
                        "templatetags": {
                            "dirs": {},
                            "files": {
                                "__init__.py": {
                                    "sha": "e69de29bb2d1d6434b8b29ae775ad8c2e48c5391"
                                },
                                "core_tags.py": {
                                    "sha": "b6b92621ce090af9ea44b1023a57d6edf2ac7195"
                                }
                            }
                        },
                        "tests": {
                            "dirs": {},
                            "files": {
                                "__init__.py": {
                                    "sha": "007eb9551a2cfa2dd1eb6e74d0d3d963f0284bfe"
                                },
                                "sample.py": {
                                    "sha": "2d07751d5cb499da06d16635cc04d55af945b2de"
                                }
                            }
                        }
                    },
                    "files": {
                        "__init__.py": {
                            "sha": "e69de29bb2d1d6434b8b29ae775ad8c2e48c5391"
                        },
                        "admin.py": {
                            "sha": "846f6b4061a68eda58bc9c76c36603d1e7721ee8"
                        },
                        "apps.py": {
                            "sha": "faef9518812adffbea860f18347abb61ad15a527"
                        },
                        "auth.py": {
                            "sha": "fa41ec49256744670c230fe9de1dbd87a7524d34"
                        },
                        "context_processors.py": {
                            "sha": "fce2658da57d4e65b2ad851acfbef81ce2d4043d"
                        },
                        "models.py": {
                            "sha": "b131da12edf625008b522eaa6cd1b3a6e497eb65"
                        },
                        "urls.py": {
                            "sha": "55c474d1532a7dc2bb0ad53055150a9461aa535c"
                        },
                        "views.py": {
                            "sha": "b5a01358aa6c769dab0c4859a7b2ece8b0ba3546"
                        }
                    }
                },
                "settings": {
                    "dirs": {},
                    "files": {
                        "__init__.py": {
                            "sha": "e69de29bb2d1d6434b8b29ae775ad8c2e48c5391"
                        },
                        "base.py": {
                            "sha": "28255e6c7e4f828299fd031ec9bc4a7c346d3556"
                        },
                        "dev.py": {
                            "sha": "f7ced951e3af0f400e9df85ed11a800edb74fabf"
                        },
                        "ldap_conf.py": {
                            "sha": "c4c681d9b8dbad59418087d49cf09387e90ad692"
                        },
                        "local.py.template": {
                            "sha": "de7e0919c3166b3601a2c8aadc5c7cb140498c36"
                        },
                        "prod.py": {
                            "sha": "28e4d580970824c585ed84e7ccb3e6c93e6e698f"
                        },
                        "test.py": {
                            "sha": "b8d97eb7b84d2675f558f9a5348352cda21d7c4f"
                        },
                        "uat.py": {
                            "sha": "410c9fb709a314e4f9baf63c60e4b313664c463f"
                        }
                    }
                },
                "users": {
                    "dirs": {
                        "migrations": {
                            "dirs": {},
                            "files": {
                                "0001_initial.py": {
                                    "sha": "98d302113acb064cdb8031e901707cc3aa728ba5"
                                },
                                "0002_auto_20210728_1054.py": {
                                    "sha": "35376aaa6d56d2b9df7012bf09adad781337e9dc"
                                },
                                "__init__.py": {
                                    "sha": "e69de29bb2d1d6434b8b29ae775ad8c2e48c5391"
                                }
                            }
                        },
                        "templates": {
                            "dirs": {
                                "users": {
                                    "dirs": {},
                                    "files": {
                                        "user_list.html": {
                                            "sha": "4df81b6daebdc67941b137c5fe6dffe3ced0c219"
                                        }
                                    }
                                }
                            },
                            "files": {}
                        }
                    },
                    "files": {
                        "__init__.py": {
                            "sha": "e69de29bb2d1d6434b8b29ae775ad8c2e48c5391"
                        },
                        "admin.py": {
                            "sha": "3757febee274326a4ac2eb1cdbdeb688e38f75f8"
                        },
                        "apps.py": {
                            "sha": "42bf74cc08500dbea7ece0c74ba8a2ca630bda66"
                        },
                        "filters.py": {
                            "sha": "efcf80e43a61bf6ff8cea4542fbebb79e71eb393"
                        },
                        "models.py": {
                            "sha": "38d9ae768d9c0b0c15a39e91dd09be9ce9a4d576"
                        },
                        "tables.py": {
                            "sha": "c5379cd999c92231af0dcf9c707c757787436c86"
                        },
                        "tests.py": {
                            "sha": "7ce503c2dd97ba78597f6ff6e4393132753573f6"
                        },
                        "urls.py": {
                            "sha": "e0173ecdf1479273136638b4af3ba0d10ec61bb5"
                        },
                        "views.py": {
                            "sha": "81cc325fccfde444a1b98e8b26f4aab05930b249"
                        }
                    }
                }
            },
            "files": {
                "__init__.py": {
                    "sha": "e69de29bb2d1d6434b8b29ae775ad8c2e48c5391"
                },
                "urls.py": {
                    "sha": "3bd175b208c0ff6d17de6fb2f64cc8a6d5a7e722"
                },
                "wsgi.py": {
                    "sha": "f901710c603dcdd683238463a3540171cffbf4c9"
                }
            }
        }
    },
    "files": {
        ".flake8": {
            "sha": "ed3e698c11ca166f00cf1ea09513e087f18723b6"
        },
        ".gitignore": {
            "sha": "12f55f1b44d98fe9aadf8da534fd4a2218f13f35"
        },
        "README.md": {
            "sha": "58cb2527d5d5e0721a6eb34b1998c3676117af32"
        },
        "dj.bat": {
            "sha": "3adb1ee734154bfc6cb3fe4bfb0cfae0da7e87d3"
        },
        "dovenv.bat": {
            "sha": "edfbb2c72df9d8cf8f4ac786366a9e39f8eab4e9"
        },
        "fabfile.py": {
            "sha": "ad3341bd7c65edbe78e019b15ca4fe702cfdc2ad"
        },
        "gunicorn.ini.py": {
            "sha": "047f4fd8f289f8dec1f570b46fc5949a06ec31a5"
        },
        "manage.py": {
            "sha": "d5303db557d5bbff785ccac4ccacab50928ba86c"
        },
        "rsp.bat": {
            "sha": "c15bd68e689d8bd3ede1f113445cb39345ca0b82"
        },
        "rsp.sh": {
            "sha": "aacf67ebf42469af5cebc598aa0694a33dbd01ba"
        },
        "runlocal.sh": {
            "sha": "f0024fe493981cc38c66a5f260d6cf7ff7e958ed"
        },
        "test.bat": {
            "sha": "0d03681d2111604b26c675b2e6924341e916f4d6"
        }
    }
}