{
    "dirs": {
        "sphinxcontrib": {
            "dirs": {
                "{{cookiecutter.package_name}}": {
                    "dirs": {},
                    "files": {
                        "__init__.py": {
                            "sha": "815a482748a6f00035a0ebb7643aba272445427b"
                        }
                    }
                }
            },
            "files": {
                "__init__.py": {
                    "sha": "ae0f862b865ef2f17cee6a962d8fb480d7229488"
                }
            }
        },
        "tests": {
            "dirs": {},
            "files": {
                "conftest.py": {
                    "sha": "4ccdbfc7224f7e10e80121472173d201f09edfe2"
                }
            }
        }
    },
    "files": {
        ".editorconfig": {
            "sha": "fe28f4b545c2a4159f6cdb5543a6f162aa8316f8"
        },
        ".gitignore": {
            "sha": "ac7d049af032e3844752d27d07bb59fa97ab4907"
        },
        ".travis.yml": {
            "sha": "ed8810e716c7cb115be3eabdd508fa382d146f0a"
        },
        "CONTRIBUTING.rst": {
            "sha": "e1095ce6e088a91932b1fab6e53a0f1801a767e1"
        },
        "LICENSE": {
            "sha": "23226a5ab6dda31de5ab811be9f9b9e9a7bd802d"
        },
        "README.rst": {
            "sha": "15f8793a7eef7e5ec7c999dfe32fda014903d0cd"
        },
        "requirements.txt": {
            "sha": "1d45dc6ea30fb622e1c50396757105770b0b9685"
        },
        "setup.cfg": {
            "sha": "96d00f17a46282e347e25402af3789a48b785a8a"
        },
        "setup.py": {
            "sha": "f7fce8751c7cf5519b1dcbeff315939f47ea406f"
        },
        "test-requirements.txt": {
            "sha": "55ff9de50d6ca483766e6c2f6c04990de5eb12df"
        },
        "tox.ini": {
            "sha": "5acb1a6f03c8ac270d377335465dc8c0e17d4110"
        }
    }
}