{
    "dirs": {
        "source": {
            "dirs": {},
            "files": {
                "format": {
                    "sha": "89ae9db8f88b823b6a7eabf55e203658739da122"
                },
                "options": {
                    "sha": "98f2dda347cf967587d2b6d887e82b3a1c99d040"
                }
            }
        }
    },
    "files": {
        ".gitignore": {
            "sha": "faef60e5ae6d193d440e20a13fe23209987d90f0"
        },
        "changelog": {
            "sha": "3a895f67c0b21126789c63bc1613181fb96aa312"
        },
        "compat": {
            "sha": "ec635144f60048986bc560c5576355344005e6e7"
        },
        "control": {
            "sha": "83ade70c4ffcd05702a138511c22a6d8b4650f0b"
        },
        "copyright": {
            "sha": "a1a363f4b0c258fddfa3dc4bc64a35574c3fa2ef"
        },
        "rules": {
            "sha": "d20bfbc567e30e168c5698e3b1a7d0800c9caa3a"
        },
        "{{cookiecutter.package}}.links": {
            "sha": "33cd56623d5ef0d8a0e37a46fb8275eda03b9c7b"
        },
        "{{cookiecutter.package}}.postinst": {
            "sha": "a2f55ac2f1c1ae1432874b9d1fc904d261acecd7"
        },
        "{{cookiecutter.package}}.triggers": {
            "sha": "13a6d6b68fd57e8568d2e186e1d8a9f89c8dde20"
        }
    }
}