{
    "dirs": {
        ".vscode": {
            "dirs": {},
            "files": {
                "settings.json": {
                    "sha": "6e03985bdb90dca69d58e153133a1a280bc23fb5"
                }
            }
        },
        "deploy": {
            "dirs": {
                "daphne": {
                    "dirs": {},
                    "files": {
                        "daphne.conf": {
                            "sha": "d23a5fb7543ea40da884794c6f89a05883c6fa6d"
                        }
                    }
                },
                "nginx": {
                    "dirs": {},
                    "files": {
                        "nginx.json-logging.conf": {
                            "sha": "98da90604ede9e5dbb296ff0e4faed17f7d0d147"
                        }
                    }
                },
                "pgbouncer": {
                    "dirs": {
                        "dev": {
                            "dirs": {},
                            "files": {
                                "pgbouncer.auth": {
                                    "sha": "e07aa87011969235d38cdee4654eaf26d9c0c314"
                                },
                                "pgbouncer.ini": {
                                    "sha": "3adb886def3e417bea68b227cfaba6bc8bc11698"
                                }
                            }
                        }
                    },
                    "files": {}
                },
                "supervisor": {
                    "dirs": {},
                    "files": {
                        "supervisord.conf": {
                            "sha": "81c858942c7c45f0c9f58583be1c68c1485c1dc2"
                        },
                        "supervisord.dramatiq.conf": {
                            "sha": "9797cb135f79f0ce517408687c70c94d79546baf"
                        }
                    }
                },
                "uwsgi": {
                    "dirs": {},
                    "files": {
                        "uwsgi.ini": {
                            "sha": "bfd0daa7e02c2700350f9e486ae7959816d794cf"
                        }
                    }
                }
            },
            "files": {}
        },
        "requirements": {
            "dirs": {},
            "files": {
                "common.txt": {
                    "sha": "ace6b03843e6d9ffb09c71f209249e1bc300b435"
                },
                "deployment.txt": {
                    "sha": "b92a7b3950560ee6fa057d257d2f01d8040a2cc8"
                },
                "development.txt": {
                    "sha": "b1d80853ada358da4c7252ed62d8dc963450bff6"
                },
                "test.txt": {
                    "sha": "6804f3a2bc2fbb190dbb569755b76079e0278c88"
                }
            }
        },
        "roles": {
            "dirs": {},
            "files": {
                "__init__.py": {
                    "sha": "e69de29bb2d1d6434b8b29ae775ad8c2e48c5391"
                },
                "tasks.py": {
                    "sha": "4a056f99bb2dd9ff138514b9eed262545f75c327"
                }
            }
        },
        "scripts": {
            "dirs": {},
            "files": {
                "dramatiq.sh": {
                    "sha": "8bf2ffdfab8bee80a52271eee1f71bb209a7aa91"
                },
                "start.sh": {
                    "sha": "502c3f38dc0cab000eae8627aee13b7b36166dee"
                }
            }
        },
        "{{ cookiecutter.project_name }}": {
            "dirs": {
                "apps": {
                    "dirs": {
                        "accounts": {
                            "dirs": {
                                "apis": {
                                    "dirs": {
                                        "v1": {
                                            "dirs": {},
                                            "files": {
                                                "__init__.py": {
                                                    "sha": "e69de29bb2d1d6434b8b29ae775ad8c2e48c5391"
                                                },
                                                "serializers.py": {
                                                    "sha": "53bc1cbbb7c4abe006d4ffe3a5eb1c23d26b8aa0"
                                                },
                                                "urls.py": {
                                                    "sha": "5ba7855db1a448ac287e0741f4c8ba3086c2ccbc"
                                                },
                                                "views.py": {
                                                    "sha": "08bc1c9d39f8709ce1d28dd4ecfebd18dbe33937"
                                                }
                                            }
                                        }
                                    },
                                    "files": {
                                        "__init__.py": {
                                            "sha": "e69de29bb2d1d6434b8b29ae775ad8c2e48c5391"
                                        },
                                        "serializers.py": {
                                            "sha": "2073e62c858983722db2c605ed28e3b5fa194f73"
                                        },
                                        "views.py": {
                                            "sha": "bf3d7bdd92a01c8cffe4b1e0b452473348780cb4"
                                        }
                                    }
                                },
                                "management": {
                                    "dirs": {
                                        "commands": {
                                            "dirs": {},
                                            "files": {
                                                "__init__.py": {
                                                    "sha": "e69de29bb2d1d6434b8b29ae775ad8c2e48c5391"
                                                },
                                                "changeuseraccess.py": {
                                                    "sha": "a9e01b8e4dcd5e1e6166f8136b3982f465b149bc"
                                                },
                                                "createsuperuser.py": {
                                                    "sha": "e89503ea972efdcf0ab3ca5a8a56f0c35ca41622"
                                                }
                                            }
                                        }
                                    },
                                    "files": {
                                        "__init__.py": {
                                            "sha": "e69de29bb2d1d6434b8b29ae775ad8c2e48c5391"
                                        }
                                    }
                                },
                                "migrations": {
                                    "dirs": {},
                                    "files": {
                                        "0001_initial.py": {
                                            "sha": "64b56775e0e78ddd44175da0635108cfc125677f"
                                        },
                                        "__init__.py": {
                                            "sha": "e69de29bb2d1d6434b8b29ae775ad8c2e48c5391"
                                        }
                                    }
                                },
                                "tests": {
                                    "dirs": {},
                                    "files": {
                                        "__init__.py": {
                                            "sha": "e69de29bb2d1d6434b8b29ae775ad8c2e48c5391"
                                        },
                                        "factories.py": {
                                            "sha": "dad9c50f5b5514c9543590926b6a74a2fea8c2b6"
                                        },
                                        "test_models.py": {
                                            "sha": "92e8e40c015936faa4355be97da5e0f0ccc77a9b"
                                        },
                                        "test_utils.py": {
                                            "sha": "fd06f2b7bb538390e5efe91f1dbebe5f67799da9"
                                        }
                                    }
                                }
                            },
                            "files": {
                                "__init__.py": {
                                    "sha": "e69de29bb2d1d6434b8b29ae775ad8c2e48c5391"
                                },
                                "admin.py": {
                                    "sha": "02bd42357dd8f8f2fd0d81e708d2a44caaa932f7"
                                },
                                "apps.py": {
                                    "sha": "5568becadf88b48dff5fe81e054ebe37e8026f94"
                                },
                                "forms.py": {
                                    "sha": "52b8a626650f31f46f43a2beeeafe57068c1858c"
                                },
                                "models.py": {
                                    "sha": "a5b0f837f74bfefae412dbf7017272ef837facb3"
                                },
                                "types.py": {
                                    "sha": "f49466b55471ef7bdde83e389de995d803d5822d"
                                },
                                "urls.py": {
                                    "sha": "ee207e969f17b412f9070b87ee0ad8771b9659d9"
                                },
                                "utils.py": {
                                    "sha": "3c93b87daa5832159e4b6df0ac475a454dcc0df3"
                                },
                                "views.py": {
                                    "sha": "cc544da4ab7aa842dbbebca6ef5096969ea5839c"
                                }
                            }
                        },
                        "core": {
                            "dirs": {
                                "apis": {
                                    "dirs": {},
                                    "files": {
                                        "__init__.py": {
                                            "sha": "0153fd95b8d05b384935aa1a70e9fb3d4f270578"
                                        },
                                        "urls.py": {
                                            "sha": "4c0412db85552cb10b22c1e8c5a69a216896f724"
                                        }
                                    }
                                },
                                "management": {
                                    "dirs": {
                                        "commands": {
                                            "dirs": {},
                                            "files": {
                                                "__init__.py": {
                                                    "sha": "e69de29bb2d1d6434b8b29ae775ad8c2e48c5391"
                                                },
                                                "scheduler.py": {
                                                    "sha": "6423d3bdcd29eb805b7cf9946468d19b32a17fe0"
                                                }
                                            }
                                        }
                                    },
                                    "files": {
                                        "__init__.py": {
                                            "sha": "e69de29bb2d1d6434b8b29ae775ad8c2e48c5391"
                                        }
                                    }
                                },
                                "migrations": {
                                    "dirs": {},
                                    "files": {
                                        "__init__.py": {
                                            "sha": "e69de29bb2d1d6434b8b29ae775ad8c2e48c5391"
                                        }
                                    }
                                }
                            },
                            "files": {
                                "__init__.py": {
                                    "sha": "e69de29bb2d1d6434b8b29ae775ad8c2e48c5391"
                                },
                                "admin.py": {
                                    "sha": "8c38f3f3dad51e4585f3984282c2a4bec5349c1e"
                                },
                                "apps.py": {
                                    "sha": "c0ce093bd64d1542e8df1162e3992e04606716d9"
                                },
                                "constants.py": {
                                    "sha": "1faacfeaa0d76054844898253e90a0ceb0940fed"
                                },
                                "models.py": {
                                    "sha": "71a836239075aa6e6e4ecb700e9c42c95c022d91"
                                },
                                "tests.py": {
                                    "sha": "7ce503c2dd97ba78597f6ff6e4393132753573f6"
                                },
                                "urls.py": {
                                    "sha": "7c494533fc4148febfe490b17d72bb5de3bfa901"
                                },
                                "views.py": {
                                    "sha": "8b137891791fe96927ad78e64b0aad7bded08bdc"
                                }
                            }
                        }
                    },
                    "files": {
                        "__init__.py": {
                            "sha": "e69de29bb2d1d6434b8b29ae775ad8c2e48c5391"
                        }
                    }
                },
                "lib": {
                    "dirs": {
                        "common": {
                            "dirs": {
                                "templatetags": {
                                    "dirs": {},
                                    "files": {
                                        "__init__.py": {
                                            "sha": "e69de29bb2d1d6434b8b29ae775ad8c2e48c5391"
                                        },
                                        "dateutils.py": {
                                            "sha": "0cc90291c200c0fc278e0e9884e94ef2f3ab73c0"
                                        },
                                        "dicthelpers.py": {
                                            "sha": "840556130739db4b6dfa12db81e2092da18ff362"
                                        },
                                        "formhelpers.py": {
                                            "sha": "af280c203a00f0d248d67d46ea7972c5e416c603"
                                        },
                                        "list_helpers.py": {
                                            "sha": "2147d7fb7674fcd43b0fd1d403bdce1b5b2b5c2f"
                                        },
                                        "numberhelpers.py": {
                                            "sha": "0d661ef4cc1a9f2adc2cc969a9155c77880c3af5"
                                        },
                                        "sitemaphelpers.py": {
                                            "sha": "d3d76ff717d26d1c41f8233b5c2f760bfe59c73c"
                                        },
                                        "statichelpers.py": {
                                            "sha": "636cec76b03f21b3a86899e65ca12716b1980ab3"
                                        },
                                        "stringhelpers.py": {
                                            "sha": "d0a1c7e51ef0e76211e9a20a96f3eeffb15edc71"
                                        },
                                        "templatehelpers.py": {
                                            "sha": "a0ed1ed07c4c485739c5fab8f4772176ea402a03"
                                        },
                                        "urlhelpers.py": {
                                            "sha": "825ef9fd8b446bbd8d59c8180622660ddb10382c"
                                        }
                                    }
                                }
                            },
                            "files": {
                                "__init__.py": {
                                    "sha": "614b2a76ec04e75780ea99292b4afb9369efe921"
                                },
                                "utils.py": {
                                    "sha": "8009139423f84daea2de0765e22cb608596e0ab4"
                                },
                                "views.py": {
                                    "sha": "665e77bdd317e72c8dfb89c4f01daa80e552f9a5"
                                }
                            }
                        },
                        "core": {
                            "dirs": {},
                            "files": {
                                "__init__.py": {
                                    "sha": "e69de29bb2d1d6434b8b29ae775ad8c2e48c5391"
                                },
                                "helpers.py": {
                                    "sha": "fd5acd854598e75290cf4a9b33e1036d73cdd130"
                                }
                            }
                        },
                        "dramatiq": {
                            "dirs": {},
                            "files": {
                                "__init__.py": {
                                    "sha": "e69de29bb2d1d6434b8b29ae775ad8c2e48c5391"
                                },
                                "brokers.py": {
                                    "sha": "80f25da40de2bee72c1e3c2ccf18dbaeb3786f45"
                                }
                            }
                        },
                        "{{ cookiecutter.project_name }}": {
                            "dirs": {
                                "auth": {
                                    "dirs": {},
                                    "files": {
                                        "__init__.py": {
                                            "sha": "e69de29bb2d1d6434b8b29ae775ad8c2e48c5391"
                                        },
                                        "hashers.py": {
                                            "sha": "6446be5f65076cded8008b39fcdb81b5982b4c1b"
                                        }
                                    }
                                },
                                "db": {
                                    "dirs": {},
                                    "files": {
                                        "__init_.py": {
                                            "sha": "e69de29bb2d1d6434b8b29ae775ad8c2e48c5391"
                                        },
                                        "fields.py": {
                                            "sha": "945b5f2fab7bb0efed06ec94f91a6d34d343b42d"
                                        }
                                    }
                                }
                            },
                            "files": {
                                "__init__.py": {
                                    "sha": "e69de29bb2d1d6434b8b29ae775ad8c2e48c5391"
                                }
                            }
                        }
                    },
                    "files": {
                        "__init__.py": {
                            "sha": "e69de29bb2d1d6434b8b29ae775ad8c2e48c5391"
                        }
                    }
                },
                "static": {
                    "dirs": {
                        "css": {
                            "dirs": {
                                "foundation": {
                                    "dirs": {},
                                    "files": {
                                        "foundation.css": {
                                            "sha": "d114bf90bf598cccb1bda261cbf6ff9b7bdee3d6"
                                        },
                                        "foundation.min.css": {
                                            "sha": "711f3a52942bcf1a074b8a507b56e208acab32b3"
                                        }
                                    }
                                }
                            },
                            "files": {
                                "{{ cookiecutter.project_name }}.css": {
                                    "sha": "2ba0da8707d562d185f2817aae6cc9d24a81662a"
                                }
                            }
                        },
                        "js": {
                            "dirs": {
                                "vendor": {
                                    "dirs": {
                                        "foundation": {
                                            "dirs": {},
                                            "files": {
                                                "foundation.js": {
                                                    "sha": "6c5a47987dd6e2b12ae7f2ba24694b9d1fca3da4"
                                                },
                                                "foundation.min.js": {
                                                    "sha": "ee1877e03f15fde1bb8600ad0497c033ae7905e1"
                                                }
                                            }
                                        },
                                        "jquery": {
                                            "dirs": {},
                                            "files": {
                                                "jquery.js": {
                                                    "sha": "d2d8ca4790e52b0537f3cbb7dcd766099b789583"
                                                },
                                                "jquery.min.js": {
                                                    "sha": "644d35e274fd64ddaf6d12af813e820c424176a9"
                                                }
                                            }
                                        },
                                        "jqueryui": {
                                            "dirs": {},
                                            "files": {
                                                "jquery-ui-1.7.2.min.js": {
                                                    "sha": "db3e76fc744c3c2131adfcfe13fdf0d809712638"
                                                },
                                                "jquery-ui.min.js": {
                                                    "sha": "25398a167415050ae8bfb0bfebac6aa3ab790909"
                                                }
                                            }
                                        }
                                    },
                                    "files": {}
                                }
                            },
                            "files": {}
                        }
                    },
                    "files": {}
                },
                "templates": {
                    "dirs": {
                        "{{ cookiecutter.project_name }}": {
                            "dirs": {
                                "application": {
                                    "dirs": {
                                        "homepage": {
                                            "dirs": {},
                                            "files": {
                                                "homepage.html": {
                                                    "sha": "91d027319d12c989a1a5a92a657397662827eb8e"
                                                }
                                            }
                                        }
                                    },
                                    "files": {
                                        "core.html": {
                                            "sha": "540a17bb97f4bfb24884a16f8113ed50118390e1"
                                        }
                                    }
                                },
                                "auth": {
                                    "dirs": {},
                                    "files": {
                                        "core.html": {
                                            "sha": "39bc04bcb98b82b5b0583192017378ade80398eb"
                                        },
                                        "login.html": {
                                            "sha": "baaefae6bae49b16afc8add3c5fa429ce6edc951"
                                        }
                                    }
                                },
                                "shared": {
                                    "dirs": {
                                        "forms": {
                                            "dirs": {},
                                            "files": {
                                                "foundation_field.html": {
                                                    "sha": "44a8a1a55aa331bf3c698bfdbc48aa962e5976a7"
                                                }
                                            }
                                        },
                                        "partials": {
                                            "dirs": {},
                                            "files": {
                                                "messages.html": {
                                                    "sha": "451f61c0d09a0cf708b86719401e33eae126ed98"
                                                }
                                            }
                                        }
                                    },
                                    "files": {}
                                }
                            },
                            "files": {}
                        }
                    },
                    "files": {}
                },
                "{{ cookiecutter.project_name }}": {
                    "dirs": {
                        "development": {
                            "dirs": {},
                            "files": {
                                "__init__.py": {
                                    "sha": "e69de29bb2d1d6434b8b29ae775ad8c2e48c5391"
                                },
                                "settings.py": {
                                    "sha": "5725ead21f83bf3f0a78980b4ac82ef8abd05dab"
                                }
                            }
                        },
                        "general": {
                            "dirs": {},
                            "files": {
                                "__init__.py": {
                                    "sha": "e69de29bb2d1d6434b8b29ae775ad8c2e48c5391"
                                },
                                "caches.py": {
                                    "sha": "d48f60ae1d3ff006055cffbafaf45d09a8307418"
                                },
                                "settings.py": {
                                    "sha": "06664848a173e9cf8cc9c2251d0b40999b1d3578"
                                }
                            }
                        },
                        "live": {
                            "dirs": {},
                            "files": {
                                "__init__.py": {
                                    "sha": "e69de29bb2d1d6434b8b29ae775ad8c2e48c5391"
                                },
                                "databases.py": {
                                    "sha": "8c467f69fbab55d1b32f7046206606042082b31a"
                                },
                                "settings.py": {
                                    "sha": "4e4b69197b4683fe31719bdf7c0565e755954d7a"
                                }
                            }
                        },
                        "testing": {
                            "dirs": {},
                            "files": {
                                "__init__.py": {
                                    "sha": "e69de29bb2d1d6434b8b29ae775ad8c2e48c5391"
                                },
                                "databases.py": {
                                    "sha": "4ff00e832f352e18466424011966842fb11dd5aa"
                                },
                                "settings.py": {
                                    "sha": "f6f4662291122e39c3d5135deacdb22163d2238a"
                                }
                            }
                        },
                        "third_parties": {
                            "dirs": {},
                            "files": {
                                "__init__.py": {
                                    "sha": "e69de29bb2d1d6434b8b29ae775ad8c2e48c5391"
                                },
                                "blacklist_domains.py": {
                                    "sha": "b11da09973ea545ab6ec6ff06a6ea5fe6e72b4ea"
                                }
                            }
                        }
                    },
                    "files": {
                        "__init__.py": {
                            "sha": "e69de29bb2d1d6434b8b29ae775ad8c2e48c5391"
                        },
                        "asgi.py": {
                            "sha": "a8e2bd499a05060dce6b9f4c4549e8375e08f181"
                        },
                        "channel_layers.py": {
                            "sha": "34eca37922bfeda08d5c84922d038313ac044734"
                        },
                        "databases.py": {
                            "sha": "83e87c788e2d320ac754b857bbf9e94dd364a36a"
                        },
                        "routing.py": {
                            "sha": "fb2b6709d2ccef1009ded4f09cae5823aaa5fd6f"
                        },
                        "settings.py": {
                            "sha": "6f347f9b368d8771fc742892c84da8f59ef964b2"
                        },
                        "urls.py": {
                            "sha": "db752c366657a72617cb0cda17b004088aa7dade"
                        },
                        "utils.py": {
                            "sha": "b4369d094e75ce81ebc9ee29d3ba4c0d513a8bd4"
                        },
                        "wsgi.py": {
                            "sha": "8a22cc408d8c9c611a949650cbfdb0a7c25fdb91"
                        }
                    }
                }
            },
            "files": {
                "manage.py": {
                    "sha": "4b3799570f1af7414af0e34513e7b14347a6c46b"
                }
            }
        }
    },
    "files": {
        ".dockerignore": {
            "sha": "20f0b3ae813aca4647af45743805d61b8f1bd303"
        },
        ".editorconfig": {
            "sha": "babe237f3bab379287f430dde8ee73d2dca8a369"
        },
        ".gitattributes": {
            "sha": "ced3d708c8e7aae071bab0b3d97aa12fc6a77290"
        },
        ".gitignore": {
            "sha": "524a3d7c0ad0c5bd0eb29d884fde1d460de7c660"
        },
        ".markdownlint.json": {
            "sha": "ff86d8b42400c8a55cabe291e5281dce987ccc07"
        },
        ".pre-commit-config.yaml": {
            "sha": "8fbf013ec8eeb1c1153cb294e47fe99d43be472c"
        },
        "Dockerfile": {
            "sha": "a006e9681b1b8b9351f7522a5ae614b1854d39d9"
        },
        "LICENSE": {
            "sha": "73125d8c2229702f437dd66223833340479f8f6b"
        },
        "Makefile": {
            "sha": "0396b83db94e5cf28149420fde15df65a6061884"
        },
        "README.md": {
            "sha": "0cfab93d6dbb1a5e0dc94cfa1a6497b224be2c50"
        },
        "docker-compose.yml": {
            "sha": "a961e1c5efc54d2cb8cc5079992599403574d00e"
        },
        "mypy.ini": {
            "sha": "a816317e5a8a2a6bd7d257974dbd4126d9743e62"
        },
        "pytest.ini": {
            "sha": "6575e0fd0f6dcf749a32235b59ddbeaefe590038"
        },
        "unittest.yml": {
            "sha": "2a8d2e7a18f200ae1a3bc168b7753559e84789bf"
        }
    }
}