{
    "dirs": {
        ".github": {
            "dirs": {
                "workflows": {
                    "dirs": {},
                    "files": {
                        "auto-merge-dependabot.yml": {
                            "sha": "53024c380c9391ace7c00f5d059d7ef04082b7dc"
                        },
                        "ci.yml": {
                            "sha": "c91927140b7205bee9d51c636a35f9853066d0f4"
                        },
                        "constraints.txt": {
                            "sha": "e43a9dec34a6670c7e0af1482d08f971cfaeb99f"
                        },
                        "labeler.yml": {
                            "sha": "4ebef4db57a64292a47c0fed1f56e70ae4d12a01"
                        },
                        "publish_benchmarks.yml": {
                            "sha": "131ba9a78dd606b1818617e65853fec2c1deb01e"
                        },
                        "publish_log4brains.yml": {
                            "sha": "6100627ac3df408e9888f2a98e1107da3d48f86b"
                        },
                        "release.yml": {
                            "sha": "5f6dbfbed73fd693ec8376b1990bbc5dc7db7a41"
                        }
                    }
                }
            },
            "files": {
                "CODE_OF_CONDUCT.rst": {
                    "sha": "513005cc7a620e87b08abbb4053aa13ad228304a"
                },
                "CONTRIBUTING_GUIDE.rst": {
                    "sha": "24bc0e87e47f57d7dc397c9a9c533ca2042eb2b9"
                },
                "auto-merge.yml": {
                    "sha": "014461025accbdd8d380245c12e7d51cf46efe65"
                },
                "dependabot.yml": {
                    "sha": "adcca382e1b97f069cb4de2cd8f9397b0f668229"
                },
                "labels.yml": {
                    "sha": "8c0ee371ed0ef0cf0aa9340069a6ad01f5909336"
                },
                "release-drafter.yml": {
                    "sha": "6b4dbfaa9486f46a1ae8e65ebac7a44bf42012c5"
                }
            }
        },
        ".makefile": {
            "dirs": {},
            "files": {
                "docker.mk": {
                    "sha": "9ca6b2901d0194f90c0b4a30b3d8564f3fe4d330"
                },
                "docs.mk": {
                    "sha": "b809f96455a6d0dcfa24bc7a9be2eb8d9767728d"
                },
                "help.mk": {
                    "sha": "c781b6db1fa0bccb0f1a0dee9978ad3f17763cf6"
                },
                "project_orchestration.mk": {
                    "sha": "1db0ebea879dbc4d9ed751a2f7d97804348a6771"
                },
                "test.mk": {
                    "sha": "eb5d0d35008112aed00cb58ba1ba773072ddaae8"
                },
                "version_tags.mk": {
                    "sha": "57c87050be4e41de34d597b2d4f32603255e0e87"
                }
            }
        },
        "docs": {
            "dirs": {
                "source": {
                    "dirs": {
                        "_templates": {
                            "dirs": {
                                "python": {
                                    "dirs": {},
                                    "files": {
                                        "attribute.rst": {
                                            "sha": "ebaba555adcc9a1df3b26ac53312747f57d0cca6"
                                        },
                                        "class.rst": {
                                            "sha": "a791e3d61fd7842c24537346168e0cade7d2b40f"
                                        },
                                        "data.rst": {
                                            "sha": "89417f1e1527698f5b98c32afceb0e768448814a"
                                        },
                                        "exception.rst": {
                                            "sha": "92f3d38fd5fc6a89c11f2670934c4ec7479ab661"
                                        },
                                        "function.rst": {
                                            "sha": "6db8515c40d7c1b27512a2d08181be532ebb6156"
                                        },
                                        "method.rst": {
                                            "sha": "ff1b7767cdfbfbbb1cafc0e9876a2f1107d0f9f8"
                                        },
                                        "module.rst": {
                                            "sha": "8eafb4dd5fcee02923ab5505ebf6a6772f38cb24"
                                        },
                                        "package.rst": {
                                            "sha": "fb9a64965e99d05b86e461ff74a7faddc437a4a0"
                                        }
                                    }
                                }
                            },
                            "files": {
                                "index.rst": {
                                    "sha": "a0d783847ebcbce148ac6a20af97d7d3d9eeb135"
                                }
                            }
                        },
                        "akm": {
                            "dirs": {
                                "l4b-static": {
                                    "dirs": {},
                                    "files": {
                                        "adr-workflow.png": {
                                            "sha": "582a02051cd541772fc281444a53e13022ae0649"
                                        }
                                    }
                                }
                            },
                            "files": {
                                "20210124-use-log4brains-to-manage-the-adrs.md": {
                                    "sha": "ca968eda1ac6b01259588a894a67a6e4af45d3a9"
                                },
                                "20210124-use-markdown-architectural-decision-records.md": {
                                    "sha": "f8c6761e69aa4f8ad1ede563f74e7ea4f6ccff95"
                                },
                                "README.md": {
                                    "sha": "7213b8108e27e666e991e1248d66b2bdfb5a3c75"
                                },
                                "index.md": {
                                    "sha": "015ccbbf957f3315d0bb228e3e75bd8a4ed68154"
                                },
                                "template.md": {
                                    "sha": "ec2e5ef90b4b48ce78f8dc81e29bd71d76ccb83e"
                                }
                            }
                        },
                        "production-readiness-checklist": {
                            "dirs": {
                                ".github": {
                                    "dirs": {},
                                    "files": {
                                        "CODEOWNERS": {
                                            "sha": "e69de29bb2d1d6434b8b29ae775ad8c2e48c5391"
                                        },
                                        "CONTRIBUTING.md": {
                                            "sha": "e69de29bb2d1d6434b8b29ae775ad8c2e48c5391"
                                        },
                                        "PULL_REQUEST_TEMPLATE.md": {
                                            "sha": "e69de29bb2d1d6434b8b29ae775ad8c2e48c5391"
                                        }
                                    }
                                },
                                "docs": {
                                    "dirs": {
                                        "concepts": {
                                            "dirs": {},
                                            "files": {
                                                "auto-scaling.md": {
                                                    "sha": "99da75a4470632955a10189a95c729d4d7a74315"
                                                },
                                                "automated-build.md": {
                                                    "sha": "e3195ead40a81e68de4349103fb35ea42d7dff27"
                                                },
                                                "automated-rollback.md": {
                                                    "sha": "5108c960bd1565b8a80a2df2a4ffb7a9989fb3b7"
                                                },
                                                "automatic-backups.md": {
                                                    "sha": "6f160f69a90e17cc43c6b109518a99671fae1790"
                                                },
                                                "automatic-build.md": {
                                                    "sha": "200727a69dbd1f962e5aa8c8ce26e4a568968ec5"
                                                },
                                                "capacity-planning.md": {
                                                    "sha": "ebf4aabf9856eaa0f48638a8de6ebbbd4f9f1cd1"
                                                },
                                                "container-lifecycle-hooks-pre-stop.md": {
                                                    "sha": "6aaec5c5595c3e5a677d375c7ac67997dc6a0399"
                                                },
                                                "deploy-order.md": {
                                                    "sha": "79d181a1592308686f5d4ec23be440f8d63ba5b4"
                                                },
                                                "design-doc.md": {
                                                    "sha": "46a38be37fef2712616b49118c1800fb8b9bf34f"
                                                },
                                                "exclusive-data-ownership.md": {
                                                    "sha": "2c5df2cd04f492c95e6af1aa88e271e742e2873b"
                                                },
                                                "graceful-degradation.md": {
                                                    "sha": "73073da71d46f589de80269289b795e634176ac7"
                                                },
                                                "graceful-shutdown.md": {
                                                    "sha": "7ae238cac8712ad828bd712ae26b48a799e97318"
                                                },
                                                "gradual-deploy.md": {
                                                    "sha": "ff28bc81af13b6f255c9e1c70fa16867ba3a6e00"
                                                },
                                                "index.md": {
                                                    "sha": "68c7f53ac72824e13bf112a238f9a6f070316630"
                                                },
                                                "liveness-probe.md": {
                                                    "sha": "6763980d6bef54824344b1aa5f9ca4aad3f512ac"
                                                },
                                                "non-sensitive-log.md": {
                                                    "sha": "763f5d0c89dc6457406469c25e2b4c89b32827f8"
                                                },
                                                "pod-disruption-budget.md": {
                                                    "sha": "e48f873ce76cd89434767ecd3bcf442c96fd579e"
                                                },
                                                "readiness-probe.md": {
                                                    "sha": "51f370d5dc65632440e2d0aaee890c874c3828bd"
                                                },
                                                "request-id.md": {
                                                    "sha": "d045949fea8cc67605576cf974dddd5f00b5b63f"
                                                },
                                                "resource-requests-and-limits.md": {
                                                    "sha": "103f48f624f15f49343eca8c14f329ed1ddc0196"
                                                },
                                                "secrets.md": {
                                                    "sha": "98924aefe9726f42df14bdb33bfb68ab65750a2b"
                                                },
                                                "slo.md": {
                                                    "sha": "51fd9706e48c7eed7fe4d80387fd4c8b35240744"
                                                },
                                                "smart-retries.md": {
                                                    "sha": "94ea1cf05fa32c4d23dec30d040425d913628b81"
                                                },
                                                "stateless-server.md": {
                                                    "sha": "a061a4b308c7dcbb8709ca06c87239e442160039"
                                                },
                                                "zero-downtime-deploy.md": {
                                                    "sha": "303794a156c63406be4860b8ad73b4b7af96c137"
                                                }
                                            }
                                        },
                                        "guides": {
                                            "dirs": {},
                                            "files": {
                                                "check-production-readiness.md": {
                                                    "sha": "4a1e6ba3a68899898372f5e95e69ce477db5a7e2"
                                                },
                                                "configure-liveness-probe.md": {
                                                    "sha": "d04133d83c9e1dc476341c53ab50ccb3e8e03070"
                                                },
                                                "configure-pod-disruption-budget.md": {
                                                    "sha": "a95aaf7d5457b5b0f340c4985c7a69ac36fc2da6"
                                                },
                                                "configure-pre-stop.md": {
                                                    "sha": "6184b629fa16cf062f45c3b3d4cc51b09d755047"
                                                },
                                                "configure-rolling-update.md": {
                                                    "sha": "6ae92c0f40858caff6357b0e5753960d9c3ccbc8"
                                                },
                                                "configure-tracing.md": {
                                                    "sha": "5b5c2c24e2a7e8909faa001577f015f45fbf66a0"
                                                },
                                                "index.md": {
                                                    "sha": "2d66c0c0e7a18739b3e71523a7008da3ebb41e77"
                                                }
                                            }
                                        },
                                        "references": {
                                            "dirs": {},
                                            "files": {
                                                "container-log-format.md": {
                                                    "sha": "39bfd40e92b7ea92bf7916f406ebd4ab2b4e60cc"
                                                },
                                                "design-checklist.md": {
                                                    "sha": "f829cc178e30dd10a7fa97b7a45af58694af0feb"
                                                },
                                                "design-doc-template.md": {
                                                    "sha": "0901dff43dbb93cdd0893d51c249ee4d0d99d047"
                                                },
                                                "index.md": {
                                                    "sha": "0aea710969d43a3e19b63cf7f014162125fbec50"
                                                },
                                                "pre-production-checklist.md": {
                                                    "sha": "c67373fab1ebdbbfe571b3b336c20e98c3415338"
                                                },
                                                "production-readiness-checklist.md": {
                                                    "sha": "2a1f015af10c7ea9e6ba82d0bc2f068997530ad4"
                                                },
                                                "production-readiness-level.md": {
                                                    "sha": "a0d5044173f7f43526782dbde3ec1b11e94eb13b"
                                                }
                                            }
                                        }
                                    },
                                    "files": {}
                                }
                            },
                            "files": {
                                "LICENSE": {
                                    "sha": "1843a3a48e2e4561e568937d9fa07020003d0cb3"
                                },
                                "README.md": {
                                    "sha": "0e2b7ff3fee2f0c414867c7446f6c73e8699625d"
                                }
                            }
                        }
                    },
                    "files": {
                        ".env": {
                            "sha": "5b52bb44a01d60f78443d0266c7a9be524563570"
                        },
                        "adr.md": {
                            "sha": "5476c2a3e5ca526e8ffdd3863c61925366214603"
                        },
                        "changelog.rst": {
                            "sha": "2622acc15973f5054a3ba7ce31d75a97dc204887"
                        },
                        "codeofconduct.rst": {
                            "sha": "583e8a6d0587f03e528f81b72b9789c41b9f9e90"
                        },
                        "conf.py": {
                            "sha": "0cc9c1bd7c48659f975efd888e369fc55b5002fd"
                        },
                        "contributing.rst": {
                            "sha": "f1745c00ddb934623bc7fd1f20652cbde9575096"
                        },
                        "docutils.conf": {
                            "sha": "564b248bcb0089e62e712a546ababc0ecd8ec014"
                        },
                        "global.rst": {
                            "sha": "711b9c82150d2fdca43333267824f8da35759f0f"
                        },
                        "index.md": {
                            "sha": "93b413c565c6c88eac46c4b52d5d13501e0d8824"
                        },
                        "license.rst": {
                            "sha": "0a3b8703d568a951119da2630fb387fb9fb83854"
                        },
                        "production-readiness-checklist.md": {
                            "sha": "6da87e599bc7dba2e9d0dc240b45971bacc427f0"
                        },
                        "readme.md": {
                            "sha": "38b6b5077b303f8c88b6d17fb951af148bbbc502"
                        }
                    }
                }
            },
            "files": {
                "Makefile": {
                    "sha": "cfc73e9967bdbac0290b6f85dd3649eb1dd401d9"
                },
                "requirements.txt": {
                    "sha": "cd6ffb2817c3e56abc046056ac6c3dfbc767bcb6"
                }
            }
        },
        "tests": {
            "dirs": {},
            "files": {
                "__init__.py": {
                    "sha": "9a17e0cd0992a23feaa28d2528e64b40eea8f495"
                },
                "conftest.py": {
                    "sha": "a4d98b21a17a0be2b574ea0579fc2e28ac9a8206"
                },
                "test_main.py": {
                    "sha": "00273aab74daef1770b875b768c707b83955e8c8"
                },
                "utils.py": {
                    "sha": "208bd21db168fa011a54d51f21c1eb9a98b5e4ee"
                }
            }
        },
        "{{cookiecutter.package_name}}": {
            "dirs": {},
            "files": {
                "__init__.py": {
                    "sha": "1c4bdfafced7de481af97b6ae947bb590cd56ba8"
                },
                "entrypoint": {
                    "sha": "f74ff349cc4d9da29cc28e04e69ef1a9d6bfa435"
                },
                "example.ipynb": {
                    "sha": "1a7969fff85f6c98d2a4a4cdb6c57377b4034492"
                },
                "main.py": {
                    "sha": "ab4604fbbfe08d53fc78ed24a15e4812da117f08"
                },
                "py.typed": {
                    "sha": "e69de29bb2d1d6434b8b29ae775ad8c2e48c5391"
                }
            }
        }
    },
    "files": {
        ".env": {
            "sha": "f6faef8753a0375548ff68520e6c64efe80b0be3"
        },
        ".gitattributes": {
            "sha": "65945fab37614fe278ff8f03e40e0d21a2efe0a3"
        },
        ".gitignore": {
            "sha": "7061e3c4e452cb229a4a4966bd7109735b2d2472"
        },
        ".log4brains.yml": {
            "sha": "f4d6b3dbc5444aa1b29bf0c1336b60b0d788edb8"
        },
        ".pre-commit-config.yaml": {
            "sha": "d03a190ecded12ab794dc32c887fcf4c734a1285"
        },
        ".readthedocs.yml": {
            "sha": "14bd807077db4e6470e69665ea7b5b73c5935563"
        },
        "Dockerfile": {
            "sha": "13a9b96e280421411d2148ca26cb00b9679da809"
        },
        "LICENSE": {
            "sha": "261eeb9e9f8b2b4b0d119366dda99c6fd7d35c64"
        },
        "Makefile": {
            "sha": "9f2b0916dcdfb8281eaafc451ee33e690cbd4ad6"
        },
        "README.md": {
            "sha": "bc25e7b6e89d425fbad3bef867c6f14d0248b774"
        },
        "build.py": {
            "sha": "d35acfc3f56ac2c1e188151ce5393bfabcdb20c2"
        },
        "codecov.yml": {
            "sha": "0f31c685903dc90d254ec9ffbac0eee7bd30e51f"
        },
        "pyproject.toml": {
            "sha": "2ccde1259fa67dd35c3d0499d89a469099a30f82"
        },
        "tox.ini": {
            "sha": "ebf741494000eb46e10b6454a9362ed0f4e6eb2f"
        }
    }
}