{
    "dirs": {
        ".github": {
            "dirs": {
                "workflows": {
                    "dirs": {},
                    "files": {
                        "checkov.yml": {
                            "sha": "0d3f37b34233fa5934afba615583d3431a29945e"
                        },
                        "documentation.yml": {
                            "sha": "1b224da3e5bb67e184a3037662154709a32976f7"
                        },
                        "formatting.yml": {
                            "sha": "0d4239d0c45d81c995d91e4f0574e31578281fe3"
                        },
                        "terraform_tests.yml": {
                            "sha": "1f7dfec2cb1d55d78bbf855e974f518ad717c98e"
                        },
                        "terratest.yml": {
                            "sha": "6088e2b2424b045887bbaa527c467cef44d51872"
                        },
                        "tflint.yml": {
                            "sha": "0cd37afdb2ae8c28021ddecd66864eff682fc364"
                        },
                        "trivy.yml": {
                            "sha": "e5eb910578ab17786e39bb01db5fecf62bbbd891"
                        },
                        "validation.yml": {
                            "sha": "cbde91872f1f92e8a1fde75cde32e5aa8fb77477"
                        }
                    }
                }
            },
            "files": {
                "dependabot.yml": {
                    "sha": "718572bf274e28059aecf43e0960b95001d146e8"
                }
            }
        },
        "examples": {
            "dirs": {
                "basic": {
                    "dirs": {
                        "tests": {
                            "dirs": {},
                            "files": {
                                "basic.tftest.hcl": {
                                    "sha": "28b2162e88bc3f5976bb71f3a811421f94ec97c9"
                                }
                            }
                        }
                    },
                    "files": {
                        "main.tf": {
                            "sha": "0130b0a35bccdca763bd4a2b9d8c556198c9f7a1"
                        }
                    }
                }
            },
            "files": {}
        },
        "terratest": {
            "dirs": {},
            "files": {
                "basic_test.go": {
                    "sha": "181fd840669d70f65277d2e1f7c6328f3c7c4ac3"
                }
            }
        },
        "tests": {
            "dirs": {},
            "files": {
                "basic.tftest.hcl": {
                    "sha": "4b9dce82a10a944092efca84209a7643e212c47d"
                }
            }
        }
    },
    "files": {
        ".gitignore": {
            "sha": "6304eb3c1114d4e1a6a7dfa39bbde83e9f8715b6"
        },
        ".opentofu-version": {
            "sha": "4131bf4bc6c60dc363c02853f057a3443df3eb86"
        },
        ".pre-commit-config.yaml": {
            "sha": "cf896517841f4ae41b457779a5749c23a9db5eaa"
        },
        ".terraform-docs.yml": {
            "sha": "68a1abd4559d451c8e7430d3992d819866b22847"
        },
        ".terraform-version": {
            "sha": "4131bf4bc6c60dc363c02853f057a3443df3eb86"
        },
        ".tflint.hcl": {
            "sha": "d383b8ba1d81bc3c72c5c179efed4ba9d5f4e650"
        },
        "LICENSE": {
            "sha": "e843fece183a354df6bb508bcc8880f80401fda9"
        },
        "README.md": {
            "sha": "d6402c5a1941635fb64823110f727e79ce09de6b"
        },
        "main.tf": {
            "sha": "3d73a5567e6e1cb553977d33125051f2bdbdf32d"
        },
        "makefile": {
            "sha": "b5c96e98ce271188f376de389f84f4ac1bdbbf0f"
        },
        "outputs.tf": {
            "sha": "c6da53ce3d89395b5dcda252348472dad87d41fb"
        },
        "providers.tf": {
            "sha": "fdde25b6e01634f8500434f485b23fd7db14dbdb"
        },
        "variables.tf": {
            "sha": "39703dc0eafa6641864a9604a1a85fb1b0a13c77"
        }
    }
}