{
    "dirs": {
        ".github": {
            "dirs": {
                "ISSUE_TEMPLATE": {
                    "dirs": {},
                    "files": {
                        "bug_report.md": {
                            "sha": "bdd7677911670b9aaf903e35074441a007392911"
                        },
                        "config.yml": {
                            "sha": "8f2da5489e290e6e55426eaeac2234c61f21f638"
                        },
                        "feature_request.md": {
                            "sha": "c387120fb0d7f5af81c9f008310d9b9101aa0c03"
                        },
                        "question.md": {
                            "sha": "64b32f72073a182f3532b2723d02f9423540bd72"
                        }
                    }
                },
                "workflows": {
                    "dirs": {},
                    "files": {
                        "build.yml": {
                            "sha": "ce565d06f325dcd79237defe478d7c4280d1e5ab"
                        },
                        "greetings.yml": {
                            "sha": "3792fe96d0ecf5b21709ac180e175588b17a37e2"
                        },
                        "release-drafter.yml": {
                            "sha": "d15e5f1e4329d78c2ec9685bfc6ff32400491cf8"
                        }
                    }
                }
            },
            "files": {
                ".stale.yml": {
                    "sha": "dc90e5a1c3aad4818a813606b52fdecd2fdf6782"
                },
                "PULL_REQUEST_TEMPLATE.md": {
                    "sha": "1b350f4cf0fce2f7534e5003c914dfb76797c1c9"
                },
                "dependabot.yml": {
                    "sha": "f6c346e11383c8a53581007baceaf95a3a33fdc8"
                },
                "release-drafter.yml": {
                    "sha": "0ce0984f5b69d655f3ea4b362d3db2e061e659af"
                }
            }
        },
        "_licences": {
            "dirs": {},
            "files": {
                "apache.txt": {
                    "sha": "99d519732e2c3128e3c5fa89bb16f06a702b6cfb"
                },
                "bsd3.txt": {
                    "sha": "dee0f2231ac2e0597a7278f848703e7486e5ee51"
                },
                "gpl3.txt": {
                    "sha": "e587591e143165eb560c2385f0652ac369fc6595"
                },
                "mit.txt": {
                    "sha": "868bdb7773508a5940018ea92bd61dc21f3d03f8"
                }
            }
        },
        "assets": {
            "dirs": {
                "images": {
                    "dirs": {},
                    "files": {
                        "coverage.svg": {
                            "sha": "0644a48b3c4a82123af7f3657a3b0ab32ca5b70e"
                        }
                    }
                }
            },
            "files": {}
        },
        "docker": {
            "dirs": {},
            "files": {
                "Dockerfile": {
                    "sha": "b6ae019d2e7477f1a0a906c15276aeaf85a61dbd"
                },
                "README.md": {
                    "sha": "3aaba473b7f6314ab461cad191a0aec3bb2914aa"
                }
            }
        },
        "tests": {
            "dirs": {
                "test_example": {
                    "dirs": {},
                    "files": {
                        "test_hello.py": {
                            "sha": "556ade0b815ac8e0f589f875ee06320e4ddd9eb7"
                        }
                    }
                }
            },
            "files": {}
        },
        "{{ cookiecutter.project_name.lower().replace(' ', '_').replace('-', '_') }}": {
            "dirs": {},
            "files": {
                "__init__.py": {
                    "sha": "7ae0c183ad0ddfc6a40032ea3bb6faa5e58c6194"
                },
                "__main__.py": {
                    "sha": "6f1183c2f2462510ff4f1b7031be587f2cc0f1f5"
                },
                "example.py": {
                    "sha": "3df5ba10b22651fde209127694ec046a15e4c793"
                }
            }
        }
    },
    "files": {
        ".dockerignore": {
            "sha": "6be1e24464663272264d38b30a2d0e5f07e496f6"
        },
        ".editorconfig": {
            "sha": "7f578f157bd16ba08eb2361b68b7764ccfdde654"
        },
        ".gitignore": {
            "sha": "3bb56d4e5d8e84a2779d5a8ceb22721930ab8382"
        },
        ".pre-commit-config.yaml": {
            "sha": "12dead059d3541a9ac04f2ce3f9c7cb1029cea9d"
        },
        "CODE_OF_CONDUCT.md": {
            "sha": "9a1b0312aeb29743605f718196de6517faa2dd92"
        },
        "CONTRIBUTING.md": {
            "sha": "16e880e26994bb735b15a26fd9053d1efdb6aca8"
        },
        "Makefile": {
            "sha": "f12de0076666a3fa81e47e43afe30d9b1535e09c"
        },
        "README.md": {
            "sha": "162033b8bccd775b3d6396187e7b520d2fd9e8ed"
        },
        "SECURITY.md": {
            "sha": "47e0ba086cccbce328a94e115c40bb59c89cc2c4"
        },
        "cookiecutter-config-file.yml": {
            "sha": "d03535f67641d96aaf8f502aede1e53f2cd99540"
        },
        "pyproject.toml": {
            "sha": "535e78cd3bdfc1ab79abce9544bc6ed06e42725e"
        },
        "setup.cfg": {
            "sha": "3c46a08cc586b2766265ecb33f45b7f280fca8ba"
        }
    }
}