{
    "dirs": {
        "Sources": {
            "dirs": {
                "Controllers": {
                    "dirs": {},
                    "files": {
                        ".gitkeep": {
                            "sha": "e69de29bb2d1d6434b8b29ae775ad8c2e48c5391"
                        },
                        "AppDelegate.swift": {
                            "sha": "32e5c71f3b735f815d53b83f7a00807a88b1ac51"
                        }
                    }
                },
                "Extensions": {
                    "dirs": {},
                    "files": {
                        ".gitkeep": {
                            "sha": "e69de29bb2d1d6434b8b29ae775ad8c2e48c5391"
                        }
                    }
                },
                "Models": {
                    "dirs": {},
                    "files": {
                        ".gitkeep": {
                            "sha": "e69de29bb2d1d6434b8b29ae775ad8c2e48c5391"
                        }
                    }
                },
                "Protocols": {
                    "dirs": {},
                    "files": {
                        ".gitkeep": {
                            "sha": "e69de29bb2d1d6434b8b29ae775ad8c2e48c5391"
                        }
                    }
                },
                "Resources": {
                    "dirs": {
                        "Images.xcassets": {
                            "dirs": {
                                "AppIcon.appiconset": {
                                    "dirs": {},
                                    "files": {
                                        "Contents.json": {
                                            "sha": "b8236c65348164bf01a6f5e909f07ea57ade94ce"
                                        }
                                    }
                                }
                            },
                            "files": {}
                        },
                        "Nibs": {
                            "dirs": {},
                            "files": {
                                ".gitkeep": {
                                    "sha": "e69de29bb2d1d6434b8b29ae775ad8c2e48c5391"
                                },
                                "LaunchScreen.xib": {
                                    "sha": "6efd9df8a8b34e4fe1fbd9b61aea2d4b6739cab5"
                                }
                            }
                        },
                        "Other-Sources": {
                            "dirs": {},
                            "files": {
                                ".gitkeep": {
                                    "sha": "e69de29bb2d1d6434b8b29ae775ad8c2e48c5391"
                                },
                                "Info.plist": {
                                    "sha": "f439a8f1d6677abdd8cf0fd4622749a79a9a77d9"
                                }
                            }
                        },
                        "Storyboards": {
                            "dirs": {},
                            "files": {
                                ".gitkeep": {
                                    "sha": "e69de29bb2d1d6434b8b29ae775ad8c2e48c5391"
                                },
                                "Main.storyboard": {
                                    "sha": "8b6abd018e3473b7c2d45235e7b01159a82815ae"
                                }
                            }
                        }
                    },
                    "files": {
                        ".gitkeep": {
                            "sha": "e69de29bb2d1d6434b8b29ae775ad8c2e48c5391"
                        }
                    }
                },
                "ViewModels": {
                    "dirs": {},
                    "files": {
                        ".gitkeep": {
                            "sha": "e69de29bb2d1d6434b8b29ae775ad8c2e48c5391"
                        }
                    }
                },
                "Views": {
                    "dirs": {},
                    "files": {
                        ".gitkeep": {
                            "sha": "e69de29bb2d1d6434b8b29ae775ad8c2e48c5391"
                        }
                    }
                }
            },
            "files": {
                ".gitkeep": {
                    "sha": "e69de29bb2d1d6434b8b29ae775ad8c2e48c5391"
                }
            }
        },
        "Tests": {
            "dirs": {
                "Helpers": {
                    "dirs": {},
                    "files": {
                        ".gitkeep": {
                            "sha": "e69de29bb2d1d6434b8b29ae775ad8c2e48c5391"
                        }
                    }
                },
                "Resources": {
                    "dirs": {},
                    "files": {
                        ".gitkeep": {
                            "sha": "e69de29bb2d1d6434b8b29ae775ad8c2e48c5391"
                        },
                        "Info.plist": {
                            "sha": "da1a90d79df272776e8c4613d2b94d95c4690ddd"
                        }
                    }
                },
                "Tests": {
                    "dirs": {},
                    "files": {
                        ".gitkeep": {
                            "sha": "e69de29bb2d1d6434b8b29ae775ad8c2e48c5391"
                        },
                        "SampleSpec.swift": {
                            "sha": "a714fc05ccd73ea33f158e15d6462e61037ba6df"
                        }
                    }
                }
            },
            "files": {
                ".gitkeep": {
                    "sha": "e69de29bb2d1d6434b8b29ae775ad8c2e48c5391"
                }
            }
        },
        "bin": {
            "dirs": {},
            "files": {
                "bootstrap": {
                    "sha": "4166a7d6fec317fa13ea3f6dff1a454976291e41"
                },
                "bootstrap-if-needed": {
                    "sha": "c49a31d193deaf77fc2a7d677062d0e36986ab21"
                },
                "setup": {
                    "sha": "b520e13a0134ecadbd7fd9ad18465db2a4840129"
                },
                "test": {
                    "sha": "a5fa9b522143b253399009aba74e094de872efb3"
                },
                "update": {
                    "sha": "5f5008b92db379f9704d3d7d64b2193bd9b72567"
                }
            }
        },
        "{{ cookiecutter.project_name }}.xcodeproj": {
            "dirs": {
                "project.xcworkspace": {
                    "dirs": {},
                    "files": {
                        "contents.xcworkspacedata": {
                            "sha": "919434a6254f0e9651f402737811be6634a03e9c"
                        }
                    }
                },
                "xcshareddata": {
                    "dirs": {
                        "xcschemes": {
                            "dirs": {},
                            "files": {
                                "{{ cookiecutter.project_name }}.xcscheme": {
                                    "sha": "fdae1bee0c280b735dbdcc7cb09b521ae6a28a9b"
                                }
                            }
                        }
                    },
                    "files": {}
                }
            },
            "files": {
                "project.pbxproj": {
                    "sha": "50f67060398d320d50bb1c8c410b989bd3053063"
                }
            }
        }
    },
    "files": {
        ".gitattributes": {
            "sha": "8e45d030f7a0f0bb2da33d6b4595a25c4834f60a"
        },
        ".gitignore": {
            "sha": "31f20f6d7fd8782b6cddf0a6a2e6f995baa61360"
        },
        ".vimrc": {
            "sha": "b32befcd66f4a81b04f39e21f57350e01ddeb90b"
        },
        "Cartfile": {
            "sha": "a3c9ed3d75bf55de3a271d8d9577501742c96250"
        },
        "Cartfile.private": {
            "sha": "dcad08e008cd4efd960db44a7f5373791290b8ba"
        },
        "Gemfile": {
            "sha": "7e68dd24a844919d7056544419ef6ae43ef38989"
        },
        "README.md": {
            "sha": "20be65bc08054b00d3c130fe08095ee2f7c03bb7"
        },
        "circle.yml": {
            "sha": "dca01ea65768e99b800e618f17bec57220534056"
        }
    }
}