{
    "dirs": {
        "__mocks__": {
            "dirs": {},
            "files": {
                "redux-mock-store.js": {
                    "sha": "7be68ca507f8ee8d48e7255f05cc92dbf614b388"
                }
            }
        },
        "__tests__": {
            "dirs": {},
            "files": {
                "example.test.js": {
                    "sha": "0b10ed0e9a1039c1dfe50f6cfd3115cd5a32632e"
                },
                "index.js": {
                    "sha": "7506840813fb704ace7e33a2ba11faa45786a486"
                }
            }
        },
        "android": {
            "dirs": {
                "app": {
                    "dirs": {
                        "src": {
                            "dirs": {
                                "main": {
                                    "dirs": {
                                        "java": {
                                            "dirs": {
                                                "{{cookiecutter.package_path}}": {
                                                    "dirs": {},
                                                    "files": {
                                                        "MainActivity.java": {
                                                            "sha": "0733d5d9d6c01db4f8c43a7b97ccce8a0cb276d7"
                                                        },
                                                        "MainApplication.java": {
                                                            "sha": "e6c6841f5826bfaa9a3beddaa1905abd33e8df92"
                                                        }
                                                    }
                                                }
                                            },
                                            "files": {}
                                        },
                                        "res": {
                                            "dirs": {
                                                "mipmap-hdpi": {
                                                    "dirs": {},
                                                    "files": {
                                                        "ic_launcher.png": {
                                                            "sha": "cde69bcccec65160d92116f20ffce4fce0b5245c"
                                                        }
                                                    }
                                                },
                                                "mipmap-mdpi": {
                                                    "dirs": {},
                                                    "files": {
                                                        "ic_launcher.png": {
                                                            "sha": "c133a0cbd379f5af6dbf1a899a0293ca5eccfad0"
                                                        }
                                                    }
                                                },
                                                "mipmap-xhdpi": {
                                                    "dirs": {},
                                                    "files": {
                                                        "ic_launcher.png": {
                                                            "sha": "bfa42f0e7b91d006d22352c9ff2f134e504e3c1d"
                                                        }
                                                    }
                                                },
                                                "mipmap-xxhdpi": {
                                                    "dirs": {},
                                                    "files": {
                                                        "ic_launcher.png": {
                                                            "sha": "324e72cdd7480cb983fa1bcc7ce686e51ef87fe7"
                                                        }
                                                    }
                                                },
                                                "values": {
                                                    "dirs": {},
                                                    "files": {
                                                        "strings.xml": {
                                                            "sha": "0c25cc6f5b76924a1e8305589bb50a078a07f9b9"
                                                        },
                                                        "styles.xml": {
                                                            "sha": "319eb0ca100b5aae62b669a5f375ec234aabe351"
                                                        }
                                                    }
                                                }
                                            },
                                            "files": {}
                                        }
                                    },
                                    "files": {
                                        "AndroidManifest.xml": {
                                            "sha": "fcbb85ac639cdcbc83ce737526cbf4ed6ecaa0bf"
                                        }
                                    }
                                }
                            },
                            "files": {}
                        }
                    },
                    "files": {
                        "BUCK": {
                            "sha": "665cd3fff1f5708292f8e26006fd1a94684e5576"
                        },
                        "build.gradle": {
                            "sha": "fd55a1802bce393158475dd99071c8cbe3096206"
                        },
                        "proguard-rules.pro": {
                            "sha": "6e8516c8d6dd4be650e22c4eea0ffa579688b183"
                        }
                    }
                },
                "gradle": {
                    "dirs": {
                        "wrapper": {
                            "dirs": {},
                            "files": {
                                "gradle-wrapper.jar": {
                                    "sha": "b5166dad4d90021f6a0b45268c0755719f1d5cd4"
                                },
                                "gradle-wrapper.properties": {
                                    "sha": "dbdc05d274d7db3ec07d9e03cadc6079eed2c60b"
                                }
                            }
                        }
                    },
                    "files": {}
                },
                "keystores": {
                    "dirs": {},
                    "files": {
                        "BUCK": {
                            "sha": "88e4c31b28d497a79bf6c92d9d5d05c589b03886"
                        },
                        "debug.keystore.properties": {
                            "sha": "121bfb49f0dfda7b85011c9d1442c9b9f940c9bb"
                        }
                    }
                }
            },
            "files": {
                "build.gradle": {
                    "sha": "eed9972b5c13ea781f87b5aa6c065900984713ad"
                },
                "gradle.properties": {
                    "sha": "1fd964e90b1c5ec50e26364318e2c872a9dd6154"
                },
                "gradlew": {
                    "sha": "91a7e269e19dfc62e27137a0b57ef3e430cee4fd"
                },
                "gradlew.bat": {
                    "sha": "8a0b282aa6885fb573c106b3551f7275c5f17e8e"
                },
                "settings.gradle": {
                    "sha": "fcfa4c14933a231da44133d48a4896df0d1e65b1"
                }
            }
        },
        "app": {
            "dirs": {
                "components": {
                    "dirs": {},
                    "files": {
                        "app.js": {
                            "sha": "f9e01d215699fc9c95b54801c0d36d96719da87a"
                        },
                        "index.js": {
                            "sha": "43884e716629fa29ff85b897893c8377738ead1e"
                        }
                    }
                },
                "redux": {
                    "dirs": {
                        "modules": {
                            "dirs": {
                                "__tests__": {
                                    "dirs": {
                                        "__snapshots__": {
                                            "dirs": {},
                                            "files": {
                                                "counter.js.snap": {
                                                    "sha": "78e037f7a72fbee97e17bf0b12ff69bf8e4e5726"
                                                }
                                            }
                                        }
                                    },
                                    "files": {
                                        "counter.js": {
                                            "sha": "7154df448760882e4a0507d2b21c98c6c8e7f01a"
                                        }
                                    }
                                }
                            },
                            "files": {
                                "counter.js": {
                                    "sha": "712cf87b9f6a9a6ef10de84a3289e3306f5d3f11"
                                },
                                "index.js": {
                                    "sha": "52b72763f1da9a1e8e645fa257ee3a22a6938d6d"
                                }
                            }
                        }
                    },
                    "files": {
                        "store.js": {
                            "sha": "7e00a8d06cfa6b7ec0af2a74d5a80eb45287a545"
                        }
                    }
                },
                "screens": {
                    "dirs": {},
                    "files": {
                        "counter.js": {
                            "sha": "9ec32898fa4fa3421ad0ade82ec53ac8596f0f5f"
                        },
                        "index.js": {
                            "sha": "39ea3656d03eb8dda3454d2093f6a4be20af5102"
                        },
                        "welcome.js": {
                            "sha": "a16b059adbe617b4dd586e59644658ae903bf995"
                        }
                    }
                }
            },
            "files": {
                "index.js": {
                    "sha": "964813d6d68fdf09f0cfa932390d3afdf2eb7573"
                },
                "routes.js": {
                    "sha": "cbfa66c3859898d49ff7c708ac96766116c180d2"
                },
                "styles.js": {
                    "sha": "558843eb89c2924bc973b2076cc4208ccc14f628"
                }
            }
        },
        "bin": {
            "dirs": {},
            "files": {
                "setup": {
                    "sha": "8027b07cb9c039ce44cd94df61c71dbad3944af2"
                },
                "test": {
                    "sha": "873fd99fa22b78f283a32fbc2944f7d1e0bbc0f6"
                }
            }
        },
        "fastlane": {
            "dirs": {},
            "files": {
                "Fastfile": {
                    "sha": "eda34533f2162a2b4daede5d73ab90355b41746e"
                },
                "README.md": {
                    "sha": "d0d3dacb5e5e75067da3cc81115e532a4d443599"
                }
            }
        },
        "ios": {
            "dirs": {
                "{{cookiecutter.project_name}}.xcodeproj": {
                    "dirs": {
                        "xcshareddata": {
                            "dirs": {
                                "xcschemes": {
                                    "dirs": {},
                                    "files": {
                                        "{{cookiecutter.project_name}}.xcscheme": {
                                            "sha": "958b1bb97f7a13bf65167735aa4e1046918f9c8d"
                                        }
                                    }
                                }
                            },
                            "files": {}
                        }
                    },
                    "files": {
                        "project.pbxproj": {
                            "sha": "75decf48255729de80309b026302ce9051d20847"
                        }
                    }
                },
                "{{cookiecutter.project_name}}": {
                    "dirs": {
                        "Base.lproj": {
                            "dirs": {},
                            "files": {
                                "LaunchScreen.xib": {
                                    "sha": "c797ccbbe8da19e5749898a8907d87063ca46f08"
                                }
                            }
                        },
                        "Images.xcassets": {
                            "dirs": {
                                "AppIcon.appiconset": {
                                    "dirs": {},
                                    "files": {
                                        "Contents.json": {
                                            "sha": "d3942e941ae81d006f4727f620f8857e24853525"
                                        }
                                    }
                                }
                            },
                            "files": {}
                        }
                    },
                    "files": {
                        "AppDelegate.h": {
                            "sha": "a9654d5e01b18c52fc334bdec2a796ce7e055dbf"
                        },
                        "AppDelegate.m": {
                            "sha": "ff71eca21ad5ae356dbc3329c0b867d79005c85b"
                        },
                        "Info.plist": {
                            "sha": "2b6c2e2db5d7aa869b4534984e9e57b4bc4706de"
                        },
                        "main.m": {
                            "sha": "3d767fcbb9fced39e810debe402ff7f1ed523d34"
                        }
                    }
                },
                "{{cookiecutter.project_name}}Tests": {
                    "dirs": {},
                    "files": {
                        "Info.plist": {
                            "sha": "33b7a24588e00c5db06f2df6cd7340fa9ebf98d3"
                        },
                        "{{cookiecutter.project_name}}Tests.m": {
                            "sha": "cf58f716c5f28a103858c5cb13d66dbd8ebc7c16"
                        }
                    }
                }
            },
            "files": {}
        }
    },
    "files": {
        ".babelrc": {
            "sha": "a9ce1369e617e9dd840b286a2dd62c2b031b958e"
        },
        ".buckconfig": {
            "sha": "934256cb29d4a3616c740861c6af35ff6a165917"
        },
        ".eslintrc.json": {
            "sha": "87ef51b92006677be3a3f55908c887962cdaab0c"
        },
        ".flowconfig": {
            "sha": "694b7203d3c63a309f822aace2212ff226520900"
        },
        ".gitattributes": {
            "sha": "d42ff18354df611a7cd2c52f852e9afc579bb194"
        },
        ".gitignore": {
            "sha": "d3d9d1a0fac59f73bb55d3730a3cd4de99e57f93"
        },
        ".prettierrc": {
            "sha": "757fd64caa9e1093af0eef0b8db0a014136bf838"
        },
        ".sample.env": {
            "sha": "75f3b5892fb48bc478b2ad558e02e051a36b7e15"
        },
        ".vimrc": {
            "sha": "b37b91e73541e0f7a32dfbd9931d4397c3d76bd5"
        },
        ".watchmanconfig": {
            "sha": "9e26dfeeb6e641a33dae4961196235bdb965b21b"
        },
        "Gemfile": {
            "sha": "7a118b49be750543e59f7b9c55123e11322b00c6"
        },
        "Gemfile.lock": {
            "sha": "ca2aa78d5fe689acd5b135612f19df69c4a57d37"
        },
        "README.md": {
            "sha": "220cb55d26ef58a53e283ae7a283de6fd84f3395"
        },
        "app.json": {
            "sha": "eb299989823ca3cd066f106d51ec866620e0b51c"
        },
        "circle.yml": {
            "sha": "4912613a4376c157a3deea6a65874637cc9e37c5"
        },
        "index.android.js": {
            "sha": "a1fc66c6b18ab230469a24acf8d8a3e2bf2f03ca"
        },
        "index.ios.js": {
            "sha": "a1fc66c6b18ab230469a24acf8d8a3e2bf2f03ca"
        },
        "jest-setup.js": {
            "sha": "b5c79323b55ff5e732a8773d0c78181a42e37299"
        },
        "package.json": {
            "sha": "3fe1dc3f1b01fba5071fa72f95fc50c072fee37b"
        },
        "yarn.lock": {
            "sha": "309b69c959f326016b0f34f0c0ffd68ad90056c9"
        }
    }
}