{
    "dirs": {
        "backend": {
            "dirs": {
                "app": {
                    "dirs": {
                        "app": {
                            "dirs": {
                                "api": {
                                    "dirs": {
                                        "api_v1": {
                                            "dirs": {
                                                "endpoints": {
                                                    "dirs": {},
                                                    "files": {
                                                        "__init__.py": {
                                                            "sha": "e69de29bb2d1d6434b8b29ae775ad8c2e48c5391"
                                                        },
                                                        "items.py": {
                                                            "sha": "194ee2b49f80185ce876e10fef95b99a8a6b7e29"
                                                        },
                                                        "login.py": {
                                                            "sha": "d028f5581b223c882ffbeac7c60cb3bd10b6d429"
                                                        },
                                                        "roles.py": {
                                                            "sha": "a5c0c621e56de1decdeacff2733584810a057467"
                                                        },
                                                        "users.py": {
                                                            "sha": "63eb106469828286dd4d38a1f8a802bd998938e2"
                                                        },
                                                        "utils.py": {
                                                            "sha": "308a527ad75f7fc722357d6455887b933666f750"
                                                        }
                                                    }
                                                }
                                            },
                                            "files": {
                                                "__init__.py": {
                                                    "sha": "e69de29bb2d1d6434b8b29ae775ad8c2e48c5391"
                                                },
                                                "api.py": {
                                                    "sha": "f4ac95fbec4e4631a53165c06e1ec5e63f501c7a"
                                                }
                                            }
                                        },
                                        "utils": {
                                            "dirs": {},
                                            "files": {
                                                "__init__.py": {
                                                    "sha": "e69de29bb2d1d6434b8b29ae775ad8c2e48c5391"
                                                },
                                                "security.py": {
                                                    "sha": "4d59abd16e47fb6d6421cea9f7feca6bc43886e1"
                                                }
                                            }
                                        }
                                    },
                                    "files": {
                                        "__init__.py": {
                                            "sha": "e69de29bb2d1d6434b8b29ae775ad8c2e48c5391"
                                        }
                                    }
                                },
                                "core": {
                                    "dirs": {},
                                    "files": {
                                        "__init__.py": {
                                            "sha": "e69de29bb2d1d6434b8b29ae775ad8c2e48c5391"
                                        },
                                        "celery_app.py": {
                                            "sha": "0477d145894dd87a24f343ca71bc4634147790f4"
                                        },
                                        "config.py": {
                                            "sha": "d01e45ead960606997a17c8ef092b073c394d8c5"
                                        },
                                        "jwt.py": {
                                            "sha": "4dc283555b86e5e00fabe3573cdb36bf0875a642"
                                        },
                                        "security.py": {
                                            "sha": "8d2a49f3a4156cbe8e2d67ee6803854c858fb66a"
                                        }
                                    }
                                },
                                "crud": {
                                    "dirs": {},
                                    "files": {
                                        "__init__.py": {
                                            "sha": "1bc5b1a1d92c10849330055978d85032249af3d1"
                                        },
                                        "item.py": {
                                            "sha": "fe142cec9f8fdaa0e56ee2211ba88c5db8bd28e2"
                                        },
                                        "user.py": {
                                            "sha": "d85104cdefc6eabe1ad397436e4353f15164e5d2"
                                        },
                                        "utils.py": {
                                            "sha": "4295a994f40a2dd17451618f4859484877130aa7"
                                        }
                                    }
                                },
                                "db": {
                                    "dirs": {},
                                    "files": {
                                        "__init__.py": {
                                            "sha": "e69de29bb2d1d6434b8b29ae775ad8c2e48c5391"
                                        },
                                        "couchbase_utils.py": {
                                            "sha": "faccf6146e29bbca08b1a4c8e1e997bdc3e83afe"
                                        },
                                        "database.py": {
                                            "sha": "ee245538391ed3faa506d56f2aaac5a81319cbd0"
                                        },
                                        "full_text_search_utils.py": {
                                            "sha": "f8d45fa4a04e133b7e01d95761a34650f32012d9"
                                        },
                                        "init_db.py": {
                                            "sha": "fa74beaa1b6cd527a158929a195fdde51bfc0672"
                                        }
                                    }
                                },
                                "email-templates": {
                                    "dirs": {
                                        "build": {
                                            "dirs": {},
                                            "files": {
                                                "new_account.html": {
                                                    "sha": "395c7bd1565794a309c479f5e1a9102bb5717484"
                                                },
                                                "reset_password.html": {
                                                    "sha": "7fbf368b9fcd66fa1a63cf1b67bb902334a56cb4"
                                                },
                                                "test_email.html": {
                                                    "sha": "294d576623addc7a6296ac622a271cbbdd336414"
                                                }
                                            }
                                        },
                                        "src": {
                                            "dirs": {},
                                            "files": {
                                                "new_account.mjml": {
                                                    "sha": "16c033b07834d38d216bee271e47c1b8b57db9bf"
                                                },
                                                "reset_password.mjml": {
                                                    "sha": "4f45ea285b7c5c7a29fcbaceb5e32328c8464043"
                                                },
                                                "test_email.mjml": {
                                                    "sha": "5b9baa4594690423506f89cb35d9038045a57caa"
                                                }
                                            }
                                        }
                                    },
                                    "files": {}
                                },
                                "models": {
                                    "dirs": {},
                                    "files": {
                                        "__init__.py": {
                                            "sha": "e69de29bb2d1d6434b8b29ae775ad8c2e48c5391"
                                        },
                                        "config.py": {
                                            "sha": "810612ef007b6bf6e22d2df61000b1a3842ee450"
                                        },
                                        "item.py": {
                                            "sha": "63855bffae3c293536c1c86f62e22ffb0463b1dc"
                                        },
                                        "msg.py": {
                                            "sha": "945e0c627bc183f8a0ee0aa736c0a1d8d54cd895"
                                        },
                                        "role.py": {
                                            "sha": "789013e15a067ecb43640f62c5499aeafaa43db0"
                                        },
                                        "token.py": {
                                            "sha": "764765f8fa63b5504bd4267f89591916614b1f79"
                                        },
                                        "user.py": {
                                            "sha": "328783bf7425e166186b9de80856b22693368e62"
                                        }
                                    }
                                },
                                "search_index_definitions": {
                                    "dirs": {},
                                    "files": {
                                        "items.json": {
                                            "sha": "870a716706ff96ec751054e89bd6a06b3abcfa3f"
                                        },
                                        "items_01.json": {
                                            "sha": "34f60dfe7164200425f8bd5b1a96ec98fc775cc6"
                                        },
                                        "users.json": {
                                            "sha": "55c9a402b3f2eefe75ad730f2759e53f43e0cbae"
                                        },
                                        "users_01.json": {
                                            "sha": "e297177b0daeb5a0e7a8e045b60674320b8d3906"
                                        }
                                    }
                                },
                                "tests": {
                                    "dirs": {
                                        "api": {
                                            "dirs": {
                                                "api_v1": {
                                                    "dirs": {},
                                                    "files": {
                                                        "__init__.py": {
                                                            "sha": "e69de29bb2d1d6434b8b29ae775ad8c2e48c5391"
                                                        },
                                                        "test_celery.py": {
                                                            "sha": "2270243c72fda305ba4c780f911deae1e795d37a"
                                                        },
                                                        "test_items.py": {
                                                            "sha": "c148afa4ea4a14ad8ce3cdde1c041039b6ab6b59"
                                                        },
                                                        "test_login.py": {
                                                            "sha": "08ba2eb84896a17df37610dd5550e31fc55e4844"
                                                        },
                                                        "test_users.py": {
                                                            "sha": "c56784f715646586e3f8ba88c715745fd434f924"
                                                        }
                                                    }
                                                }
                                            },
                                            "files": {
                                                "__init__.py": {
                                                    "sha": "e69de29bb2d1d6434b8b29ae775ad8c2e48c5391"
                                                }
                                            }
                                        },
                                        "crud": {
                                            "dirs": {},
                                            "files": {
                                                "__init__.py": {
                                                    "sha": "e69de29bb2d1d6434b8b29ae775ad8c2e48c5391"
                                                },
                                                "test_get_ids.py": {
                                                    "sha": "933d0ae50f867c66d03de2c264847e7735965d99"
                                                },
                                                "test_item.py": {
                                                    "sha": "c2d36fb4456d02f1a3cbf08824eb8cded948400d"
                                                },
                                                "test_user.py": {
                                                    "sha": "5a45a23040676c99316c06be43dc165cdab2fe63"
                                                }
                                            }
                                        },
                                        "utils": {
                                            "dirs": {},
                                            "files": {
                                                "__init__.py": {
                                                    "sha": "e69de29bb2d1d6434b8b29ae775ad8c2e48c5391"
                                                },
                                                "item.py": {
                                                    "sha": "304c15cb28eb96b87e786ef5bf7ea8cf8be8cc04"
                                                },
                                                "user.py": {
                                                    "sha": "e20a33c460bfb43ad638a0ba146526fff4a44c78"
                                                },
                                                "utils.py": {
                                                    "sha": "9a8dd169521fdaf9133215195e8b9796ea9c3f71"
                                                }
                                            }
                                        }
                                    },
                                    "files": {
                                        ".gitignore": {
                                            "sha": "16d3c4dbbfec555a7690fe6a0f9f812de215fab2"
                                        },
                                        "__init__.py": {
                                            "sha": "e69de29bb2d1d6434b8b29ae775ad8c2e48c5391"
                                        },
                                        "conftest.py": {
                                            "sha": "e383ed183f7cdf310023d0e4b1c754b165abbbcb"
                                        }
                                    }
                                }
                            },
                            "files": {
                                "__init__.py": {
                                    "sha": "e69de29bb2d1d6434b8b29ae775ad8c2e48c5391"
                                },
                                "backend_pre_start.py": {
                                    "sha": "e6b6bb80dc41d38bf725462094974db6511d86db"
                                },
                                "celeryworker_pre_start.py": {
                                    "sha": "f11db651c143d0f55b2af629dde8faedfbd39787"
                                },
                                "main.py": {
                                    "sha": "751470363cffd0b0a18e6ff28349a80d8892976a"
                                },
                                "tests_pre_start.py": {
                                    "sha": "eaae325bb21ab00ffedd67cede8f52de2c335211"
                                },
                                "utils.py": {
                                    "sha": "952ac20f6a2374edc15f1d89682dc7bf3186984c"
                                },
                                "worker.py": {
                                    "sha": "82bc5a1ce0b05193b68effa0cd572c1cfab92431"
                                }
                            }
                        },
                        "scripts": {
                            "dirs": {},
                            "files": {
                                "lint.sh": {
                                    "sha": "11184afd99211670327d006b1109ae6444bd3779"
                                }
                            }
                        }
                    },
                    "files": {
                        "Pipfile": {
                            "sha": "224ff57631215e6ea4184a3980aded9509786695"
                        },
                        "prestart.sh": {
                            "sha": "f95ea915f65ff07156aadeb08cb62e2c7207a43b"
                        },
                        "tests-start.sh": {
                            "sha": "a500dfb2e56d26d4f91119abf21e6e27c896376f"
                        },
                        "worker-start.sh": {
                            "sha": "172f08e6f81eead5d52150d22d2796953ac592e8"
                        }
                    }
                }
            },
            "files": {
                ".gitignore": {
                    "sha": "bee8a64b79a99590d5303307144172cfe824fbf7"
                },
                "backend.dockerfile": {
                    "sha": "ce13347a5ab4cb7eae251e26e5eb8fe4890a2b92"
                },
                "celeryworker.dockerfile": {
                    "sha": "b7375543993eed0327a3e4d08f4e951806127229"
                },
                "tests.dockerfile": {
                    "sha": "e53e2bad4d6308b586ac339ad4729bd127ba2351"
                }
            }
        },
        "frontend": {
            "dirs": {
                "public": {
                    "dirs": {
                        "img": {
                            "dirs": {
                                "icons": {
                                    "dirs": {},
                                    "files": {
                                        "android-chrome-192x192.png": {
                                            "sha": "b02aa64d97167ad649e496908b35f14c603d9249"
                                        },
                                        "android-chrome-512x512.png": {
                                            "sha": "06088b011eccebb820b6e8de0cd244aa443208ba"
                                        },
                                        "apple-touch-icon-120x120.png": {
                                            "sha": "1427cf62752646ad7217df0a61aa01fdef7475d1"
                                        },
                                        "apple-touch-icon-152x152.png": {
                                            "sha": "f24d454a2ecb8851bb893192b64ee09386d30e24"
                                        },
                                        "apple-touch-icon-180x180.png": {
                                            "sha": "404e192a95ccccbede087203c42b1f25f6bc6e67"
                                        },
                                        "apple-touch-icon-60x60.png": {
                                            "sha": "cf10a5602e653bb126332934e2b7f34081c19a01"
                                        },
                                        "apple-touch-icon-76x76.png": {
                                            "sha": "c500769e3df9d6a6f1977ace8be4e63a8095e36a"
                                        },
                                        "apple-touch-icon.png": {
                                            "sha": "03c0c5d5ec302ed7b0ee2c401df9427fb9d3c117"
                                        },
                                        "favicon-16x16.png": {
                                            "sha": "42af00963d81b8e39a30435c60ac482d1f8756e0"
                                        },
                                        "favicon-32x32.png": {
                                            "sha": "46ca04dee251a4fa85a2891a145fbe20cc619d96"
                                        },
                                        "msapplication-icon-144x144.png": {
                                            "sha": "7808237a18d4009501f950044f8388d13c5e1044"
                                        },
                                        "mstile-150x150.png": {
                                            "sha": "3b37a43ae2fdef53050291d95da2e49f78cf398e"
                                        },
                                        "safari-pinned-tab.svg": {
                                            "sha": "732afd8eb0aa8d33d077e92bb148901b454b40a1"
                                        }
                                    }
                                }
                            },
                            "files": {}
                        }
                    },
                    "files": {
                        "favicon.ico": {
                            "sha": "c7b9a43c8cd16d0b434adaf513fcacb340809a11"
                        },
                        "index.html": {
                            "sha": "cad5aa7efa07994ffe95a7901880a6b43b8eac3d"
                        },
                        "manifest.json": {
                            "sha": "8ce10b9116018d65f1ea05624e9d58189a583130"
                        },
                        "robots.txt": {
                            "sha": "eb0536286f3081c6c0646817037faf5446e3547d"
                        }
                    }
                },
                "src": {
                    "dirs": {
                        "assets": {
                            "dirs": {},
                            "files": {
                                "logo.png": {
                                    "sha": "f3d2503fc2a44b5053b0837ebea6e87a2d339a43"
                                }
                            }
                        },
                        "components": {
                            "dirs": {},
                            "files": {
                                "NotificationsManager.vue": {
                                    "sha": "6fcffdb789f84c72b4a836e30bf71b5e29becd50"
                                },
                                "RouterComponent.vue": {
                                    "sha": "ed986a6fda9fd2849c6e52fa8ad804301e46921e"
                                },
                                "UploadButton.vue": {
                                    "sha": "8902e949e94f7c55337d895ec6e0f375a1d6b961"
                                }
                            }
                        },
                        "interfaces": {
                            "dirs": {},
                            "files": {
                                "index.ts": {
                                    "sha": "9ef4cfebc68218ea03b3d4f703225ce83dac2c71"
                                }
                            }
                        },
                        "plugins": {
                            "dirs": {},
                            "files": {
                                "vee-validate.ts": {
                                    "sha": "9c4238f2f7d53cc48ffa51dd40fb45c3ff2d23ca"
                                },
                                "vuetify.ts": {
                                    "sha": "8fdfce3a4a1a5c35910bedf8df9d077c2e72aed7"
                                }
                            }
                        },
                        "store": {
                            "dirs": {
                                "admin": {
                                    "dirs": {},
                                    "files": {
                                        "actions.ts": {
                                            "sha": "739094dd4c408cca01c19e259ea1ca768097373a"
                                        },
                                        "getters.ts": {
                                            "sha": "35738d18bf6d607854a6ba9666125935d27353b1"
                                        },
                                        "index.ts": {
                                            "sha": "fb29a1ca7755174fb41e267f857110700ac7c1e5"
                                        },
                                        "mutations.ts": {
                                            "sha": "17868f11f3b111c8eb6d1cb7ccba23d8908e91fe"
                                        },
                                        "state.ts": {
                                            "sha": "fc4ac8fc5115194c9ccce8a81a4377802799b3f4"
                                        }
                                    }
                                },
                                "main": {
                                    "dirs": {},
                                    "files": {
                                        "actions.ts": {
                                            "sha": "d02c06d53cc33d6669f8707c9f9ca1a2b0785b24"
                                        },
                                        "getters.ts": {
                                            "sha": "b43e48db8192be122b69d5b979b0c26fee1b0199"
                                        },
                                        "index.ts": {
                                            "sha": "56ba1a0c2f5448026e5bb4089065dacf4cfdc8b9"
                                        },
                                        "mutations.ts": {
                                            "sha": "3e9c8ba2c0566e2fc01e652edd9a27a60ee72975"
                                        },
                                        "state.ts": {
                                            "sha": "be24b63ae9c24745bc2508b0b89c82184326af2a"
                                        }
                                    }
                                }
                            },
                            "files": {
                                "index.ts": {
                                    "sha": "10899715257a5be66255749341be437b9a8f2a56"
                                },
                                "state.ts": {
                                    "sha": "ecec111cd8dc4cb523efc833f0d2a19615b7a941"
                                }
                            }
                        },
                        "views": {
                            "dirs": {
                                "main": {
                                    "dirs": {
                                        "admin": {
                                            "dirs": {},
                                            "files": {
                                                "Admin.vue": {
                                                    "sha": "1301335a63504c3e168a89ab24dbe04cc43f5b5f"
                                                },
                                                "AdminUsers.vue": {
                                                    "sha": "2b72cc35b8f9f457a64ca8bc3f01938cde9f7790"
                                                },
                                                "CreateUser.vue": {
                                                    "sha": "25d7bd3d8804eb78f11ce217e1d19518f55bad4e"
                                                },
                                                "EditUser.vue": {
                                                    "sha": "677d629bd210cab89e18f5ce57f32fe5da56bfab"
                                                }
                                            }
                                        },
                                        "profile": {
                                            "dirs": {},
                                            "files": {
                                                "UserProfile.vue": {
                                                    "sha": "3315124b2829b8e997e4363cf06aa7890f679e8d"
                                                },
                                                "UserProfileEdit.vue": {
                                                    "sha": "06981b5a79298679609f7a7776aa1450858716f3"
                                                },
                                                "UserProfileEditPassword.vue": {
                                                    "sha": "5c25ce35cb2fe9c2190392b9a392ef044898cf58"
                                                }
                                            }
                                        }
                                    },
                                    "files": {
                                        "Dashboard.vue": {
                                            "sha": "7227e4716bb5e2fdfc81b4a7e37d734d0c636f71"
                                        },
                                        "Main.vue": {
                                            "sha": "846d93bd40547eb3cb7f375a85a43cf2df94f49c"
                                        },
                                        "Start.vue": {
                                            "sha": "71eeaafeffc79649a5578143af5c80589203dae7"
                                        }
                                    }
                                }
                            },
                            "files": {
                                "Login.vue": {
                                    "sha": "28bcb5965ec332f4c153dbb61f9981c48a318620"
                                },
                                "PasswordRecovery.vue": {
                                    "sha": "bc1a7ade3f47002822997f440163e4f8188706c2"
                                },
                                "ResetPassword.vue": {
                                    "sha": "3e680eb171b88adb2bb3d60d4d166109cbfde809"
                                }
                            }
                        }
                    },
                    "files": {
                        "App.vue": {
                            "sha": "795a97c955f1698d1ff0b0cbbeb0d3c65dc369c9"
                        },
                        "api.ts": {
                            "sha": "1592213cebeea0159ac7ecb6c9efbfc618473665"
                        },
                        "component-hooks.ts": {
                            "sha": "cefdc537bb049e0608e4c31857d4086ea0ef4ed4"
                        },
                        "env.ts": {
                            "sha": "b3387e69bce35cde805e7b2bd2725632867aa7f0"
                        },
                        "main.ts": {
                            "sha": "a844b1eab89110944469b21fe6aa64e4157f47a0"
                        },
                        "registerServiceWorker.ts": {
                            "sha": "d3db583898e6fd7278d6d1d1156e3fa8fa249c38"
                        },
                        "router.ts": {
                            "sha": "27057a1b0e340146eb5d14f2850829ccecbefa55"
                        },
                        "shims-tsx.d.ts": {
                            "sha": "3b88b58292fa668f5f84089a7960dc9a826d96ff"
                        },
                        "shims-vue.d.ts": {
                            "sha": "8f6f4102637123d7e5696be9ff5776d810334a90"
                        },
                        "utils.ts": {
                            "sha": "ade11b6a2e59c1d492a2dafb5c8f8017f88d0dde"
                        }
                    }
                },
                "tests": {
                    "dirs": {
                        "unit": {
                            "dirs": {},
                            "files": {
                                "upload-button.spec.ts": {
                                    "sha": "b40eed7bea09101fb8d27ca1d3d417aeeef34a0c"
                                }
                            }
                        }
                    },
                    "files": {}
                }
            },
            "files": {
                ".dockerignore": {
                    "sha": "3c3629e647f5ddf82548912e337bea9826b434af"
                },
                ".env": {
                    "sha": "adaf3306e2c157885b00263fab6190414d22d881"
                },
                ".gitignore": {
                    "sha": "185e6631928dca2f51224e61a3861cc88fa2b74e"
                },
                "Dockerfile": {
                    "sha": "75157e0968eca78a4c9df193436a3d5fac6263e9"
                },
                "README.md": {
                    "sha": "60e84fbb39f97a46e061ac32a84bdbb18e056563"
                },
                "babel.config.js": {
                    "sha": "932df2811f77340e8223335ec99b3f43cc9a4dbe"
                },
                "nginx-backend-not-found.conf": {
                    "sha": "f6fea66358072fd0dff2ef50127a1e866a152fb0"
                },
                "package.json": {
                    "sha": "f1f52324079a0ab32c4c5e398d24ffcd73006837"
                },
                "tsconfig.json": {
                    "sha": "88cfbc31d8fed8b815abfd77513c52ecc302eaa0"
                },
                "tslint.json": {
                    "sha": "2b37e401c3d6d00ca253ca75a0b602ebe886e6ea"
                },
                "vue.config.js": {
                    "sha": "140713412fd78328d7049fbaf62a75e97909a73c"
                }
            }
        },
        "scripts": {
            "dirs": {},
            "files": {
                "build-push.sh": {
                    "sha": "5fdcdd2c7f7ac6876008490a411e5fe99eeed9e3"
                },
                "build.sh": {
                    "sha": "a76f3c22078507872cc95d18266fe7e1409ffb54"
                },
                "deploy.sh": {
                    "sha": "3e24f9e1f91ef0462ff1814ca53accfbbbc71b5b"
                },
                "test-local.sh": {
                    "sha": "221d15a12f6ca6cd4bcdade459e314f3fab1ea87"
                },
                "test.sh": {
                    "sha": "c226f73891df8a26b609de6dc2193dbb5e4b58cd"
                }
            }
        },
        "sync-gateway": {
            "dirs": {
                "sync": {
                    "dirs": {},
                    "files": {
                        "sync-function.js": {
                            "sha": "0b8a935d15d83456ef771b1e6dbe53a65cf2cc4c"
                        }
                    }
                }
            },
            "files": {
                "Dockerfile": {
                    "sha": "3ef1a7f0cdcee342e9178267eb9c43a0d97782ff"
                },
                "create_config.py": {
                    "sha": "5c4db163522b5e6477b31be682993a32f7ce88dc"
                },
                "entrypoint.sh": {
                    "sha": "4aab557d58640533a0b04cd57d569f7c7ef9e0b4"
                }
            }
        }
    },
    "files": {
        ".env": {
            "sha": "2b6137cbb2188886801a98485e3ef1e5bf45aed7"
        },
        ".gitignore": {
            "sha": "1230031ec44dfe142866e6eb5cea3f01efefdc54"
        },
        ".gitlab-ci.yml": {
            "sha": "cd730c1b80ed1a474f7b2e60937b7d35fe59c6e2"
        },
        "README.md": {
            "sha": "85e2a0377560cc17ebf79f27bd5c1afb505cf513"
        },
        "cookiecutter-config-file.yml": {
            "sha": "684ec55723738971eeb45fdfcc793a60d02c62a2"
        },
        "docker-compose.deploy.build.yml": {
            "sha": "6ff7fb18409c36c3e311091755dc697c38732967"
        },
        "docker-compose.deploy.command.yml": {
            "sha": "141ee407beffa6f984149e5e2810f92270b08ee9"
        },
        "docker-compose.deploy.images.yml": {
            "sha": "b6748108251e916b262aa324734d9f4687e3b9e0"
        },
        "docker-compose.deploy.labels.yml": {
            "sha": "d0434ecbbb307f4688ea8e8003973f1b782da46a"
        },
        "docker-compose.deploy.networks.yml": {
            "sha": "1302ae2892eabeb59c7670f545a696983ae1d6e8"
        },
        "docker-compose.deploy.volumes-placement.yml": {
            "sha": "f959b902b9bd5d981a96968723cc6f834d6bca37"
        },
        "docker-compose.dev.build.yml": {
            "sha": "281076d5ba92d9f7426fda84b07be3742fdc26eb"
        },
        "docker-compose.dev.command.yml": {
            "sha": "3bddda8a491794445bd7d6e77a53bda3d3dd0f22"
        },
        "docker-compose.dev.env.yml": {
            "sha": "39b024849dac73283b5b84686292e68c63a22802"
        },
        "docker-compose.dev.labels.yml": {
            "sha": "46799e62b8319e94988ee2eea8a0c5fbf0ea6e55"
        },
        "docker-compose.dev.networks.yml": {
            "sha": "3a3990f11c0e19346d47b820c42dda11d9ea376a"
        },
        "docker-compose.dev.ports.yml": {
            "sha": "ad7fa15631b854875b784a6615c4af2db2ef0ef4"
        },
        "docker-compose.dev.volumes.yml": {
            "sha": "122b5af43d9bf88d275938533027cfb3f648e896"
        },
        "docker-compose.shared.admin.yml": {
            "sha": "0748a0e64af024e28a530f873a303030b4aa6a1e"
        },
        "docker-compose.shared.base-images.yml": {
            "sha": "a711d682ad189112f5247849066a52fc58c323d6"
        },
        "docker-compose.shared.depends.yml": {
            "sha": "a142a042a899f21dabdac2b3b00131f1a6014484"
        },
        "docker-compose.shared.env.yml": {
            "sha": "3db8243bbe266249c358bb7776d6af2c86f8dc15"
        },
        "docker-compose.test.yml": {
            "sha": "69f7c6c09a66f165a23f68efcd2e59add98155e7"
        },
        "env-backend.env": {
            "sha": "1cf217443637341df5f328b4f7c88fbd38311d4a"
        },
        "env-couchbase.env": {
            "sha": "f769d6dc37866ce5be96511dcd5069a78440b20c"
        },
        "env-flower.env": {
            "sha": "438f924eaaff71a55c8cf88c88a9e25ff9c97183"
        },
        "env-sync-gateway.env": {
            "sha": "a1303d90c09fc201a5aae6bf58b0e9818293af4e"
        }
    }
}