{
    "dirs": {
        "backend": {
            "dirs": {
                "app": {
                    "dirs": {
                        "alembic": {
                            "dirs": {
                                "versions": {
                                    "dirs": {},
                                    "files": {
                                        ".keep": {
                                            "sha": "e69de29bb2d1d6434b8b29ae775ad8c2e48c5391"
                                        },
                                        "a404eea364dc_first_revision.py": {
                                            "sha": "395598ab8cc3c48f615a92c320d6ab4ddad0e895"
                                        }
                                    }
                                }
                            },
                            "files": {
                                "README": {
                                    "sha": "98e4f9c44effe479ed38c66ba922e7bcc672916f"
                                },
                                "env.py": {
                                    "sha": "ae47ee586cc2f746836f32e3581d1a1751a19f37"
                                },
                                "script.py.mako": {
                                    "sha": "2c0156303a8df3ffdc9de87765bf801bf6bea4a5"
                                }
                            }
                        },
                        "app": {
                            "dirs": {
                                "api": {
                                    "dirs": {
                                        "api_v1": {
                                            "dirs": {
                                                "endpoints": {
                                                    "dirs": {},
                                                    "files": {
                                                        "__init__.py": {
                                                            "sha": "e69de29bb2d1d6434b8b29ae775ad8c2e48c5391"
                                                        },
                                                        "role.py": {
                                                            "sha": "a88c5518f33544cc58c33ca9604a4fb61e67806b"
                                                        },
                                                        "token.py": {
                                                            "sha": "bdf377b3117910edb3cd276a46df909848bf944e"
                                                        },
                                                        "user.py": {
                                                            "sha": "b5b0c8fc49af5709f913cd51f97bffba6cbc55da"
                                                        },
                                                        "utils.py": {
                                                            "sha": "1ff503bfc555494d2c6d7de954ad792d8607dcbd"
                                                        }
                                                    }
                                                }
                                            },
                                            "files": {
                                                "__init__.py": {
                                                    "sha": "e69de29bb2d1d6434b8b29ae775ad8c2e48c5391"
                                                },
                                                "api.py": {
                                                    "sha": "9d6ed238c8a3e3a0dcf3788e335c466bcccce490"
                                                },
                                                "api_docs.py": {
                                                    "sha": "c16cf89d1d7c5e43c7c161f73cd4e2111a317d62"
                                                }
                                            }
                                        }
                                    },
                                    "files": {
                                        "__init__.py": {
                                            "sha": "e69de29bb2d1d6434b8b29ae775ad8c2e48c5391"
                                        }
                                    }
                                },
                                "core": {
                                    "dirs": {},
                                    "files": {
                                        "__init__.py": {
                                            "sha": "e69de29bb2d1d6434b8b29ae775ad8c2e48c5391"
                                        },
                                        "app_setup.py": {
                                            "sha": "c16b7475df22dbb849d349b9b962af73a041d6f9"
                                        },
                                        "celery_app.py": {
                                            "sha": "0477d145894dd87a24f343ca71bc4634147790f4"
                                        },
                                        "config.py": {
                                            "sha": "ae0847bb5b94782766b90beeb78d807906efa1f7"
                                        },
                                        "cors.py": {
                                            "sha": "f0f4c7957d00e6f103e03b19e1e1d7851192ef0c"
                                        },
                                        "errors.py": {
                                            "sha": "5a2643a928db1aa0064bb78ad3186cef29b4d934"
                                        },
                                        "jwt.py": {
                                            "sha": "1dbbca6dd36523c982c8beab92938a171fef46c2"
                                        },
                                        "security.py": {
                                            "sha": "df7b6566f4bbc9cf49f150f3c01d819e47210e12"
                                        }
                                    }
                                },
                                "db": {
                                    "dirs": {},
                                    "files": {
                                        "__init__.py": {
                                            "sha": "e69de29bb2d1d6434b8b29ae775ad8c2e48c5391"
                                        },
                                        "base.py": {
                                            "sha": "340e58e7abdb618bbdffd7ff178f097614e4f725"
                                        },
                                        "base_class.py": {
                                            "sha": "2228a37c1242d91a4c455d067098ef470ea84151"
                                        },
                                        "external_session.py": {
                                            "sha": "97e5dbd249a34910d073aa9508c2c47ee445d723"
                                        },
                                        "flask_session.py": {
                                            "sha": "8bfe7527b7060898b3984cc9cda8fd5500ef8636"
                                        },
                                        "init_db.py": {
                                            "sha": "ace09f463b191ee2a7d12b90b6845b2c0cd81773"
                                        },
                                        "utils.py": {
                                            "sha": "a6abad72c95da1bec374aceea516dbc2f0275b83"
                                        }
                                    }
                                },
                                "models": {
                                    "dirs": {},
                                    "files": {
                                        "__init__.py": {
                                            "sha": "e69de29bb2d1d6434b8b29ae775ad8c2e48c5391"
                                        },
                                        "base_relations.py": {
                                            "sha": "934bba5fb29c7d74a3f80f09bd98dd68f0476963"
                                        },
                                        "role.py": {
                                            "sha": "b540ae796c5692fdfb2d70b453c43332a9f3e81b"
                                        },
                                        "user.py": {
                                            "sha": "38305f5c47f4d47f3b6c131d5b0c3870cc07e5c4"
                                        }
                                    }
                                },
                                "schemas": {
                                    "dirs": {},
                                    "files": {
                                        "__init__.py": {
                                            "sha": "e69de29bb2d1d6434b8b29ae775ad8c2e48c5391"
                                        },
                                        "base.py": {
                                            "sha": "a756ccd831fb095109c51def6b1e3949258f6c97"
                                        },
                                        "msg.py": {
                                            "sha": "4daeb365fc26a247f5153a6683af84207e06be39"
                                        },
                                        "role.py": {
                                            "sha": "f73e88052ea184704f7d5e3ba1ba61be8643b479"
                                        },
                                        "scalar.py": {
                                            "sha": "904921f3e9e5f49deace01ed842ee4b6ec7b3c8a"
                                        },
                                        "token.py": {
                                            "sha": "3270e0879934a9738be22ffcfbec4c9a8990432e"
                                        },
                                        "user.py": {
                                            "sha": "5886881dbfbd31ddc968c1aa0743ba6bd81e5ef3"
                                        }
                                    }
                                },
                                "tests": {
                                    "dirs": {
                                        "api": {
                                            "dirs": {
                                                "api_v1": {
                                                    "dirs": {
                                                        "celery": {
                                                            "dirs": {},
                                                            "files": {
                                                                "__init__.py": {
                                                                    "sha": "e69de29bb2d1d6434b8b29ae775ad8c2e48c5391"
                                                                },
                                                                "test_celery.py": {
                                                                    "sha": "c4894d9d5071a3e8668c3c4db2d4ad1f4ca2209e"
                                                                }
                                                            }
                                                        },
                                                        "token": {
                                                            "dirs": {},
                                                            "files": {
                                                                "__init__.py": {
                                                                    "sha": "e69de29bb2d1d6434b8b29ae775ad8c2e48c5391"
                                                                },
                                                                "test_token.py": {
                                                                    "sha": "b2177bd29f0f3ace5c923dbcd00d6d3f6361dc4a"
                                                                }
                                                            }
                                                        },
                                                        "user": {
                                                            "dirs": {},
                                                            "files": {
                                                                "__init__.py": {
                                                                    "sha": "e69de29bb2d1d6434b8b29ae775ad8c2e48c5391"
                                                                },
                                                                "test_user.py": {
                                                                    "sha": "3935bf330b4eabb169ae1357c76a4e74e0db6f00"
                                                                }
                                                            }
                                                        }
                                                    },
                                                    "files": {
                                                        "__init__.py": {
                                                            "sha": "e69de29bb2d1d6434b8b29ae775ad8c2e48c5391"
                                                        }
                                                    }
                                                }
                                            },
                                            "files": {
                                                "__init__.py": {
                                                    "sha": "e69de29bb2d1d6434b8b29ae775ad8c2e48c5391"
                                                }
                                            }
                                        },
                                        "crud": {
                                            "dirs": {},
                                            "files": {
                                                "__init__.py": {
                                                    "sha": "e69de29bb2d1d6434b8b29ae775ad8c2e48c5391"
                                                }
                                            }
                                        },
                                        "utils": {
                                            "dirs": {},
                                            "files": {
                                                "__init__.py": {
                                                    "sha": "e69de29bb2d1d6434b8b29ae775ad8c2e48c5391"
                                                },
                                                "user.py": {
                                                    "sha": "97151645641293083a6b0d07c96fa8b11650c7e8"
                                                },
                                                "utils.py": {
                                                    "sha": "02b5ca8dbb72214d56fe42d6d9cc540ba0a48cab"
                                                }
                                            }
                                        }
                                    },
                                    "files": {
                                        ".gitignore": {
                                            "sha": "16d3c4dbbfec555a7690fe6a0f9f812de215fab2"
                                        },
                                        "__init__.py": {
                                            "sha": "e69de29bb2d1d6434b8b29ae775ad8c2e48c5391"
                                        },
                                        "conftest.py": {
                                            "sha": "bfef72c52907c451ce67e2a4c4efc9e832be605b"
                                        }
                                    }
                                }
                            },
                            "files": {
                                "__init__.py": {
                                    "sha": "e69de29bb2d1d6434b8b29ae775ad8c2e48c5391"
                                },
                                "backend_pre_start.py": {
                                    "sha": "f762685cf2fa12be0ee7b132329c7f76c387a326"
                                },
                                "celeryworker_pre_start.py": {
                                    "sha": "8f5e67ff7cd3e2eef08e13628864e038f70268da"
                                },
                                "main.py": {
                                    "sha": "7daba1e5d809c65f919d07dba20ac5effbbfe9c9"
                                },
                                "tests_pre_start.py": {
                                    "sha": "a7f2041235e5b35bf67fe6381db08f39fab86f1c"
                                },
                                "worker.py": {
                                    "sha": "e28d18ecb12f5cae7b444c23fb83d121b91ff4ba"
                                }
                            }
                        }
                    },
                    "files": {
                        "alembic.ini": {
                            "sha": "61bc2fdcbf7f77b2197d232ca8222c7af5b03d66"
                        },
                        "prestart.sh": {
                            "sha": "08ef1ec982821a60370bb9d07afa8fba83cdd6ee"
                        },
                        "tests-start.sh": {
                            "sha": "1065fdc57acefef9239509ae930cc8f406038d37"
                        },
                        "uwsgi.ini": {
                            "sha": "f514897abfb8f6bcfd8a4dba939f455906c15762"
                        },
                        "worker-start.sh": {
                            "sha": "172f08e6f81eead5d52150d22d2796953ac592e8"
                        }
                    }
                }
            },
            "files": {
                ".gitignore": {
                    "sha": "3883e04873c192e455fc6ba86c0abd160d511f7d"
                },
                "backend.dockerfile": {
                    "sha": "5631be3849685e3f38f67e84e6ce40d11f412901"
                },
                "celeryworker.dockerfile": {
                    "sha": "d0bd16062c309806931aa13a8650ffb453a1b8b1"
                },
                "tests.dockerfile": {
                    "sha": "2292009bdedf2ff629727fc2577e7f89a7b446bf"
                }
            }
        },
        "frontend": {
            "dirs": {
                "public": {
                    "dirs": {
                        "img": {
                            "dirs": {
                                "icons": {
                                    "dirs": {},
                                    "files": {
                                        "android-chrome-192x192.png": {
                                            "sha": "b02aa64d97167ad649e496908b35f14c603d9249"
                                        },
                                        "android-chrome-512x512.png": {
                                            "sha": "06088b011eccebb820b6e8de0cd244aa443208ba"
                                        },
                                        "apple-touch-icon-120x120.png": {
                                            "sha": "1427cf62752646ad7217df0a61aa01fdef7475d1"
                                        },
                                        "apple-touch-icon-152x152.png": {
                                            "sha": "f24d454a2ecb8851bb893192b64ee09386d30e24"
                                        },
                                        "apple-touch-icon-180x180.png": {
                                            "sha": "404e192a95ccccbede087203c42b1f25f6bc6e67"
                                        },
                                        "apple-touch-icon-60x60.png": {
                                            "sha": "cf10a5602e653bb126332934e2b7f34081c19a01"
                                        },
                                        "apple-touch-icon-76x76.png": {
                                            "sha": "c500769e3df9d6a6f1977ace8be4e63a8095e36a"
                                        },
                                        "apple-touch-icon.png": {
                                            "sha": "03c0c5d5ec302ed7b0ee2c401df9427fb9d3c117"
                                        },
                                        "favicon-16x16.png": {
                                            "sha": "42af00963d81b8e39a30435c60ac482d1f8756e0"
                                        },
                                        "favicon-32x32.png": {
                                            "sha": "46ca04dee251a4fa85a2891a145fbe20cc619d96"
                                        },
                                        "msapplication-icon-144x144.png": {
                                            "sha": "7808237a18d4009501f950044f8388d13c5e1044"
                                        },
                                        "mstile-150x150.png": {
                                            "sha": "3b37a43ae2fdef53050291d95da2e49f78cf398e"
                                        },
                                        "safari-pinned-tab.svg": {
                                            "sha": "732afd8eb0aa8d33d077e92bb148901b454b40a1"
                                        }
                                    }
                                }
                            },
                            "files": {}
                        }
                    },
                    "files": {
                        "favicon.ico": {
                            "sha": "c7b9a43c8cd16d0b434adaf513fcacb340809a11"
                        },
                        "index.html": {
                            "sha": "cad5aa7efa07994ffe95a7901880a6b43b8eac3d"
                        },
                        "manifest.json": {
                            "sha": "8ce10b9116018d65f1ea05624e9d58189a583130"
                        },
                        "robots.txt": {
                            "sha": "eb0536286f3081c6c0646817037faf5446e3547d"
                        }
                    }
                },
                "src": {
                    "dirs": {
                        "assets": {
                            "dirs": {},
                            "files": {
                                "logo.png": {
                                    "sha": "f3d2503fc2a44b5053b0837ebea6e87a2d339a43"
                                }
                            }
                        },
                        "components": {
                            "dirs": {},
                            "files": {
                                "UploadButton.vue": {
                                    "sha": "8902e949e94f7c55337d895ec6e0f375a1d6b961"
                                }
                            }
                        },
                        "plugins": {
                            "dirs": {},
                            "files": {
                                "vuetify.ts": {
                                    "sha": "8fdfce3a4a1a5c35910bedf8df9d077c2e72aed7"
                                }
                            }
                        },
                        "views": {
                            "dirs": {},
                            "files": {
                                "Login.vue": {
                                    "sha": "2ff3552732ee5734f2519f15de32714c9aee417f"
                                },
                                "Main.vue": {
                                    "sha": "6e953a82b66cdf412609a072aee15d33f41a8af2"
                                },
                                "Start.vue": {
                                    "sha": "0e9381ba29f7ed2a99b669a0a7fa1a61b2fbd65a"
                                }
                            }
                        }
                    },
                    "files": {
                        "App.vue": {
                            "sha": "2571217c14bd364f0d9d1a3b653fb50e36d67846"
                        },
                        "api.ts": {
                            "sha": "7bd1706a979fd8866417c13babd930bdd68353ff"
                        },
                        "component-hooks.ts": {
                            "sha": "cefdc537bb049e0608e4c31857d4086ea0ef4ed4"
                        },
                        "env.ts": {
                            "sha": "b3387e69bce35cde805e7b2bd2725632867aa7f0"
                        },
                        "main.ts": {
                            "sha": "51665981a942f7d446f7e55a80a384acf9a35dfd"
                        },
                        "registerServiceWorker.ts": {
                            "sha": "d3db583898e6fd7278d6d1d1156e3fa8fa249c38"
                        },
                        "router.ts": {
                            "sha": "4d14d40d0b4745d86b3e0934c2530a5213fa1dde"
                        },
                        "shims-tsx.d.ts": {
                            "sha": "3b88b58292fa668f5f84089a7960dc9a826d96ff"
                        },
                        "shims-vue.d.ts": {
                            "sha": "8f6f4102637123d7e5696be9ff5776d810334a90"
                        },
                        "store.ts": {
                            "sha": "f7f4487ac2a6007a2f033e53306ae8ae74c3355b"
                        },
                        "utils.ts": {
                            "sha": "f8803d169ff209ae3105dc0fe8e10ab8c39267f1"
                        }
                    }
                },
                "tests": {
                    "dirs": {
                        "unit": {
                            "dirs": {},
                            "files": {
                                "upload-button.spec.ts": {
                                    "sha": "b40eed7bea09101fb8d27ca1d3d417aeeef34a0c"
                                }
                            }
                        }
                    },
                    "files": {}
                }
            },
            "files": {
                ".dockerignore": {
                    "sha": "3c3629e647f5ddf82548912e337bea9826b434af"
                },
                ".env": {
                    "sha": "adaf3306e2c157885b00263fab6190414d22d881"
                },
                ".gitignore": {
                    "sha": "185e6631928dca2f51224e61a3861cc88fa2b74e"
                },
                "Dockerfile": {
                    "sha": "fb25c36faf1e255bd61c812ec538267d0be32651"
                },
                "README.md": {
                    "sha": "60e84fbb39f97a46e061ac32a84bdbb18e056563"
                },
                "babel.config.js": {
                    "sha": "932df2811f77340e8223335ec99b3f43cc9a4dbe"
                },
                "package.json": {
                    "sha": "9b5d759424d289231870c305d4dd80fb57f2f1e9"
                },
                "tsconfig.json": {
                    "sha": "88cfbc31d8fed8b815abfd77513c52ecc302eaa0"
                },
                "tslint.json": {
                    "sha": "2b37e401c3d6d00ca253ca75a0b602ebe886e6ea"
                },
                "vue.config.js": {
                    "sha": "5239445155be24530678c77e875e8e0dd6a3ca57"
                }
            }
        }
    },
    "files": {
        ".env": {
            "sha": "483754c5b5424749422d3a44d6b01d394d1c6cf9"
        },
        ".gitignore": {
            "sha": "10f6182eda521939d9eaf90b180d56950a385748"
        },
        ".gitlab-ci.yml": {
            "sha": "68efa85a4d26ba9469771fb9230dd06d4dedb79d"
        },
        "README.md": {
            "sha": "17c88d609f0feaa3fa0825429820f4a5aacd2e74"
        },
        "cookiecutter-config-file.yml": {
            "sha": "2cf1486fe7ece650855ae30b74e702b53c0b69d3"
        },
        "docker-compose.deploy.build.yml": {
            "sha": "c689db87470c3fe9e51655a19e2fc45892eb1fd7"
        },
        "docker-compose.deploy.command.yml": {
            "sha": "3860ff7a8690ac1a02b38f636a0d75c9c95cdd37"
        },
        "docker-compose.deploy.images.yml": {
            "sha": "f05310d61d75f5402856d6b263db9dea1c4289a8"
        },
        "docker-compose.deploy.labels.yml": {
            "sha": "68e406114c24ddbeccba52fb1a4ec1d2d0b99bcd"
        },
        "docker-compose.deploy.networks.yml": {
            "sha": "29f69dd4660d9730fea50442c210579e92df98e8"
        },
        "docker-compose.deploy.volumes-placement.yml": {
            "sha": "77e23b331c3b92e2da21afedd6b32491db29bfec"
        },
        "docker-compose.dev.build.yml": {
            "sha": "3a58a618a622e7a96ee12b09d5a1557eacd41603"
        },
        "docker-compose.dev.command.yml": {
            "sha": "30721639050667c1a768c106121d86ebc87fedb0"
        },
        "docker-compose.dev.env.yml": {
            "sha": "17c96c5ad949f667a544e1a2ac5cca8126bf0241"
        },
        "docker-compose.dev.labels.yml": {
            "sha": "8182750dcd0ce0fcbc505fca06081319d79697e4"
        },
        "docker-compose.dev.networks.yml": {
            "sha": "f5c28ec1636cc8d3640fefca9354caf2e5680d0e"
        },
        "docker-compose.dev.ports.yml": {
            "sha": "f5b286cae982153bc23a6a2c9fc6832992f63ce7"
        },
        "docker-compose.dev.volumes.yml": {
            "sha": "33a5b5b833f81446ba99f31f052e136472fa8d96"
        },
        "docker-compose.shared.admin.yml": {
            "sha": "10efcd5772b5c4a356e61f9d60569142d4090210"
        },
        "docker-compose.shared.base-images.yml": {
            "sha": "f140327332701c804389efc85ebe8c9c3f7616f4"
        },
        "docker-compose.shared.depends.yml": {
            "sha": "a5d6ba37f62d8f53ca25d7d4783a614e629c8120"
        },
        "docker-compose.shared.env.yml": {
            "sha": "4665a4d5316842012d97a5ed9fcd090f5b9ac8f2"
        },
        "docker-compose.test.yml": {
            "sha": "61d0632ecb03777a852027497281a46852752ca9"
        },
        "env-backend.env": {
            "sha": "fbc7e79e241b47f9eeb0a55be2579a3067901b2e"
        },
        "env-flower.env": {
            "sha": "f1bb0b8910f0e0202e424ac100cf88645c73c807"
        },
        "env-pgadmin.env": {
            "sha": "296cbe840c006489bbcc4757fdb83a5287dc1a11"
        },
        "env-postgres.env": {
            "sha": "697197333f36f290eac29c1088fbf9751f211177"
        },
        "script-build-push.sh": {
            "sha": "aa4dd1334f7767517570286099a04711be93ef53"
        },
        "script-build.sh": {
            "sha": "a76f3c22078507872cc95d18266fe7e1409ffb54"
        },
        "script-deploy.sh": {
            "sha": "3e24f9e1f91ef0462ff1814ca53accfbbbc71b5b"
        },
        "script-test.sh": {
            "sha": "84f9cce12e2766ab48c10f4c3cad6ba7dc9532a8"
        }
    }
}