{
    "dirs": {
        "backend": {
            "dirs": {
                "app": {
                    "dirs": {
                        "app": {
                            "dirs": {
                                "api": {
                                    "dirs": {
                                        "api_v1": {
                                            "dirs": {
                                                "endpoints": {
                                                    "dirs": {},
                                                    "files": {
                                                        "__init__.py": {
                                                            "sha": "e69de29bb2d1d6434b8b29ae775ad8c2e48c5391"
                                                        },
                                                        "token.py": {
                                                            "sha": "6d3a5e3ceabded5a37377734aa64878c52b2371f"
                                                        },
                                                        "user.py": {
                                                            "sha": "ec8b141e7fa593fe428d5e5820c4d898d4fbc36d"
                                                        },
                                                        "utils.py": {
                                                            "sha": "1ff503bfc555494d2c6d7de954ad792d8607dcbd"
                                                        }
                                                    }
                                                }
                                            },
                                            "files": {
                                                "__init__.py": {
                                                    "sha": "e69de29bb2d1d6434b8b29ae775ad8c2e48c5391"
                                                },
                                                "api.py": {
                                                    "sha": "701648ba3a4a420b8afdea8b065834ea90c20f07"
                                                },
                                                "api_docs.py": {
                                                    "sha": "c16cf89d1d7c5e43c7c161f73cd4e2111a317d62"
                                                }
                                            }
                                        }
                                    },
                                    "files": {
                                        "__init__.py": {
                                            "sha": "e69de29bb2d1d6434b8b29ae775ad8c2e48c5391"
                                        }
                                    }
                                },
                                "core": {
                                    "dirs": {},
                                    "files": {
                                        "__init__.py": {
                                            "sha": "e69de29bb2d1d6434b8b29ae775ad8c2e48c5391"
                                        },
                                        "app_setup.py": {
                                            "sha": "1d635e681db41f82d4c611687946cb87a1424a95"
                                        },
                                        "celery_app.py": {
                                            "sha": "0477d145894dd87a24f343ca71bc4634147790f4"
                                        },
                                        "config.py": {
                                            "sha": "381d7a9c1cf6d93923dd761dae5f051a882ad1fe"
                                        },
                                        "cors.py": {
                                            "sha": "f0f4c7957d00e6f103e03b19e1e1d7851192ef0c"
                                        },
                                        "errors.py": {
                                            "sha": "5a2643a928db1aa0064bb78ad3186cef29b4d934"
                                        },
                                        "jwt.py": {
                                            "sha": "dddfcac9d4680bf635009caf2088830eead4a5f2"
                                        },
                                        "security.py": {
                                            "sha": "df7b6566f4bbc9cf49f150f3c01d819e47210e12"
                                        }
                                    }
                                },
                                "couchdb_remote": {
                                    "dirs": {},
                                    "files": {
                                        "__init__.py": {
                                            "sha": "e69de29bb2d1d6434b8b29ae775ad8c2e48c5391"
                                        },
                                        "client.py": {
                                            "sha": "7a8f80dbd7f6377550860c6d32467d7460cea826"
                                        },
                                        "database.py": {
                                            "sha": "86b1540a535e65fbba072db2736c2ce28dade890"
                                        }
                                    }
                                },
                                "db": {
                                    "dirs": {},
                                    "files": {
                                        "__init__.py": {
                                            "sha": "e69de29bb2d1d6434b8b29ae775ad8c2e48c5391"
                                        },
                                        "database.py": {
                                            "sha": "1512269d3ba16e339bd5bbd56ac5b9f4bf0faf7e"
                                        },
                                        "init_db.py": {
                                            "sha": "bc6a489020546e1e062bcbe59324117202683cfa"
                                        },
                                        "roles.py": {
                                            "sha": "c85c13b18641aee2d6c7d54023b4b9453dc1be64"
                                        },
                                        "utils.py": {
                                            "sha": "7ccd835cbaae55c022d319f4a1d6785409bd5515"
                                        }
                                    }
                                },
                                "schemas": {
                                    "dirs": {},
                                    "files": {
                                        "__init__.py": {
                                            "sha": "e69de29bb2d1d6434b8b29ae775ad8c2e48c5391"
                                        },
                                        "base.py": {
                                            "sha": "a756ccd831fb095109c51def6b1e3949258f6c97"
                                        },
                                        "msg.py": {
                                            "sha": "4daeb365fc26a247f5153a6683af84207e06be39"
                                        },
                                        "scalar.py": {
                                            "sha": "904921f3e9e5f49deace01ed842ee4b6ec7b3c8a"
                                        },
                                        "token.py": {
                                            "sha": "3270e0879934a9738be22ffcfbec4c9a8990432e"
                                        },
                                        "user.py": {
                                            "sha": "b07b25000d2cd03e73613a662588b51e4717dd26"
                                        }
                                    }
                                },
                                "tests": {
                                    "dirs": {
                                        "api": {
                                            "dirs": {
                                                "api_v1": {
                                                    "dirs": {
                                                        "celery": {
                                                            "dirs": {},
                                                            "files": {
                                                                "__init__.py": {
                                                                    "sha": "e69de29bb2d1d6434b8b29ae775ad8c2e48c5391"
                                                                },
                                                                "test_celery.py": {
                                                                    "sha": "c4894d9d5071a3e8668c3c4db2d4ad1f4ca2209e"
                                                                }
                                                            }
                                                        },
                                                        "token": {
                                                            "dirs": {},
                                                            "files": {
                                                                "__init__.py": {
                                                                    "sha": "e69de29bb2d1d6434b8b29ae775ad8c2e48c5391"
                                                                },
                                                                "test_token.py": {
                                                                    "sha": "91fd5a0fdc6dcdba9298ef6ddff16b638e15685e"
                                                                }
                                                            }
                                                        },
                                                        "user": {
                                                            "dirs": {},
                                                            "files": {
                                                                "__init__.py": {
                                                                    "sha": "e69de29bb2d1d6434b8b29ae775ad8c2e48c5391"
                                                                },
                                                                "test_user.py": {
                                                                    "sha": "514f94803de717a432f45c1feeae9fa5fa0ea611"
                                                                }
                                                            }
                                                        }
                                                    },
                                                    "files": {
                                                        "__init__.py": {
                                                            "sha": "e69de29bb2d1d6434b8b29ae775ad8c2e48c5391"
                                                        }
                                                    }
                                                }
                                            },
                                            "files": {
                                                "__init__.py": {
                                                    "sha": "e69de29bb2d1d6434b8b29ae775ad8c2e48c5391"
                                                }
                                            }
                                        },
                                        "crud": {
                                            "dirs": {},
                                            "files": {
                                                "__init__.py": {
                                                    "sha": "e69de29bb2d1d6434b8b29ae775ad8c2e48c5391"
                                                },
                                                "test_get_ids.py": {
                                                    "sha": "f7e146cebf2345b9586662e1529d27d07ebb16a9"
                                                },
                                                "test_roles.py": {
                                                    "sha": "eebdf835fd999fcdc71518cbe4c42190e8c8395c"
                                                },
                                                "test_user.py": {
                                                    "sha": "cdfe70aac3de6079310aa232f22e06bc833dabe6"
                                                }
                                            }
                                        },
                                        "utils": {
                                            "dirs": {},
                                            "files": {
                                                "__init__.py": {
                                                    "sha": "e69de29bb2d1d6434b8b29ae775ad8c2e48c5391"
                                                },
                                                "user.py": {
                                                    "sha": "97151645641293083a6b0d07c96fa8b11650c7e8"
                                                },
                                                "utils.py": {
                                                    "sha": "02b5ca8dbb72214d56fe42d6d9cc540ba0a48cab"
                                                }
                                            }
                                        }
                                    },
                                    "files": {
                                        ".gitignore": {
                                            "sha": "16d3c4dbbfec555a7690fe6a0f9f812de215fab2"
                                        },
                                        "__init__.py": {
                                            "sha": "e69de29bb2d1d6434b8b29ae775ad8c2e48c5391"
                                        },
                                        "conftest.py": {
                                            "sha": "bfef72c52907c451ce67e2a4c4efc9e832be605b"
                                        }
                                    }
                                }
                            },
                            "files": {
                                "__init__.py": {
                                    "sha": "e69de29bb2d1d6434b8b29ae775ad8c2e48c5391"
                                },
                                "backend_pre_start.py": {
                                    "sha": "200f7cd54d04ff17aade1826f28ae57303378cd0"
                                },
                                "celeryworker_pre_start.py": {
                                    "sha": "bcdef1f194ec168376e9d0b63a1ff314349d3692"
                                },
                                "main.py": {
                                    "sha": "7daba1e5d809c65f919d07dba20ac5effbbfe9c9"
                                },
                                "tests_pre_start.py": {
                                    "sha": "a3888bc36e4e98415e5121eaa8390cacdbdfdf62"
                                },
                                "worker.py": {
                                    "sha": "ae37790cc410009a527ca949c16b0a8787b250fc"
                                }
                            }
                        }
                    },
                    "files": {
                        "prestart.sh": {
                            "sha": "f95ea915f65ff07156aadeb08cb62e2c7207a43b"
                        },
                        "tests-start.sh": {
                            "sha": "1065fdc57acefef9239509ae930cc8f406038d37"
                        },
                        "uwsgi.ini": {
                            "sha": "f514897abfb8f6bcfd8a4dba939f455906c15762"
                        },
                        "worker-start.sh": {
                            "sha": "172f08e6f81eead5d52150d22d2796953ac592e8"
                        }
                    }
                }
            },
            "files": {
                ".gitignore": {
                    "sha": "ed8ebf583f771da9150c35db3955987b7d757904"
                },
                "backend.dockerfile": {
                    "sha": "8e2267a1eb7c098ee74e53809b506fa005b0069f"
                },
                "celeryworker.dockerfile": {
                    "sha": "0d31d6f95b6c45ef850aea39db5b46b02334d077"
                },
                "tests.dockerfile": {
                    "sha": "009304b5243cf323e2784d75946a9f0929edcf9c"
                }
            }
        },
        "frontend": {
            "dirs": {
                "public": {
                    "dirs": {
                        "img": {
                            "dirs": {
                                "icons": {
                                    "dirs": {},
                                    "files": {
                                        "android-chrome-192x192.png": {
                                            "sha": "b02aa64d97167ad649e496908b35f14c603d9249"
                                        },
                                        "android-chrome-512x512.png": {
                                            "sha": "06088b011eccebb820b6e8de0cd244aa443208ba"
                                        },
                                        "apple-touch-icon-120x120.png": {
                                            "sha": "1427cf62752646ad7217df0a61aa01fdef7475d1"
                                        },
                                        "apple-touch-icon-152x152.png": {
                                            "sha": "f24d454a2ecb8851bb893192b64ee09386d30e24"
                                        },
                                        "apple-touch-icon-180x180.png": {
                                            "sha": "404e192a95ccccbede087203c42b1f25f6bc6e67"
                                        },
                                        "apple-touch-icon-60x60.png": {
                                            "sha": "cf10a5602e653bb126332934e2b7f34081c19a01"
                                        },
                                        "apple-touch-icon-76x76.png": {
                                            "sha": "c500769e3df9d6a6f1977ace8be4e63a8095e36a"
                                        },
                                        "apple-touch-icon.png": {
                                            "sha": "03c0c5d5ec302ed7b0ee2c401df9427fb9d3c117"
                                        },
                                        "favicon-16x16.png": {
                                            "sha": "42af00963d81b8e39a30435c60ac482d1f8756e0"
                                        },
                                        "favicon-32x32.png": {
                                            "sha": "46ca04dee251a4fa85a2891a145fbe20cc619d96"
                                        },
                                        "msapplication-icon-144x144.png": {
                                            "sha": "7808237a18d4009501f950044f8388d13c5e1044"
                                        },
                                        "mstile-150x150.png": {
                                            "sha": "3b37a43ae2fdef53050291d95da2e49f78cf398e"
                                        },
                                        "safari-pinned-tab.svg": {
                                            "sha": "732afd8eb0aa8d33d077e92bb148901b454b40a1"
                                        }
                                    }
                                }
                            },
                            "files": {}
                        }
                    },
                    "files": {
                        "favicon.ico": {
                            "sha": "c7b9a43c8cd16d0b434adaf513fcacb340809a11"
                        },
                        "index.html": {
                            "sha": "cad5aa7efa07994ffe95a7901880a6b43b8eac3d"
                        },
                        "manifest.json": {
                            "sha": "8ce10b9116018d65f1ea05624e9d58189a583130"
                        },
                        "robots.txt": {
                            "sha": "eb0536286f3081c6c0646817037faf5446e3547d"
                        }
                    }
                },
                "src": {
                    "dirs": {
                        "assets": {
                            "dirs": {},
                            "files": {
                                "logo.png": {
                                    "sha": "f3d2503fc2a44b5053b0837ebea6e87a2d339a43"
                                }
                            }
                        },
                        "components": {
                            "dirs": {},
                            "files": {
                                "UploadButton.vue": {
                                    "sha": "8902e949e94f7c55337d895ec6e0f375a1d6b961"
                                }
                            }
                        },
                        "plugins": {
                            "dirs": {},
                            "files": {
                                "vuetify.ts": {
                                    "sha": "8fdfce3a4a1a5c35910bedf8df9d077c2e72aed7"
                                }
                            }
                        },
                        "views": {
                            "dirs": {},
                            "files": {
                                "Login.vue": {
                                    "sha": "2ff3552732ee5734f2519f15de32714c9aee417f"
                                },
                                "Main.vue": {
                                    "sha": "6e953a82b66cdf412609a072aee15d33f41a8af2"
                                },
                                "Start.vue": {
                                    "sha": "0e9381ba29f7ed2a99b669a0a7fa1a61b2fbd65a"
                                }
                            }
                        }
                    },
                    "files": {
                        "App.vue": {
                            "sha": "2571217c14bd364f0d9d1a3b653fb50e36d67846"
                        },
                        "api.ts": {
                            "sha": "7bd1706a979fd8866417c13babd930bdd68353ff"
                        },
                        "component-hooks.ts": {
                            "sha": "cefdc537bb049e0608e4c31857d4086ea0ef4ed4"
                        },
                        "env.ts": {
                            "sha": "b3387e69bce35cde805e7b2bd2725632867aa7f0"
                        },
                        "main.ts": {
                            "sha": "51665981a942f7d446f7e55a80a384acf9a35dfd"
                        },
                        "registerServiceWorker.ts": {
                            "sha": "d3db583898e6fd7278d6d1d1156e3fa8fa249c38"
                        },
                        "router.ts": {
                            "sha": "4d14d40d0b4745d86b3e0934c2530a5213fa1dde"
                        },
                        "shims-tsx.d.ts": {
                            "sha": "3b88b58292fa668f5f84089a7960dc9a826d96ff"
                        },
                        "shims-vue.d.ts": {
                            "sha": "8f6f4102637123d7e5696be9ff5776d810334a90"
                        },
                        "store.ts": {
                            "sha": "f7f4487ac2a6007a2f033e53306ae8ae74c3355b"
                        },
                        "utils.ts": {
                            "sha": "f8803d169ff209ae3105dc0fe8e10ab8c39267f1"
                        }
                    }
                },
                "tests": {
                    "dirs": {
                        "unit": {
                            "dirs": {},
                            "files": {
                                "upload-button.spec.ts": {
                                    "sha": "b40eed7bea09101fb8d27ca1d3d417aeeef34a0c"
                                }
                            }
                        }
                    },
                    "files": {}
                }
            },
            "files": {
                ".dockerignore": {
                    "sha": "3c3629e647f5ddf82548912e337bea9826b434af"
                },
                ".env": {
                    "sha": "adaf3306e2c157885b00263fab6190414d22d881"
                },
                ".gitignore": {
                    "sha": "185e6631928dca2f51224e61a3861cc88fa2b74e"
                },
                "Dockerfile": {
                    "sha": "fb25c36faf1e255bd61c812ec538267d0be32651"
                },
                "README.md": {
                    "sha": "60e84fbb39f97a46e061ac32a84bdbb18e056563"
                },
                "babel.config.js": {
                    "sha": "932df2811f77340e8223335ec99b3f43cc9a4dbe"
                },
                "package.json": {
                    "sha": "9b5d759424d289231870c305d4dd80fb57f2f1e9"
                },
                "tsconfig.json": {
                    "sha": "88cfbc31d8fed8b815abfd77513c52ecc302eaa0"
                },
                "tslint.json": {
                    "sha": "2b37e401c3d6d00ca253ca75a0b602ebe886e6ea"
                },
                "vue.config.js": {
                    "sha": "5239445155be24530678c77e875e8e0dd6a3ca57"
                }
            }
        }
    },
    "files": {
        ".env": {
            "sha": "483754c5b5424749422d3a44d6b01d394d1c6cf9"
        },
        ".gitignore": {
            "sha": "600d2d33badf45cc068e01d2e3c837e11c417bc4"
        },
        ".gitlab-ci.yml": {
            "sha": "68efa85a4d26ba9469771fb9230dd06d4dedb79d"
        },
        "README.md": {
            "sha": "6ddc24bdbc153c95e7192899f1ac874ecc520139"
        },
        "cookiecutter-config-file.yml": {
            "sha": "a1590520d50c5489c00c430e08b32e8fce8aeae7"
        },
        "docker-compose.deploy.build.yml": {
            "sha": "c689db87470c3fe9e51655a19e2fc45892eb1fd7"
        },
        "docker-compose.deploy.command.yml": {
            "sha": "3860ff7a8690ac1a02b38f636a0d75c9c95cdd37"
        },
        "docker-compose.deploy.images.yml": {
            "sha": "f05310d61d75f5402856d6b263db9dea1c4289a8"
        },
        "docker-compose.deploy.labels.yml": {
            "sha": "3b6e6319ba9fadf81ee74d56678e68da88fec6df"
        },
        "docker-compose.deploy.networks.yml": {
            "sha": "f50e817295b7570f077d04a359564c390e2705ca"
        },
        "docker-compose.deploy.volumes-placement.yml": {
            "sha": "46750fdadea303d619bd9adcd645933bf83661fb"
        },
        "docker-compose.dev.build.yml": {
            "sha": "3a58a618a622e7a96ee12b09d5a1557eacd41603"
        },
        "docker-compose.dev.command.yml": {
            "sha": "30721639050667c1a768c106121d86ebc87fedb0"
        },
        "docker-compose.dev.env.yml": {
            "sha": "f3130fd3e4f23a53fe1b6d6965ba1c74f52efb7e"
        },
        "docker-compose.dev.labels.yml": {
            "sha": "8182750dcd0ce0fcbc505fca06081319d79697e4"
        },
        "docker-compose.dev.networks.yml": {
            "sha": "f5c28ec1636cc8d3640fefca9354caf2e5680d0e"
        },
        "docker-compose.dev.ports.yml": {
            "sha": "c4144e72a390397c52611f483f3b82e63628dd0b"
        },
        "docker-compose.dev.volumes.yml": {
            "sha": "33a5b5b833f81446ba99f31f052e136472fa8d96"
        },
        "docker-compose.shared.admin.yml": {
            "sha": "2a43165f38ddf4886bd3b4ff2a28469684411787"
        },
        "docker-compose.shared.base-images.yml": {
            "sha": "58df9bf5bb90015397846498cc3cecd599932587"
        },
        "docker-compose.shared.depends.yml": {
            "sha": "b04b9ed3b4287f7a9be61de82fdc2cd8137ca281"
        },
        "docker-compose.shared.env.yml": {
            "sha": "b87022b0793ddc171d01d3e820509b38c11cb8e6"
        },
        "docker-compose.test.yml": {
            "sha": "008fb49e7e47568402080acd27437f5913550f8a"
        },
        "env-backend.env": {
            "sha": "fbc7e79e241b47f9eeb0a55be2579a3067901b2e"
        },
        "env-couchdb.env": {
            "sha": "ec3802bc89ee8a5b4c90158608f0e1991bc7c850"
        },
        "env-flower.env": {
            "sha": "f1bb0b8910f0e0202e424ac100cf88645c73c807"
        },
        "script-build-push.sh": {
            "sha": "aa4dd1334f7767517570286099a04711be93ef53"
        },
        "script-build.sh": {
            "sha": "a76f3c22078507872cc95d18266fe7e1409ffb54"
        },
        "script-deploy.sh": {
            "sha": "3e24f9e1f91ef0462ff1814ca53accfbbbc71b5b"
        },
        "script-test.sh": {
            "sha": "84f9cce12e2766ab48c10f4c3cad6ba7dc9532a8"
        }
    }
}