{
    "dirs": {
        ".idea": {
            "dirs": {
                "runConfigurations": {
                    "dirs": {},
                    "files": {
                        "Backend_dev_server.xml": {
                            "sha": "0a9af3f3d84d45254dc2e7ba24334d0cf4665741"
                        },
                        "Backend_tests.xml": {
                            "sha": "cfc8f36ed2f696d6f6e5e294c864d4635b1205c6"
                        },
                        "Frontend___Backend_dev_servers.xml": {
                            "sha": "f6166daabc74bbf9864f95633d1e834bb67c3008"
                        },
                        "Frontend_dev_server__using_backend_dev_server_.xml": {
                            "sha": "e5e11895fd6eeb9b97f3d9110b4444010fd0f41f"
                        },
                        "Frontend_dev_server__using_backend_nginx_.xml": {
                            "sha": "87d0b1819283ad604f922ddb5a08b50aeba0da96"
                        },
                        "Frontend_tests.xml": {
                            "sha": "a5e147b207dfe5505f32c98d08689ce21854476f"
                        }
                    }
                }
            },
            "files": {
                "modules.xml": {
                    "sha": "68c529bfcb68e8cd9fb0bb456da513a40ff1c8d6"
                },
                "vagrant.xml": {
                    "sha": "c1be4bd128225c19b7df7696bc003a90f21e533d"
                },
                "{{ cookiecutter.project_slug }}.iml": {
                    "sha": "79b30943ab2e2048bf1595d6ad5f4b4db175787a"
                }
            }
        },
        "backend_app": {
            "dirs": {
                "tests": {
                    "dirs": {},
                    "files": {
                        "__init__.py": {
                            "sha": "e69de29bb2d1d6434b8b29ae775ad8c2e48c5391"
                        },
                        "helpers.py": {
                            "sha": "bdd205ea3ea1eaf1ab495bbda8c8e9ea96848c11"
                        },
                        "test_admin.py": {
                            "sha": "a899f04586a02c079e0c702ab42608d3728de971"
                        }
                    }
                },
                "{{ cookiecutter.project_slug }}": {
                    "dirs": {},
                    "files": {
                        "__init__.py": {
                            "sha": "e69de29bb2d1d6434b8b29ae775ad8c2e48c5391"
                        },
                        "asgi.py": {
                            "sha": "aadbde85bf8b99f3dc373a06941d314640273630"
                        },
                        "settings.py": {
                            "sha": "5455ded99c5475bd329220a1018abc353ba3ec43"
                        },
                        "urls.py": {
                            "sha": "5014da79a9b97d5d26238a66d33f0a3231a2b350"
                        },
                        "wsgi.py": {
                            "sha": "14314effcb968ce84e918f7a9e6564c73ab62c2b"
                        }
                    }
                }
            },
            "files": {
                "Makefile": {
                    "sha": "b5724e69ecef123ac7a0450b02915fda9735c781"
                },
                "gunicorn_config.py": {
                    "sha": "3db584a1998c582d2f4995f65806390da930aa18"
                },
                "manage.py": {
                    "sha": "6ad95a5c6dcf3be7f24d82a8f77c4d030c1b5326"
                },
                "pyproject.toml": {
                    "sha": "cd30b36a720ccba653f44e1d2ee57cffb900e40e"
                },
                "requirements.in": {
                    "sha": "0949b6f6a84ef2280df5bf8b5e1108ff9c88b26d"
                },
                "requirements.txt": {
                    "sha": "4af7d01a98b5d3ef96793d635df3a52bd41074f2"
                }
            }
        },
        "docs": {
            "dirs": {
                "images": {
                    "dirs": {},
                    "files": {
                        "add-project-interpreter.png": {
                            "sha": "7964f2115b4397dbaf5ed38a9d1bd2fb071aec19"
                        },
                        "backend-app-tests.png": {
                            "sha": "39fd8c456d77652acf9c5964e20a21bafa37159f"
                        },
                        "configure-vagrant-interpreter.png": {
                            "sha": "2c582cdec898e619d181bb618f94ff5f38d60edd"
                        },
                        "frontend-app-tests.png": {
                            "sha": "c28df1d2f3084a1568257d9cd022e04b8aae207f"
                        },
                        "pycharm-indexing.png": {
                            "sha": "194d04051d15e14055a10a54c58d8c63123b620a"
                        },
                        "pycharm-run-configurations.png": {
                            "sha": "13335cdec9ed427330183cc278bac65ab6314f2f"
                        },
                        "vagrant-interpreter.png": {
                            "sha": "d89b49c2118f51e2c03fc7933abff441f38c2fa2"
                        }
                    }
                }
            },
            "files": {
                "backend_app.md": {
                    "sha": "6bc1511b1d7c9312b72038040e17a56f3ebf98bf"
                },
                "configuring_pycharm.md": {
                    "sha": "659754281c4361bb17effbc4f61fcbf617164769"
                },
                "frontend_app.md": {
                    "sha": "61acf0ec21aa2ea580cbb68cf7f2dcee2dddb168"
                },
                "limitations_and_warnings.md": {
                    "sha": "f823d15d729c020f5533c67a03d1903721217f76"
                },
                "other_tools.md": {
                    "sha": "fa56d5d38c34d6e61aa5db49dc7c550b602bdbca"
                },
                "provisioning.md": {
                    "sha": "979ac19fcd066f15ee03c7e7c60b4a94efa8a1af"
                }
            }
        },
        "frontend_app": {
            "dirs": {
                "public": {
                    "dirs": {},
                    "files": {
                        "favicon.ico": {
                            "sha": "a11777cc471a4344702741ab1c8a588998b1311a"
                        },
                        "index.html": {
                            "sha": "7e9a0603e0547c1fcb944ddd9eec60c0ac01a2c2"
                        },
                        "logo192.png": {
                            "sha": "fc44b0a3796c0e0a64c3d858ca038bd4570465d9"
                        },
                        "logo512.png": {
                            "sha": "a4e47a6545bc15971f8f63fba70e4013df88a664"
                        },
                        "manifest.json": {
                            "sha": "b85a70220df110f8d018cbdaddae44f257040f23"
                        },
                        "robots.txt": {
                            "sha": "e9e57dc4d41b9b46e05112e9f45b7ea6ac0ba15e"
                        }
                    }
                },
                "src": {
                    "dirs": {},
                    "files": {
                        "App.css": {
                            "sha": "74b5e053450a48a6bdb4d71aad648e7af821975c"
                        },
                        "App.test.tsx": {
                            "sha": "d76787ed69b4ef6bbc3762ba9867f85041dc1040"
                        },
                        "App.tsx": {
                            "sha": "6559d45897a1df5f38a7911efb71ecfd8e7ece64"
                        },
                        "index.css": {
                            "sha": "ec2585e8c0bb8188184ed1e0703c4c8f2a8419b0"
                        },
                        "index.tsx": {
                            "sha": "0ac181fd8edba7f6708d8913d6c95f4a2773beb9"
                        },
                        "logo.svg": {
                            "sha": "9dfc1c058cebbef8b891c5062be6f31033d7d186"
                        },
                        "react-app-env.d.ts": {
                            "sha": "6431bc5fc6b2c932dfe5d0418fc667b86c18b9fc"
                        },
                        "reportWebVitals.ts": {
                            "sha": "5fa3583b7500be19f1ed614222d46fdacbcb8d3b"
                        },
                        "setupTests.ts": {
                            "sha": "1dd407a63ef3dfe125f2044471689923a3c507a9"
                        }
                    }
                }
            },
            "files": {
                ".env": {
                    "sha": "5e4434c0401998d1d48c75c2b82a60a32dba5cd0"
                },
                ".env.development": {
                    "sha": "73e518c99eb15515a3ae93883cb187b4704b06fc"
                },
                "package-lock.json": {
                    "sha": "d8958e6766b490fa28d2c6b0ac84a3c64396887f"
                },
                "package.json": {
                    "sha": "24ba615717f27ada461a56baf10383deda56f39b"
                },
                "set_dev_env_vars.sh": {
                    "sha": "29c4ebc3327830665b9fb9d8dbc8fa0df0c674a0"
                },
                "tsconfig.json": {
                    "sha": "a273b0cfc0e965c35524e3cd0d3574cbe1ad2d0d"
                }
            }
        },
        "other_tools": {
            "dirs": {
                "load_testing": {
                    "dirs": {},
                    "files": {
                        "locustfile.py": {
                            "sha": "122894669f17cbf1f7163de70e69cdd033b2bb02"
                        },
                        "requirements.in": {
                            "sha": "65b2ebc282416966b33726174e1c74187acdc2c5"
                        },
                        "requirements.txt": {
                            "sha": "e441f43621bae4e509ad19c8033a15b7900fd6d0"
                        }
                    }
                }
            },
            "files": {
                "testssl_dev.sh": {
                    "sha": "76601ceafe98baacbf14c81b483ca5907eebd536"
                }
            }
        },
        "provisioning": {
            "dirs": {
                "environments": {
                    "dirs": {
                        "dev": {
                            "dirs": {
                                "group_vars": {
                                    "dirs": {
                                        "all": {
                                            "dirs": {},
                                            "files": {
                                                "vars.yml": {
                                                    "sha": "b38761a4db3cd387ce9876eaa61acce2304a2aed"
                                                }
                                            }
                                        },
                                        "backend": {
                                            "dirs": {},
                                            "files": {
                                                "vars.yml": {
                                                    "sha": "6ac2ba9a9fbb60ac8901924c1ef0a557ddcf1c30"
                                                }
                                            }
                                        },
                                        "database": {
                                            "dirs": {},
                                            "files": {
                                                "vars.yml": {
                                                    "sha": "595d57bf785df9584b6cb145c04c16ccfbacd4fa"
                                                }
                                            }
                                        }
                                    },
                                    "files": {}
                                }
                            },
                            "files": {
                                "inventory": {
                                    "sha": "ffe7864d441b09cd65554eae8cd09efc4345321a"
                                }
                            }
                        },
                        "prod": {
                            "dirs": {
                                "group_vars": {
                                    "dirs": {
                                        "all": {
                                            "dirs": {},
                                            "files": {
                                                "vars.yml": {
                                                    "sha": "9f72ced1ec0a3707cdabf39c8a726b6038e616f5"
                                                }
                                            }
                                        },
                                        "backend": {
                                            "dirs": {},
                                            "files": {
                                                "vars.yml": {
                                                    "sha": "2d06aead1d1ee8f30a8a1e07af54eea7e5da8e81"
                                                }
                                            }
                                        },
                                        "database": {
                                            "dirs": {},
                                            "files": {
                                                "vars.yml": {
                                                    "sha": "6594141f1e204ba8ede3ce0fbaf3754ee85448a8"
                                                }
                                            }
                                        }
                                    },
                                    "files": {}
                                }
                            },
                            "files": {
                                "README.txt": {
                                    "sha": "dcf998e130a11d098c6eac4aa13a41ceeafabf05"
                                },
                                "inventory": {
                                    "sha": "d80486bb8a394a786a2f10f4291d743fd0b78755"
                                }
                            }
                        }
                    },
                    "files": {}
                },
                "roles": {
                    "dirs": {
                        "backend_app": {
                            "dirs": {
                                "tasks": {
                                    "dirs": {},
                                    "files": {
                                        "collect_static.yml": {
                                            "sha": "8f5db8b2e13753c5f49e7a61974a49cd99cc8a69"
                                        },
                                        "cron_jobs.yml": {
                                            "sha": "20c52a3e5ad5b3e60e06f9e4a5a8a8cd3c06d25a"
                                        },
                                        "install_selenium_dependencies.yml": {
                                            "sha": "8130cc2be72484b55786a8f9816681585b92fb41"
                                        },
                                        "main.yml": {
                                            "sha": "c8c2e61f23e6961c0aecd03419d03ccfdbb0a23d"
                                        },
                                        "migrate_db.yml": {
                                            "sha": "a6b217faa2f62ab74db65806a0574e559dec8786"
                                        },
                                        "run_deploy.yml": {
                                            "sha": "e869bb73ab179939b3a30185bb992644591bfa3e"
                                        },
                                        "systemd.yml": {
                                            "sha": "32b2b0a84870cc95c2330ac0344cd2feb682d1a3"
                                        },
                                        "users.yml": {
                                            "sha": "c0a2f9b1ca34f5ceed93a1b4d0bd84e8815d436f"
                                        },
                                        "vagrant_mount.yml": {
                                            "sha": "c0b660d0681141ec655d9ce13ece916b5a3a9393"
                                        },
                                        "virtualenv.yml": {
                                            "sha": "b65fc510fc76a3cf70bdb7c2b232923a144f36eb"
                                        }
                                    }
                                },
                                "templates": {
                                    "dirs": {},
                                    "files": {
                                        "settings.env.j2": {
                                            "sha": "3403aa6cab10481d6795e2d848da1da841d283f6"
                                        },
                                        "systemd_service.j2": {
                                            "sha": "86f79865b18738874bf7375a048330523058ce9f"
                                        },
                                        "venvrc.j2": {
                                            "sha": "6220b4583a0611b487e0ef8ba0706c70d68a3d6f"
                                        }
                                    }
                                },
                                "vars": {
                                    "dirs": {},
                                    "files": {
                                        "main.yml": {
                                            "sha": "523b0e17e5f2b5f3e28927995fa1744e87e1ad50"
                                        }
                                    }
                                }
                            },
                            "files": {}
                        },
                        "base": {
                            "dirs": {
                                "tasks": {
                                    "dirs": {},
                                    "files": {
                                        "login_info.yml": {
                                            "sha": "076cea4c571bd3dc9e20ba55b458a5e837b4889a"
                                        },
                                        "main.yml": {
                                            "sha": "ea77c38779e0a48ecdd8fea9b7768c4810394770"
                                        },
                                        "unattended_upgrades.yml": {
                                            "sha": "76ef2f98371a7ca15103d7f0a185c0d4387aa208"
                                        }
                                    }
                                },
                                "templates": {
                                    "dirs": {},
                                    "files": {
                                        "neofetch.sh.j2": {
                                            "sha": "ea62f866c39cc3888f2a8cb13ed5ce3d96966a1a"
                                        },
                                        "neofetch_config.conf.j2": {
                                            "sha": "ab31041df3a97915b3cac90982301c23b378e335"
                                        }
                                    }
                                }
                            },
                            "files": {}
                        },
                        "deploy_check": {
                            "dirs": {
                                "tasks": {
                                    "dirs": {},
                                    "files": {
                                        "git_tag.yml": {
                                            "sha": "7af99ab61c2ef060f51a5e75fdf00dd0d23060d1"
                                        },
                                        "main.yml": {
                                            "sha": "c5dcf87ffb0ef361c4f6728e152938f9b5751192"
                                        },
                                        "setup-Debian.yml": {
                                            "sha": "dd0e5bef5e26c5ac581b7fbf4d206e971742e047"
                                        },
                                        "setup-RedHat.yml": {
                                            "sha": "9fecd53084d4cfa6c88a49639f3e7f6f3de76ff8"
                                        }
                                    }
                                }
                            },
                            "files": {}
                        },
                        "frontend_app": {
                            "dirs": {
                                "tasks": {
                                    "dirs": {},
                                    "files": {
                                        "build.yml": {
                                            "sha": "99482828ad908cf4e4849700e03ae3647c6c119b"
                                        },
                                        "main.yml": {
                                            "sha": "26784b56ea88df3d3732de12e2930fe02013dcab"
                                        }
                                    }
                                },
                                "vars": {
                                    "dirs": {},
                                    "files": {
                                        "main.yml": {
                                            "sha": "60bb0d07a852fcf79e1933a8cbabc63133619c05"
                                        }
                                    }
                                }
                            },
                            "files": {}
                        },
                        "ssl": {
                            "dirs": {
                                "defaults": {
                                    "dirs": {},
                                    "files": {
                                        "main.yml": {
                                            "sha": "5ed31d18c76f6d482015f1e1aed95788bc5e8c47"
                                        }
                                    }
                                },
                                "tasks": {
                                    "dirs": {},
                                    "files": {
                                        "certbot.yml": {
                                            "sha": "1613c5ca90473d20843b63d425772edc41cd1bfc"
                                        },
                                        "copy.yml": {
                                            "sha": "132447412d02158c42e46b6f46cc954885981db2"
                                        },
                                        "main.yml": {
                                            "sha": "f0486bd1335d02639464592be9b1ef1ef7d91e0e"
                                        },
                                        "selfsigned.yml": {
                                            "sha": "71057e1abc57ae2c2abd9c8120fac99ec53340c7"
                                        }
                                    }
                                },
                                "templates": {
                                    "dirs": {},
                                    "files": {
                                        "certbot_post_renew.sh": {
                                            "sha": "4e23dc45ef3d05d90ff08e9f4cccf2ff1625383f"
                                        },
                                        "certbot_pre_renew.sh": {
                                            "sha": "bf5f2b0d7d99e0bce21a63779d1e773c1250dbe2"
                                        }
                                    }
                                },
                                "vars": {
                                    "dirs": {},
                                    "files": {
                                        "main.yml": {
                                            "sha": "1905f379f9914f67ba7fffb71c86d0a1a4dc2561"
                                        }
                                    }
                                }
                            },
                            "files": {}
                        },
                        "ufw_firewall": {
                            "dirs": {
                                "tasks": {
                                    "dirs": {},
                                    "files": {
                                        "main.yml": {
                                            "sha": "c122853d9e34425c2a9df830d001c6b19832ad9a"
                                        }
                                    }
                                }
                            },
                            "files": {}
                        }
                    },
                    "files": {}
                },
                "vars": {
                    "dirs": {},
                    "files": {
                        "backend.yml": {
                            "sha": "effda0184cfbbe786c8f7eebb3e30621efb0a5a0"
                        },
                        "frontend.yml": {
                            "sha": "952cefe6f0822d4c44dacaf23375c59aa718ea57"
                        },
                        "postgresql.yml": {
                            "sha": "9232bfdb16ffef4c14155f8e0617162301a50811"
                        },
                        "shared.yml": {
                            "sha": "b2f2d3f92cb15f5189f8469fa1b79d3b28e06559"
                        }
                    }
                }
            },
            "files": {
                "ansible.cfg": {
                    "sha": "b46dfc497d56d2f8ea6aef2339c50bc899968fad"
                },
                "ansible_vagrant.cfg": {
                    "sha": "dc452036acf01f2fc2e2c0960369fbb79b1257c0"
                },
                "dev_ssh_config": {
                    "sha": "ce51b7e468b7de9588ed123af925e46b57b83891"
                },
                "playbook.yml": {
                    "sha": "cc399fc56f9232b443b79215142ffef825e27ec1"
                },
                "requirements.in": {
                    "sha": "09bbe12a49c17e045468cb6f65bf9c3890bff019"
                },
                "requirements.txt": {
                    "sha": "1b39352ccd34d07f5f5e9e5e053778e7ac7b49cc"
                },
                "requirements.yml": {
                    "sha": "801f34758d667f0deeb296106af5b296fb0b0697"
                }
            }
        }
    },
    "files": {
        ".editorconfig": {
            "sha": "4bcb234a636220e887b658cc2f29de6e6691bacc"
        },
        ".gitattributes": {
            "sha": "6313b56c57848efce05faa7aa7e901ccfc2886ea"
        },
        ".gitignore": {
            "sha": "d2fa83f96029bd615550b90d876b99b3b5d65a14"
        },
        "Jenkinsfile": {
            "sha": "e101fb703365efd025f3ee6ba1e3a90c2383190b"
        },
        "README.md": {
            "sha": "d38c6682b039a7e40a7f6be3419fcc848ef0e233"
        },
        "Vagrantfile": {
            "sha": "63ecc98adfd401d4cd653fe0b2daf7c17c7ca5fb"
        }
    }
}