{
    "dirs": {
        "app": {
            "dirs": {
                "core": {
                    "dirs": {},
                    "files": {
                        "__init__.py": {
                            "sha": "e69de29bb2d1d6434b8b29ae775ad8c2e48c5391"
                        },
                        "auth.py": {
                            "sha": "e4a9e5432931381a11cf15dc1dc1c4ecc9e09b1f"
                        },
                        "config.py": {
                            "sha": "1b2bdf73dfa513d82e2d64461ee28a854727f6cd"
                        },
                        "logger.py": {
                            "sha": "41c50c747efcfb6b888cd8702e00496a9c5be7fb"
                        },
                        "pagination.py": {
                            "sha": "5b00a60adbca8f111ea3a19d8802b1a4c0196d82"
                        }
                    }
                },
                "db": {
                    "dirs": {},
                    "files": {
                        "__init__.py": {
                            "sha": "e69de29bb2d1d6434b8b29ae775ad8c2e48c5391"
                        },
                        "config.py": {
                            "sha": "f494b88b1db71f0b9fe2fb4f8bfd657d5a8b4f71"
                        },
                        "models.py": {
                            "sha": "bf3556dcce172058fa1813f815705f3d5f468919"
                        }
                    }
                },
                "emails": {
                    "dirs": {},
                    "files": {
                        "base.html": {
                            "sha": "b1a4634bf71303200b7c5e962e0e06cb47cf0806"
                        },
                        "welcome.html": {
                            "sha": "c0dce563d8d94412918884f96daee6029e819474"
                        }
                    }
                },
                "frontend": {
                    "dirs": {
                        "routers": {
                            "dirs": {},
                            "files": {
                                "__init__.py": {
                                    "sha": "e69de29bb2d1d6434b8b29ae775ad8c2e48c5391"
                                },
                                "home.py": {
                                    "sha": "b31c11af365676330766a40233dac4b1b8a54534"
                                }
                            }
                        }
                    },
                    "files": {
                        "__init__.py": {
                            "sha": "e69de29bb2d1d6434b8b29ae775ad8c2e48c5391"
                        },
                        "app.py": {
                            "sha": "fb0b899b6b33186ae12870638cad0fee1b48b507"
                        },
                        "utils.py": {
                            "sha": "05e1c1dab76846f8b96befd21ae72ebeb1b1b477"
                        }
                    }
                },
                "services": {
                    "dirs": {
                        "email": {
                            "dirs": {},
                            "files": {
                                "__init__.py": {
                                    "sha": "11ebef2ddc18b2805e6fa8794345dc65a38523b7"
                                },
                                "errors.py": {
                                    "sha": "836fcb506ecddbe2b48c15366c2a43768c19716b"
                                },
                                "null.py": {
                                    "sha": "acba0449ff81afe1429c121551c4469ce9bb9326"
                                },
                                "ses.py": {
                                    "sha": "a488ee06bf34e2570a85f7c346146e829c7871df"
                                },
                                "smtp.py": {
                                    "sha": "50f88eade9b340b3759d72102da3d1bb91793f8f"
                                }
                            }
                        }
                    },
                    "files": {
                        "__init__.py": {
                            "sha": "e69de29bb2d1d6434b8b29ae775ad8c2e48c5391"
                        }
                    }
                },
                "static": {
                    "dirs": {},
                    "files": {
                        "style.css": {
                            "sha": "e69de29bb2d1d6434b8b29ae775ad8c2e48c5391"
                        }
                    }
                },
                "templates": {
                    "dirs": {},
                    "files": {
                        "base.html": {
                            "sha": "a2b0e017983fe96edb72486a5a372a632044aab2"
                        },
                        "index.html": {
                            "sha": "55c818922936e75656042b1fb73cdd5e077addc2"
                        }
                    }
                },
                "users": {
                    "dirs": {
                        "tests": {
                            "dirs": {},
                            "files": {
                                "__init__.py": {
                                    "sha": "e69de29bb2d1d6434b8b29ae775ad8c2e48c5391"
                                },
                                "factories.py": {
                                    "sha": "e96a9db4dd5d5bed2a16c9d907a86e7bea67a708"
                                }
                            }
                        }
                    },
                    "files": {
                        "__init__.py": {
                            "sha": "e69de29bb2d1d6434b8b29ae775ad8c2e48c5391"
                        },
                        "manager.py": {
                            "sha": "a5cd080e9b6c37d595ae276056ea5a20640f3086"
                        },
                        "models.py": {
                            "sha": "95c7e257869eaf5fb119e37df01e9919c104f508"
                        },
                        "routes.py": {
                            "sha": "a28d5a70724ea3360a5a20849a1aa3239ee04ec7"
                        },
                        "schemas.py": {
                            "sha": "979b8bfdab310c2f066c4a97d27b7d239d109971"
                        },
                        "tasks.py": {
                            "sha": "035cece68b5e7efa89a11522c3ad831aa19224dd"
                        },
                        "utils.py": {
                            "sha": "485b3d2ca0947e6367fe612808eb8b0c4d303423"
                        }
                    }
                }
            },
            "files": {
                "__init__.py": {
                    "sha": "e69de29bb2d1d6434b8b29ae775ad8c2e48c5391"
                },
                "health.py": {
                    "sha": "a81769930fc51c8d2c2faeb0b13e3370856e3167"
                },
                "initial_data.py": {
                    "sha": "fca864b0c0bdf53051c022897dbcc32e3238d327"
                },
                "lifetime.py": {
                    "sha": "3f4dc9ad9c8b8457c5bc03332ce95fe88dc36891"
                },
                "main.py": {
                    "sha": "c4f037ef4ffa80b919ca933a60c6206752768153"
                },
                "worker.py": {
                    "sha": "3190943bec5495ca33116756a9932568a5895c0f"
                }
            }
        }
    },
    "files": {
        ".env.template": {
            "sha": "102c5433cb3d63f3c619126fb279f6a5a4820545"
        },
        ".gitignore": {
            "sha": "ed20d7a1bfa8f1faf5e66fea6253dd813f5cf3e4"
        },
        ".pre-commit-config.yaml": {
            "sha": "74432855b185c2d8bc5e04cc47a94acd169a251d"
        },
        "Dockerfile": {
            "sha": "483a9f8d85f7a12fc326d4ed49b58d0f52e0aff0"
        },
        "Procfile": {
            "sha": "dba1bbc750dbcb8179a104a4b378a4e0b8c923f3"
        },
        "README.md": {
            "sha": "96facb043878fad473cf40f4c7f5d97d4a715967"
        },
        "gunicorn.conf.py": {
            "sha": "3b1ff861b3511d125ff68d030b8686710c4808b8"
        },
        "manage.py": {
            "sha": "126b9dddd43a4632e196bc9cdb383eef62f57d7d"
        },
        "pyproject.toml": {
            "sha": "666b22717deb10db1dfc3b495939ba3a743fdedf"
        },
        "runtime.txt": {
            "sha": "4fb51b01ec5f41eb9d55fe74a1fa7995b739cd42"
        },
        "setup.cfg": {
            "sha": "6deafc261704e20369c0983af88042e502ae4880"
        },
        "{% if cookiecutter.license == 'Apache-2.0' -%} LICENSE {%- endif %}": {
            "sha": "4e673f082aa8b43e2d33525c258fbf140d0e7539"
        },
        "{% if cookiecutter.license == 'MIT' -%} LICENSE {%- endif %}": {
            "sha": "bb0faca4b352580e8affdd61841e8378d328da2b"
        }
    }
}