{
    "dirs": {
        ".dependabot": {
            "dirs": {},
            "files": {
                "config.yml": {
                    "sha": "0a94bebc1ea74816c12c928c680da8e038105616"
                }
            }
        },
        ".github": {
            "dirs": {},
            "files": {
                "ISSUE_TEMPLATE.md": {
                    "sha": "4732fbaa769ff218894e436b58fd24eff2351367"
                }
            }
        },
        "docs": {
            "dirs": {},
            "files": {
                "Makefile": {
                    "sha": "740be528dea538bd71f08ad8e12a84c62f37976f"
                },
                "authors.rst": {
                    "sha": "cf16fc494d46e8857e4f1eb5bfefacec7f49c03f"
                },
                "conf.py": {
                    "sha": "7a70c0e21a5725a5d122add7fad528dca7a34e62"
                },
                "contributing.rst": {
                    "sha": "4fc50161cf01a9de5f90328c26d99ebbf125fe10"
                },
                "history.rst": {
                    "sha": "6336d7666d04b227eae7975f7c047ba4152cbaa9"
                },
                "index.rst": {
                    "sha": "735ca314fa7bf0d865f14688657221e474bed905"
                },
                "installation.rst": {
                    "sha": "aa1e11797b6f9a0ac6fa46da94b2762e2a4b2e49"
                },
                "make.bat": {
                    "sha": "4a216dadd1760cbdf1258913ac86ccf36036ed68"
                },
                "modules.rst": {
                    "sha": "13bfb545fbc52d5b5f8ab61278116e911b08c840"
                },
                "readme.rst": {
                    "sha": "97d49585163b3c44f2a167ffee0f64ebb9bb80cf"
                },
                "usage.rst": {
                    "sha": "4add6fbac22692e0fe903ea0728b0078c697e658"
                }
            }
        },
        "tests": {
            "dirs": {},
            "files": {
                "__init__.py": {
                    "sha": "e69de29bb2d1d6434b8b29ae775ad8c2e48c5391"
                },
                "test_{{cookiecutter.project_slug}}.py": {
                    "sha": "538f86779fd1dd6366fd2e96ad6275ab918643ab"
                }
            }
        },
        "{{cookiecutter.project_slug}}": {
            "dirs": {},
            "files": {
                "__init__.py": {
                    "sha": "79112f358080eccb8226dcb21e09697c2a4393b7"
                },
                "cli.py": {
                    "sha": "3849fe36ed8586c8dff781e40be653b4b7ba3cd0"
                },
                "{{cookiecutter.project_slug}}.py": {
                    "sha": "7fbbae4f9c58882c3754a89675312f3c1430ffd8"
                }
            }
        }
    },
    "files": {
        ".dockerignore": {
            "sha": "d4e22e19e37a3ea9e8b44b29e592623bc87310ff"
        },
        ".editorconfig": {
            "sha": "b965526ad6a70a2294402e528fd1ce338d6dc722"
        },
        ".gitignore": {
            "sha": "b8938bd0a1ebafd0635a5ee08e17ae75c5d88c90"
        },
        ".pylintrc": {
            "sha": "1c3079c8f06e30228df0cf248396369efbcd7acb"
        },
        "AUTHORS.md": {
            "sha": "e3622a0dbfc5f1c8d569705ae383de31da426711"
        },
        "CHANGELOG.md": {
            "sha": "cdf3f24b506eea81bedba92af534febc3c08117d"
        },
        "CONTRIBUTING.md": {
            "sha": "8e1d31fecb039b15edac85a8f3316f2b4619f28d"
        },
        "Dockerfile": {
            "sha": "0fd78c5a38afb730e383578d19c5727b0e01f842"
        },
        "Jenkinsfile": {
            "sha": "75b3a08de5ccd6ea12fd51628061b2364c30f03c"
        },
        "LICENSE": {
            "sha": "0fbc40300b2fee8dbfa3414ce431f6467864c6ba"
        },
        "MANIFEST.in": {
            "sha": "b576d69f509907079577baef28f53cbf8baf366e"
        },
        "Makefile": {
            "sha": "1b60a9474f639f0f3e527626af2b242eeca85b1f"
        },
        "README.md": {
            "sha": "548d65e7460b0b6a8340d50ffd01e34d42952ecd"
        },
        "azure-pipelines.yml": {
            "sha": "dcf69d24a3b3740b962a4ce7cbf547f73a3a9b98"
        },
        "pyproject.toml": {
            "sha": "0159f42434c53f11a710cb31b03c4b2d14b50390"
        },
        "requirements_dev.txt": {
            "sha": "6d3a3d7961c1ba368b27e46a9d5db6d09ec8fdf3"
        },
        "setup.cfg": {
            "sha": "7b64e8c32d90e7f8cc75b2fe5d5ba52b3aa17dfa"
        },
        "setup.py": {
            "sha": "066609ac426a34f5620cc0ccd8157f30499bf8d7"
        },
        "tox.ini": {
            "sha": "1621d661269521754ae6e5aa9e9a9202cd9e5142"
        }
    }
}