{
    "dirs": {
        "docs": {
            "dirs": {},
            "files": {
                "Makefile": {
                    "sha": "0e35bee91470117571d29550419477dba7f42c93"
                },
                "api.rst": {
                    "sha": "ac7279a4db4d3cc80b52079a991ea6aa41ed5354"
                },
                "authors.rst": {
                    "sha": "e122f914a87b277e565fc9567af1a7545ec9872b"
                },
                "conf.py": {
                    "sha": "1f67aba0a3d77150d997b89ebfb1c006e5b7bb93"
                },
                "contributing.rst": {
                    "sha": "e582053ea018c369be05aae96cf730744f1dc616"
                },
                "history.rst": {
                    "sha": "37c6fae3b34df3dc09ba5d1171c99a5063188ffd"
                },
                "index.rst": {
                    "sha": "c709deb31cf1941a3fd083917d713da47a11033e"
                },
                "installation.rst": {
                    "sha": "ac48187baabd68195ec05d791619b658deef412c"
                },
                "make.bat": {
                    "sha": "fec43bb8cb972f348a8bf229ea3098ff3bd86d6c"
                },
                "requirements.txt": {
                    "sha": "4a7eb0fbc77e47b2922d1ba595cde42e02e21cac"
                },
                "roadmap.rst": {
                    "sha": "b565aaf34f73dea5084f1378e78c87c09c81f107"
                },
                "usage.rst": {
                    "sha": "c11730af26746324ec1861cd4916c4d004ccf16b"
                }
            }
        },
        "settings": {
            "dirs": {},
            "files": {
                "default.yml": {
                    "sha": "ca921f75efb78d64736d7af7ffa71cfd77634996"
                },
                "testing.yml": {
                    "sha": "3b95f01e93527e1a9dc9ff9f3c8667e1ca3480bf"
                }
            }
        },
        "{{cookiecutter.repo_name}}": {
            "dirs": {
                "testsuite": {
                    "dirs": {},
                    "files": {
                        "__init__.py": {
                            "sha": "a71cf72b1f943b5f2f2a292a1fbdc7ef58f9d387"
                        },
                        "application.py": {
                            "sha": "6cb377d5eab3ec266f927e7b2072ec269251849b"
                        },
                        "helpers.py": {
                            "sha": "1ca171bcd45507c718b749dfad481c8bc7214744"
                        },
                        "{{cookiecutter.repo_name}}.py": {
                            "sha": "fe977932f63cfe1e3fdbae78505e280c1b1c0461"
                        }
                    }
                }
            },
            "files": {
                "__about__.py": {
                    "sha": "4e2f2e8a688cf2d19026c6533283fbae7544e6e7"
                },
                "__init__.py": {
                    "sha": "982821475fcacd2e06ad0f4b8d65155e2c883527"
                },
                "_compat.py": {
                    "sha": "01d10810e80fb828bf919703c28d0af59ef167dc"
                },
                "blueprint_example.py": {
                    "sha": "9cb054613930bc509f82209286b116f36fe4c763"
                },
                "core.py": {
                    "sha": "7185b37c9b54b711b97b0be22468492399d86152"
                },
                "exc.py": {
                    "sha": "4d657368737932911a7f5777f85f98f4f7e1480a"
                },
                "settings.py": {
                    "sha": "d3ea0910bac44540286a1d6c606df32d9512c6d1"
                },
                "util.py": {
                    "sha": "e2fe0c7b1890f9160cc09cd3b08b9e876757c52f"
                },
                "{{cookiecutter.repo_name}}.py": {
                    "sha": "94ebffbab10c81945202145f2f769c568335ae95"
                }
            }
        }
    },
    "files": {
        ".gitignore": {
            "sha": "2a88a2413c96898a122ee20fd73bd5d5d51cf80f"
        },
        ".travis.yml": {
            "sha": "694a9021372adda5b611daa054db87286e9de7c4"
        },
        "AUTHORS.rst": {
            "sha": "06770ce420b0029f335a1aaac3c72dddd8fb30b5"
        },
        "CHANGES": {
            "sha": "49d6558172e45c1cc9632aff36805c054a4e1bef"
        },
        "CONTRIBUTING.rst": {
            "sha": "b5c397ddbb56275f889c68e71840419162b4517b"
        },
        "LICENSE": {
            "sha": "315615bdde3381a92820154c092e69e063dd86fb"
        },
        "MANIFEST.in": {
            "sha": "027e727b322fe1407ce1928fe77a2d077d550bae"
        },
        "Makefile": {
            "sha": "8300dd3f215c7c1f2a615764dee0905651ee4757"
        },
        "README.rst": {
            "sha": "7f91d4e851f68131631bc3952bf3ac0aa7cb9678"
        },
        "TODO": {
            "sha": "065b2c9aa7c62021c56a9a33f17cf1d4b23a782e"
        },
        "manage.py": {
            "sha": "13bffdcfd10dc0e98343059f47512923a6698335"
        },
        "requirements.txt": {
            "sha": "d3b54e75fc256c2d9341a62519f439d6ae7efdbb"
        },
        "run-tests.py": {
            "sha": "f5715d73302d0bc171b0fac99aa3d2e4e515256d"
        },
        "setup.py": {
            "sha": "154af5d4eae8e24cbcf26dced4c4ab154f16c475"
        },
        "tox.ini": {
            "sha": "9f0709be4227262608c51df28d3959f9f853185d"
        }
    }
}