{
    "dirs": {
        "bin": {
            "dirs": {},
            "files": {
                "post_compile": {
                    "sha": "6b1da8800eb9b69145a772d7f873522d223a4574"
                }
            }
        },
        "docs": {
            "dirs": {},
            "files": {
                "Makefile": {
                    "sha": "8819290b63749aa12b9f98ab1d75c00387b6bf80"
                },
                "__init__.py": {
                    "sha": "8772c827b325541e1fb46121b7175b1087fc7e26"
                },
                "conf.py": {
                    "sha": "156d63294391dd6d209c8c943d9f33ffb9c3c463"
                },
                "deploy.rst": {
                    "sha": "1e642c7988ed69776954825a6d0116b031de03a1"
                },
                "index.rst": {
                    "sha": "a212be82c85ad88da7086ce4b5aabab2f88e7c26"
                },
                "install.rst": {
                    "sha": "1bc03335d440baace95b0da42afea21aa6577c81"
                },
                "make.bat": {
                    "sha": "44c1170ce521700c6c82c2a7dbd5f7e194f31a3e"
                }
            }
        },
        "vagrant": {
            "dirs": {},
            "files": {
                "provision.sh": {
                    "sha": "3cc2d46bef01e86209b373802807aedeceb804d6"
                }
            }
        },
        "{{cookiecutter.repo_name}}": {
            "dirs": {
                "home": {
                    "dirs": {
                        "migrations": {
                            "dirs": {},
                            "files": {
                                "0001_initial.py": {
                                    "sha": "77e0625d7a20782797767b0bb62b467045e9aa33"
                                },
                                "0002_create_homepage.py": {
                                    "sha": "353fc9362c09f3019b73ca2a3fd3e058b13748b2"
                                },
                                "__init__.py": {
                                    "sha": "e69de29bb2d1d6434b8b29ae775ad8c2e48c5391"
                                }
                            }
                        },
                        "templates": {
                            "dirs": {
                                "home": {
                                    "dirs": {},
                                    "files": {
                                        "home_page.html": {
                                            "sha": "842b5384b2f95a7f934b622eec86c42b815e7ed2"
                                        }
                                    }
                                }
                            },
                            "files": {}
                        }
                    },
                    "files": {
                        "__init__.py": {
                            "sha": "e69de29bb2d1d6434b8b29ae775ad8c2e48c5391"
                        },
                        "models.py": {
                            "sha": "e8278e793e4c6f99522b2f919a73ba9ac33f46fe"
                        }
                    }
                },
                "search": {
                    "dirs": {
                        "templates": {
                            "dirs": {
                                "search": {
                                    "dirs": {},
                                    "files": {
                                        "search.html": {
                                            "sha": "5323d281fd256d92f7e9934ed4f689e5c1cf372e"
                                        }
                                    }
                                }
                            },
                            "files": {}
                        }
                    },
                    "files": {
                        "__init__.py": {
                            "sha": "e69de29bb2d1d6434b8b29ae775ad8c2e48c5391"
                        },
                        "views.py": {
                            "sha": "c69b228de33f3e5be5bae8383f27de986e89f164"
                        }
                    }
                },
                "settings": {
                    "dirs": {},
                    "files": {
                        ".gitignore": {
                            "sha": "75276c8304a9aeaab05d3b6303b7c15474713f9b"
                        },
                        "__init__.py": {
                            "sha": "c7873286aa6adb9885bb2ed7ec713246193c49bd"
                        },
                        "base.py": {
                            "sha": "96676cc9f307e5de663a570073acd506187fd0b1"
                        },
                        "dev.py": {
                            "sha": "8d0a7f4a1fb2990487981f53d5442fcb078f0fc6"
                        },
                        "production.py": {
                            "sha": "90cf4c86723b8d6f07f51097924fea1c7f7394e8"
                        }
                    }
                },
                "static": {
                    "dirs": {
                        "css": {
                            "dirs": {},
                            "files": {
                                "main.scss": {
                                    "sha": "b47baf6098b50179f6e3d1a4d23dc4ef28bc30b7"
                                }
                            }
                        },
                        "js": {
                            "dirs": {},
                            "files": {
                                "main.js": {
                                    "sha": "e69de29bb2d1d6434b8b29ae775ad8c2e48c5391"
                                }
                            }
                        }
                    },
                    "files": {}
                },
                "templates": {
                    "dirs": {},
                    "files": {
                        "404.html": {
                            "sha": "7e97b27358574d9cd9329eb5644c2b2dec9ffe3e"
                        },
                        "500.html": {
                            "sha": "2a5be4cbbcfba63e80397d880beed13f6eb15e08"
                        },
                        "base.html": {
                            "sha": "09030754cc1da343e33031c07c575228a97d0afb"
                        }
                    }
                }
            },
            "files": {
                "__init__.py": {
                    "sha": "e69de29bb2d1d6434b8b29ae775ad8c2e48c5391"
                },
                "urls.py": {
                    "sha": "2f230bdb51e67aaf73c42bf55753f5b929fc510a"
                },
                "wsgi.py": {
                    "sha": "6a0a5535ce6f23a17cbe78d5e6b7674253705bee"
                }
            }
        }
    },
    "files": {
        ".gitignore": {
            "sha": "7b36203137daca4ebaf444ef0864b680d4be577f"
        },
        "Procfile": {
            "sha": "62d938da4ffc42346b818d8015d1e848b46b7b67"
        },
        "Vagrantfile": {
            "sha": "9ca02daa9a0ba43f845ca85e3b47f7b34e9d3126"
        },
        "fabfile.py": {
            "sha": "5b9432d5ea7b84fc77aa8ac9d768202c81825236"
        },
        "manage.py": {
            "sha": "620c90c437489edd82e13ff9db161d9619f563dc"
        },
        "readme.md": {
            "sha": "e9612bfcf6258bb1a98e4a0705dec43851f501de"
        },
        "requirements.txt": {
            "sha": "48510be3d67e65cd38c0c99b13417bf869a1e009"
        },
        "runtime.txt": {
            "sha": "294a23e9c8b6be536bb3f560c5c0145bb9a22a38"
        },
        "stellar.yaml": {
            "sha": "20df4e97737d18a103c933f4005debee706487e3"
        }
    }
}