{
    "dirs": {
        ".circleci": {
            "dirs": {},
            "files": {
                "config.yml": {
                    "sha": "23e1c7efc79da893e57b011c24ce7f491ae921e2"
                }
            }
        },
        "migrations": {
            "dirs": {},
            "files": {
                "env.py": {
                    "sha": "1fa2b0b586ec2fd9e004c4b854b46c39e96985f1"
                },
                "script.py.mako": {
                    "sha": "17df680af4a012f556e340fb86541f737aafb305"
                }
            }
        },
        "tests": {
            "dirs": {
                "test_routers": {
                    "dirs": {},
                    "files": {
                        "test_default.py": {
                            "sha": "423f5b6ef33ba1e50e56dd4aff3130740bda5b17"
                        }
                    }
                }
            },
            "files": {
                "__init__.py": {
                    "sha": "e69de29bb2d1d6434b8b29ae775ad8c2e48c5391"
                },
                "conftest.py": {
                    "sha": "0c869ab470712d398e8bd38ec2081853b0fd3468"
                },
                "model_fixtures.py": {
                    "sha": "b142b4817a9b6757c21c1eaa739aad724e955eb7"
                },
                "test_config.py": {
                    "sha": "8ed5e65f329465348459e7e92a7a23cc6a3e3cd5"
                },
                "test_config.yml": {
                    "sha": "95738fef0881c61b544c7f13e7a24529abeeae8b"
                },
                "test_database.py": {
                    "sha": "e2e71999e259ca958652807e23f03f937dd35d0e"
                }
            }
        },
        "{{ cookiecutter.module_name }}": {
            "dirs": {
                "routers": {
                    "dirs": {},
                    "files": {
                        "__init__.py": {
                            "sha": "6cc9b60211568b0b4a8da56cf27b8aaf7ed1a014"
                        },
                        "default.py": {
                            "sha": "e11b0a9986536f0a40f34d3edd5b249b71b48c00"
                        }
                    }
                }
            },
            "files": {
                "CHANGELOG.md": {
                    "sha": "04e3478a2b25838075147e56542369c71908824b"
                },
                "__init__.py": {
                    "sha": "7b7e37d1c196bfb57bb1e701032e7005e8965221"
                },
                "config.py": {
                    "sha": "d9753a2dbc2d0cd65d0c5b0b0f95e9fafab4715a"
                },
                "database.py": {
                    "sha": "2ccb679cee1b8d59901cac5d1bca66b01a4df0d0"
                },
                "main.py": {
                    "sha": "1c7553b0ef7dd3029c504e49dccbbbce4b2adbf5"
                },
                "rds-ca-2019-root.pem": {
                    "sha": "fd4bc861abcb762288694505b766ca06ca289672"
                }
            }
        }
    },
    "files": {
        ".gitignore": {
            "sha": "3dd9a59ba51b30e3fb8a4bf68eb94575d3a2da04"
        },
        "README.md": {
            "sha": "073fd4a72392ed8029bf0078c4d226eb8201215b"
        },
        "alembic.ini": {
            "sha": "b501eec86029784821f90c6fa4f820bdcd57f522"
        },
        "cli.py": {
            "sha": "e5a3e249700cefbf3d4ece74f50471de397101ec"
        },
        "generate_angular_client.sh": {
            "sha": "f9dde76b107e6e03809fe3865329f81303e2f622"
        },
        "generator-config.yml": {
            "sha": "2ced2b4fad17faa8473c1c58d7a72e4f7650c0d1"
        },
        "mypy.ini": {
            "sha": "6e70f234613c8729153e8686e5dae32df45245c6"
        },
        "package.json": {
            "sha": "66205d36519357f9a298b4329762889a0df3b665"
        },
        "pyproject.toml": {
            "sha": "2e8761ac1141c9e1c4999451e199f53f8ad72392"
        },
        "sample-config.yml": {
            "sha": "82dedc040ac4a3b6961b59f61a51f253d9dff708"
        },
        "serverless.yml": {
            "sha": "94fc43d83620c3d4ed723fac84f1acfee0eaf312"
        }
    }
}