{
    "dirs": {
        ".github": {
            "dirs": {
                "ISSUE_TEMPLATE": {
                    "dirs": {},
                    "files": {
                        "bug_report.yml": {
                            "sha": "16f16f13266c6673bb11ac8012272093b0c6fb89"
                        },
                        "config.yml": {
                            "sha": "bd9dfe4ef576ac8c357d50fcd91470c5694f52d9"
                        },
                        "documentation.yml": {
                            "sha": "582c191ced1ae92a47cfb0bcebe083c7a27327c0"
                        },
                        "feature_request.yml": {
                            "sha": "8e1ad7fe3493585b7ea05201197f46f55686c324"
                        },
                        "question.yml": {
                            "sha": "d7d181ad2c31be3074629c2fbe61fc93bdfcf31e"
                        }
                    }
                },
                "workflows": {
                    "dirs": {},
                    "files": {
                        "docs.yml": {
                            "sha": "154f525505a4c9bf735df2545d701367aa947068"
                        },
                        "linting.yml": {
                            "sha": "5516e8e887879c343c45cedf973ce6285db2224c"
                        },
                        "tests.yml": {
                            "sha": "7b82646cca628f89128f67c2a1010236ff3bb627"
                        }
                    }
                }
            },
            "files": {}
        },
        "docs": {
            "dirs": {},
            "files": {
                "LICENSE.md": {
                    "sha": "75b899af8d705b19a1c653bf571f0d7bc7eaef3c"
                },
                "api.md": {
                    "sha": "eb5f8c56caa09cb14f225c92c8f691a5938cdb9c"
                },
                "index.md": {
                    "sha": "e8a17ad14325e7ce67fd0e736043abc16e936b49"
                }
            }
        },
        "schemas": {
            "dirs": {},
            "files": {
                "github-issue-forms.json": {
                    "sha": "b890ff1343231df825cc7ec0330c9787dd25777f"
                }
            }
        },
        "src": {
            "dirs": {
                "{{cookiecutter.package_name}}": {
                    "dirs": {},
                    "files": {
                        "__init__.py": {
                            "sha": "456257d0d7733ecb04a1fe7a6e323ba473d2f8fb"
                        }
                    }
                }
            },
            "files": {}
        },
        "tests": {
            "dirs": {},
            "files": {
                "test_dummy.py": {
                    "sha": "0c1c580e56f153985e094cb7db5f7144d6c73e32"
                }
            }
        }
    },
    "files": {
        ".gitignore": {
            "sha": "6a56601324ccdbc5c90c7e1a2c81d51e43ed13f8"
        },
        ".markdownlint.yaml": {
            "sha": "02907b2bc553b2e0129013bda708dfed8922c3f8"
        },
        ".pre-commit-config.yaml": {
            "sha": "aa81102617f16dea9819910135fe6dbeb75776fe"
        },
        "CITATION.cff": {
            "sha": "1f2d7a4c7a9e3b8cc3987ef73399890ab68004cd"
        },
        "LICENSE.md": {
            "sha": "866f8c1929316070f36eb4c90751ad4d6b848168"
        },
        "README.md": {
            "sha": "8451edf12b95891b5ffbcaeddbbcba1e3dc9effd"
        },
        "mkdocs.yml": {
            "sha": "908546ea6d49e0856cc1b918a75d5ad33c47fd9d"
        },
        "pyproject.toml": {
            "sha": "91498d7d44c7a5d62b320a2fb7499795fa759dc0"
        }
    }
}