{
    "dirs": {
        "{{cookiecutter.project_name_as_file_name}}": {
            "dirs": {
                ".settings": {
                    "dirs": {},
                    "files": {
                        "language.settings.xml": {
                            "sha": "c64afdd914b2b12b67bfc4dabd998bedda1a23b5"
                        }
                    }
                },
                "bin": {
                    "dirs": {},
                    "files": {
                        "{{cookiecutter.project_name_as_file_name}}_format_code": {
                            "sha": "01f714eef39653eda4846d016eb6b0056e82e498"
                        }
                    }
                },
                "doc": {
                    "dirs": {
                        "licenses": {
                            "dirs": {},
                            "files": {
                                "cc-by-sa-4.0.txt": {
                                    "sha": "a73481c4be14b761eddf04cb18317cbc63416dc6"
                                }
                            }
                        },
                        "manual": {
                            "dirs": {},
                            "files": {
                                "manual.md": {
                                    "sha": "ff9816f639470f4fc9ea88eb82bd5f2ad532927a"
                                }
                            }
                        }
                    },
                    "files": {
                        "version.sh": {
                            "sha": "2c26b290dd7eb1ef7456d37e92e277fb40a707c4"
                        }
                    }
                },
                "examples": {
                    "dirs": {
                        "{{cookiecutter.project_name_as_file_name}}": {
                            "dirs": {},
                            "files": {
                                "Scenario.ned": {
                                    "sha": "a5f6168b2e9b88991884f0239ef4c4732b50b052"
                                },
                                "antenna.xml": {
                                    "sha": "cbced1d1dbf115c5f91511aae2a0f996b1f6458c"
                                },
                                "config.xml": {
                                    "sha": "03ac7b2db7fa361d96aa9935b7b6aa279502627e"
                                },
                                "erlangen.launchd.xml": {
                                    "sha": "7b7368bc28ff6302db4270b87a2ee26b1126ea4f"
                                },
                                "erlangen.net.xml": {
                                    "sha": "7e2b0ee20aeb166e68644eb35a157f58dfe59d98"
                                },
                                "erlangen.png": {
                                    "sha": "8949eac8fdf73e31f6a4e7f4b81ee9a3ba818d4d"
                                },
                                "erlangen.poly.xml": {
                                    "sha": "bb8372dbd91c529390cec41f1f1e645cc1dd2769"
                                },
                                "erlangen.rou.xml": {
                                    "sha": "41056686653637182ebc1fa3d5754d6e42ae4f93"
                                },
                                "erlangen.sumo.cfg": {
                                    "sha": "a8f30219fa412a9399f95e681ac735b96e598f47"
                                },
                                "omnetpp.ini": {
                                    "sha": "24511dbc6d258f1373677a2045dd1ecb34993f20"
                                },
                                "package.ned": {
                                    "sha": "c72a5bb3a93ac6c5f304f5e0d0803aa4ae5a3bb2"
                                },
                                "run": {
                                    "sha": "10261f9b2a2ec272455310a24cd4260f5c3d3e46"
                                }
                            }
                        }
                    },
                    "files": {}
                },
                "images": {
                    "dirs": {},
                    "files": {
                        "README": {
                            "sha": "e69de29bb2d1d6434b8b29ae775ad8c2e48c5391"
                        }
                    }
                },
                "src": {
                    "dirs": {
                        "scripts": {
                            "dirs": {},
                            "files": {
                                "{{cookiecutter.project_name_as_file_name}}_run.in.py": {
                                    "sha": "d564b865539249a3d3fb7ac45ed304ad97b28a00"
                                }
                            }
                        },
                        "{{cookiecutter.project_name_as_file_name}}": {
                            "dirs": {},
                            "files": {
                                "ApplicationLayerTest.cc": {
                                    "sha": "6cf9f0dd58da0b77d1b73899afc77046410f7442"
                                },
                                "ApplicationLayerTest.h": {
                                    "sha": "1578afa54094f32cad900d856f7a4716c15fcbb9"
                                },
                                "ApplicationLayerTest.ned": {
                                    "sha": "02c5d7b86036bc123efe19be70f1a8ac4fb163ac"
                                },
                                "ApplicationLayerTestMessage.msg": {
                                    "sha": "e38fd3235ca0891d97fb123d5eddd8f187d23f3f"
                                },
                                "package.ned": {
                                    "sha": "681e41fdbf1174cd580cc6d4b5d7db150702f824"
                                },
                                "{{cookiecutter.project_name_as_file_name}}.h": {
                                    "sha": "c9ae1212c52c642905b7163cd271e62f58d11d44"
                                }
                            }
                        }
                    },
                    "files": {
                        "makefrag": {
                            "sha": "cfdfb99756c5b54af51837e082d6b10537cd149a"
                        }
                    }
                }
            },
            "files": {
                ".clang-format": {
                    "sha": "6a5bfe97b2b35d63767c27fc6acb18403085358e"
                },
                ".cproject": {
                    "sha": "56add57407c64ef3e936754a79f1c8fd1b3fd170"
                },
                ".gitignore": {
                    "sha": "715f051820e9891a7be6fd8c628fdee9289c197b"
                },
                ".nedexclusions": {
                    "sha": "e69de29bb2d1d6434b8b29ae775ad8c2e48c5391"
                },
                ".nedfolders": {
                    "sha": "fe627f8ea9084dd96a8d617c7e70b7995ea1e564"
                },
                ".oppbuildspec": {
                    "sha": "5ba9884bcf834d8e7f47b5d290ffc498b559ab12"
                },
                ".oppfeaturestate": {
                    "sha": "5b7b1d12a32ab90b7bd4706fa6a5d663f4996b05"
                },
                ".project": {
                    "sha": "a78060c0328d3d4d4b4715530b7c528e98091107"
                },
                ".uncrustify.cfg": {
                    "sha": "7478bede4d93683cb4d16918797b97e3db81efcf"
                },
                "COPYING": {
                    "sha": "d511905c1647a1e311e8b20d5930a37a9c2531cd"
                },
                "Makefile": {
                    "sha": "731ebbee3f1949083a173341e7af8f6dcf9acf2b"
                },
                "README.md": {
                    "sha": "506263411a4a81f9c625dacb26f4c2feed104136"
                },
                "configure": {
                    "sha": "8d74de2a635ed189d4e7b169c832467b2ee33c19"
                },
                "doxy.cfg": {
                    "sha": "3d1222832b2280fbdea4cd4de600e9effcc83de5"
                },
                "print-{{cookiecutter.project_name_as_file_name}}-version": {
                    "sha": "2a86010b7c493d3a82dc42c703ba29846e52e207"
                },
                "setenv": {
                    "sha": "9d7d6339ea784cf557cd24b6c1d18cf47ea50e44"
                }
            }
        }
    },
    "files": {
        "Makefile": {
            "sha": "3fa1ee25b3b019c7eb7cd39314afde75e4e1c730"
        },
        "configure": {
            "sha": "9316648afe4b82d5d6d3784f599f3aee7cbe9329"
        },
        "setenv": {
            "sha": "bb35029e0a2b5ad578a6b808bb6744b06c793498"
        }
    }
}