{
    "dirs": {
        "roswell": {
            "dirs": {},
            "files": {
                "README.md": {
                    "sha": "78474cb651c4e1fc0003b8556dd44e453dd87977"
                },
                "{{cookiecutter.project_name}}.ros": {
                    "sha": "fd5209e87af9d36937cf36d590dd684eee172efe"
                }
            }
        },
        "src": {
            "dirs": {},
            "files": {
                "packages.lisp": {
                    "sha": "fb902d2d79564b0104b75e877c0b1cb6882c1644"
                },
                "{{cookiecutter.project_name}}.lisp": {
                    "sha": "77179809f0de79f7f2a0a48b0a7d966e1a2dd83a"
                }
            }
        },
        "tests": {
            "dirs": {},
            "files": {
                "packages.lisp": {
                    "sha": "90c0f3487ab51dc844d805b5120c8e68f74e928f"
                },
                "test-{{cookiecutter.project_name}}.lisp": {
                    "sha": "1c23a9940e94cdadbb66ad59425500af1a74a26a"
                }
            }
        }
    },
    "files": {
        ".gitignore": {
            "sha": "7a6defb31d51a918a72debec64145e555988b4a5"
        },
        ".travis.yml": {
            "sha": "ad4a3f15b080507cf54ce7f2458907359d0dad26"
        },
        "LICENSE": {
            "sha": "b749d58cee8f7127937fd8079791d4f664335874"
        },
        "Makefile": {
            "sha": "1240897da38bd85db1c88ed4ff9c3664fb311bb2"
        },
        "README.md": {
            "sha": "45e5916a82ff61fa925335cb8799d849d8bb17bb"
        },
        "run-tests.lisp": {
            "sha": "91d8289a2f41d7afdd6c733f3693be6910a983c1"
        },
        "run.lisp": {
            "sha": "ff66acfe0d182471ca4cc127b132d06a08387b6c"
        },
        "{{cookiecutter.project_name}}-tests.asd": {
            "sha": "ed313348b3e044eb3768423e72566286fd83408f"
        },
        "{{cookiecutter.project_name}}.asd": {
            "sha": "4a7eb2fc3c086fb8af5332dff9a83b79f9db2fff"
        }
    }
}