{
    "dirs": {
        "roswell": {
            "dirs": {},
            "files": {
                "README.md": {
                    "sha": "5c533d9bdbbdc2320c3881ea222a5e6c017a8647"
                },
                "{{cookiecutter.project_name}}.ros": {
                    "sha": "a9600666214729da454209dd861c74e4adbc98e5"
                }
            }
        },
        "src": {
            "dirs": {
                "models": {
                    "dirs": {},
                    "files": {
                        "models.lisp": {
                            "sha": "35f542e7a3f565afee9b590b1c012fa12ce58d9b"
                        }
                    }
                },
                "static": {
                    "dirs": {},
                    "files": {
                        "{{cookiecutter.project_name}}.js": {
                            "sha": "b5452028a0bd7b8d4f4122b774d2bb3e372b3c4a"
                        }
                    }
                },
                "templates": {
                    "dirs": {},
                    "files": {
                        "base.html": {
                            "sha": "904b9c6925e3ac0c60047bee1799e93b787ea7a7"
                        },
                        "dashboard.html": {
                            "sha": "ab7c3debaa7216b706990d03347f45e91a31ce28"
                        }
                    }
                }
            },
            "files": {
                "database.lisp": {
                    "sha": "ba302a2dc59e2858f8f82e4712793c927acb68cb"
                },
                "packages.lisp": {
                    "sha": "a1fed917d3a2822ec7d482f01c66c56053b854ff"
                },
                "utils.lisp": {
                    "sha": "f85ab6f3f005051211c0a025303367c78531f3c8"
                },
                "web.lisp": {
                    "sha": "38674d5f8b06848af42884c6b43cf856049e51d6"
                },
                "{{cookiecutter.project_name}}.lisp": {
                    "sha": "6996e313676f742ab5993f1f8203c53678d5054a"
                }
            }
        },
        "tests": {
            "dirs": {},
            "files": {
                "packages.lisp": {
                    "sha": "90c0f3487ab51dc844d805b5120c8e68f74e928f"
                },
                "test-{{cookiecutter.project_name}}.lisp": {
                    "sha": "1c23a9940e94cdadbb66ad59425500af1a74a26a"
                }
            }
        }
    },
    "files": {
        ".gitignore": {
            "sha": "7a6defb31d51a918a72debec64145e555988b4a5"
        },
        ".travis.yml": {
            "sha": "ad4a3f15b080507cf54ce7f2458907359d0dad26"
        },
        "LICENCE": {
            "sha": "b749d58cee8f7127937fd8079791d4f664335874"
        },
        "Makefile": {
            "sha": "1240897da38bd85db1c88ed4ff9c3664fb311bb2"
        },
        "README.md": {
            "sha": "b2062b3be75c085329a4ba4d3a0892306e120cb3"
        },
        "config-example.lisp": {
            "sha": "e245bdb66ce289753ad41392866784d0d768c1c0"
        },
        "run-tests.lisp": {
            "sha": "91d8289a2f41d7afdd6c733f3693be6910a983c1"
        },
        "run.lisp": {
            "sha": "ff66acfe0d182471ca4cc127b132d06a08387b6c"
        },
        "{{cookiecutter.project_name}}-tests.asd": {
            "sha": "ed313348b3e044eb3768423e72566286fd83408f"
        },
        "{{cookiecutter.project_name}}.asd": {
            "sha": "bd83c991d32f5a49aa77c5fac8fc2ac4210eae75"
        }
    }
}