{
    "dirs": {
        ".github": {
            "dirs": {
                "scripts": {
                    "dirs": {},
                    "files": {
                        "report_nightly_build_failure.py": {
                            "sha": "e903513b7794311effa8d449c50ca7df5c9b714b"
                        }
                    }
                },
                "workflows": {
                    "dirs": {},
                    "files": {
                        "nightly.yml": {
                            "sha": "121c7e4ae04a5d494259f241bf2a1ca9ab1a8fdb"
                        },
                        "publish.yml": {
                            "sha": "fa099f16accd62c4b97fa215325e85cf4edb18a8"
                        },
                        "test.yml": {
                            "sha": "81a86241edaa6b1e5e95625e0bba0bde43488d61"
                        }
                    }
                }
            },
            "files": {}
        },
        "tests": {
            "dirs": {},
            "files": {
                "conftest.py": {
                    "sha": "6357813120e06dd50647184a7dcbe96a7d978219"
                },
                "test_placeholder.py": {
                    "sha": "835e7008c336a47021526e007febebc4463d3c2f"
                }
            }
        },
        "{{ cookiecutter.__project_name_snake }}": {
            "dirs": {
                "migrations": {
                    "dirs": {},
                    "files": {
                        "__init__.py": {
                            "sha": "e69de29bb2d1d6434b8b29ae775ad8c2e48c5391"
                        }
                    }
                },
                "static": {
                    "dirs": {
                        "{{ cookiecutter.__project_name_snake }}": {
                            "dirs": {
                                "js": {
                                    "dirs": {},
                                    "files": {
                                        ".gitignore": {
                                            "sha": "ffe20af40883b5bdcd43fa59ecff6e37d7c0f543"
                                        }
                                    }
                                }
                            },
                            "files": {}
                        }
                    },
                    "files": {}
                },
                "static_src": {
                    "dirs": {},
                    "files": {
                        "custom.d.ts": {
                            "sha": "6b3afcba7aa8e5de08e0259c1464dc0448777f2d"
                        },
                        "main.tsx": {
                            "sha": "e69de29bb2d1d6434b8b29ae775ad8c2e48c5391"
                        }
                    }
                },
                "test": {
                    "dirs": {
                        "tests": {
                            "dirs": {},
                            "files": {
                                "__init__.py": {
                                    "sha": "e69de29bb2d1d6434b8b29ae775ad8c2e48c5391"
                                }
                            }
                        }
                    },
                    "files": {
                        "__init__.py": {
                            "sha": "ffb6838d44f9829bd6f292f4f0b88bb77c98aead"
                        },
                        "apps.py": {
                            "sha": "906f40b4572dff2631f7049a17dcf03b3c26af99"
                        },
                        "settings.py": {
                            "sha": "dc748b77f7db30fdc65e737fc6f3a2b480b98241"
                        },
                        "urls.py": {
                            "sha": "5348aaf5cd41c2bc19b52c7a6f635a674668c787"
                        }
                    }
                }
            },
            "files": {
                "__init__.py": {
                    "sha": "4eb44c1c245722f978961db3972cfc3ec04d9293"
                },
                "apps.py": {
                    "sha": "28c02e997d37cf818bfc2164af105ae3efc3a516"
                },
                "models.py": {
                    "sha": "e69de29bb2d1d6434b8b29ae775ad8c2e48c5391"
                },
                "wagtail_hooks.py": {
                    "sha": "b18d07863ca01b9a3b38996f0a4979570a70e017"
                }
            }
        }
    },
    "files": {
        ".coveragerc": {
            "sha": "f1ff29c13cc4870181b30210007e214e8fabb83f"
        },
        ".editorconfig": {
            "sha": "5b2c9b95626d075f52d8c49bc0f8a3d71be707c7"
        },
        ".eslintignore": {
            "sha": "70d5577e000b8fca02858e6322b3dfa7c5e89fdb"
        },
        ".eslintrc.js": {
            "sha": "3aa8d709c85bc4cb972232eed532292cb65d27fd"
        },
        ".gitignore": {
            "sha": "57169f9cb487af2cb54cf94b928e8db92cf8a94d"
        },
        ".nvmrc": {
            "sha": "209e3ef4b6247ce746048d5711befda46206d235"
        },
        ".pre-commit-config.yaml": {
            "sha": "d50fd13c8f26a3cc448c0507a4a79f2a681ded2e"
        },
        ".prettierignore": {
            "sha": "b889707143602550db39644bd90e67225f5bc908"
        },
        ".stylelintignore": {
            "sha": "5c29350f7d8e251e51a39cd374b99bc59dd78c41"
        },
        ".stylelintrc.js": {
            "sha": "e8cd794665e894438cde10d9b4be773795b8b3b0"
        },
        "CHANGELOG.md": {
            "sha": "ae75d466b7c6174da767cc87feada4dcdbcfcb8c"
        },
        "CONTRIBUTING.md": {
            "sha": "5691bd4d53fefcd53cb3931746802bce96287cfa"
        },
        "LICENSE": {
            "sha": "f92eb148a8c226d49f9fa4ca4b2883ac0dfb3d8a"
        },
        "README.md": {
            "sha": "6650af40d5d1cdeedc2e0aeac935d11ff3c8652b"
        },
        "SECURITY.md": {
            "sha": "c696f9786ea755a6c8431e7d41277acfe8baffd2"
        },
        "package.json": {
            "sha": "0f577e5e433d8318748b67a4b127ca03c8a85e33"
        },
        "prettier.config.js": {
            "sha": "1b349d19906398b785d6beacf81f0753f045729c"
        },
        "pyproject.toml": {
            "sha": "9613de7b3af2ba8be84c310d928b614c4ebf3cb3"
        },
        "ruff.toml": {
            "sha": "7fc0c7ecc9b349f04d06a6587646ba3f7df6242d"
        },
        "testmanage.py": {
            "sha": "5ec4ece7036ec02c5346372abc71ee69fa6be86b"
        },
        "tox.ini": {
            "sha": "2fec79450097fabc69b3d0a04e358e966a85e22b"
        },
        "tsconfig.json": {
            "sha": "542dc610d5bd2bcf679908750b9ed7a9e55aa090"
        },
        "webpack.config.js": {
            "sha": "f19ca1b04cc1198670616bfaafd92e2002d16c85"
        }
    }
}