{
    "dirs": {
        "docs": {
            "dirs": {
                "source": {
                    "dirs": {},
                    "files": {
                        "conf.py": {
                            "sha": "61f1a1989ec2eea6d6b8b0b8899090c6a2bfdba0"
                        },
                        "index.rst": {
                            "sha": "43b22e88d5e52c172f9938ef029023fa488bc261"
                        }
                    }
                }
            },
            "files": {
                "Makefile": {
                    "sha": "09806c6013cc8c52a13e744eaf7d4ee4e54067a5"
                },
                "make.bat": {
                    "sha": "73446b67d76a0a9f159f63564e26c6a57eed5088"
                }
            }
        },
        "tests": {
            "dirs": {},
            "files": {
                "__init__.py": {
                    "sha": "e69de29bb2d1d6434b8b29ae775ad8c2e48c5391"
                },
                "test_sample.py": {
                    "sha": "060cbc884c9974ac8b5a1aa43fb12d272fa3985a"
                }
            }
        },
        "{{cookiecutter.app_name}}": {
            "dirs": {},
            "files": {
                "__init__.py": {
                    "sha": "e69de29bb2d1d6434b8b29ae775ad8c2e48c5391"
                }
            }
        }
    },
    "files": {
        ".gitignore": {
            "sha": "1f3dd3b3c6c45f4dcf985b19e183fc57ecbe4f45"
        },
        "LICENSE.md": {
            "sha": "7c4802ea0eb2c9f30b0bb90eac66d427b7a6a1ec"
        },
        "MANIFEST.in": {
            "sha": "3d387c34829f2aeecd6c1503c5016e028c8f8d84"
        },
        "README.md": {
            "sha": "3763ef0bc4a7a2fbe5af68b7ba60b884af6e9af8"
        },
        "requirements.txt": {
            "sha": "98f162fc5910d275b546330b28fc6e501048cc09"
        },
        "setup.cfg": {
            "sha": "cb4a338e882d14b759a5ae42fc30a0a832b18e88"
        },
        "setup.py": {
            "sha": "68bf16bd36a62e381d388aa5b613ce4217d7784f"
        },
        "update_docs.sh": {
            "sha": "a092a3a41d089f2ffae92dc769d2cf72b8c4f179"
        }
    }
}