{
    "dirs": {
        "config": {
            "dirs": {},
            "files": {
                ".env.template": {
                    "sha": "6a231f7f1813e7536ed1ff18c2d2de59b1df6c63"
                }
            }
        },
        "docker": {
            "dirs": {
                "caddy": {
                    "dirs": {},
                    "files": {
                        "Caddyfile": {
                            "sha": "0ba1151837f017e4157dcb204c49b7b4665d36ae"
                        },
                        "Dockerfile": {
                            "sha": "3302b29d647c2ea1776924597dbcc4ae6f4aa0f1"
                        },
                        "ci.sh": {
                            "sha": "d64a50910e1bc7a16101435b7f1c5f4d16d93587"
                        }
                    }
                },
                "django": {
                    "dirs": {},
                    "files": {
                        "Dockerfile": {
                            "sha": "10ba2071fcb37f8ea16b37abea48a5503bf807a1"
                        },
                        "ci.sh": {
                            "sha": "7b52e70e322022c4d7baca9fff9773dd82888be2"
                        },
                        "entrypoint.sh": {
                            "sha": "66bf07bab157d99611393d72b2eeab2bf0bf9b92"
                        },
                        "gunicorn.sh": {
                            "sha": "2efc58454714fc2dfb76ed7d6877e87fdfbffff8"
                        },
                        "gunicorn_config.py": {
                            "sha": "ce390c5f0beb0371f404e16671dcd348b09960ee"
                        },
                        "healthcheck.sh": {
                            "sha": "800892fcfd27149da17c3abeaaa9ae40fa10765c"
                        }
                    }
                }
            },
            "files": {
                "docker-compose.prod.yml": {
                    "sha": "381e3df2aedb770516abb3ea215b4d666b316e78"
                }
            }
        },
        "docs": {
            "dirs": {
                "_static": {
                    "dirs": {},
                    "files": {
                        ".gitkeep": {
                            "sha": "e69de29bb2d1d6434b8b29ae775ad8c2e48c5391"
                        }
                    }
                },
                "_templates": {
                    "dirs": {},
                    "files": {
                        "moreinfo.html": {
                            "sha": "1b45b2f3b154cad44e2e681103b2320b9a6d8aaf"
                        }
                    }
                },
                "documents": {
                    "dirs": {},
                    "files": {
                        ".gitkeep": {
                            "sha": "e69de29bb2d1d6434b8b29ae775ad8c2e48c5391"
                        }
                    }
                },
                "pages": {
                    "dirs": {
                        "project": {
                            "dirs": {},
                            "files": {
                                ".gitkeep": {
                                    "sha": "e69de29bb2d1d6434b8b29ae775ad8c2e48c5391"
                                }
                            }
                        },
                        "template": {
                            "dirs": {},
                            "files": {
                                "development.rst": {
                                    "sha": "233af4123f77d3ea5c1da50811bee47a216c3cce"
                                },
                                "django.rst": {
                                    "sha": "3824371685a924a2b65c801722a3aeb249843f00"
                                },
                                "documentation.rst": {
                                    "sha": "9bf01a048ab8a5430c9783c329e5d6e1939cff3a"
                                },
                                "faq.rst": {
                                    "sha": "a01c18f04d67e0e9e7d475f0f1292b117a6935d5"
                                },
                                "gitlab-ci.rst": {
                                    "sha": "75d00c2bc168bf6b3dd46f666d7b2ff371c010b6"
                                },
                                "linters.rst": {
                                    "sha": "cc8948740d984b9ddc7c1ae08a7e2a8eb30b79ab"
                                },
                                "overview.rst": {
                                    "sha": "6bce2f9f5e2e774e0171844e4c97679317409bb7"
                                },
                                "production-checklist.rst": {
                                    "sha": "4c6bec41100a594843dc5ef54d7275ca8e0f39c1"
                                },
                                "production.rst": {
                                    "sha": "b034e4eec2bd3f4a572d818b24b3634ff88ac4bd"
                                },
                                "security.rst": {
                                    "sha": "413a367423a43873be9592b644255a15efd91864"
                                },
                                "testing.rst": {
                                    "sha": "7208cc32a558f9ad34a4b501ab1eed26b61c91dc"
                                },
                                "troubleshooting.rst": {
                                    "sha": "e280ffc0e249437900b9c8f67e2c66a57d143ce7"
                                },
                                "upgrading-template.rst": {
                                    "sha": "15230f3d18bc250e30e4bba452027c9f7e9ffa2d"
                                }
                            }
                        }
                    },
                    "files": {}
                }
            },
            "files": {
                "Makefile": {
                    "sha": "9ce4d1b04ecdcb0961b42ce8580e4094f21f4da9"
                },
                "README.md": {
                    "sha": "e7061d188b1fba363e44917f359d33195f982036"
                },
                "conf.py": {
                    "sha": "589d7cbbe9e0e996e85f357f5b4fd7469900b85d"
                },
                "index.rst": {
                    "sha": "02663d52bfc23795b274b5e3d19bf13c83b3d97e"
                },
                "make.bat": {
                    "sha": "9af4d7e44dcc2f36cd1d18a2bc9004bceb7de152"
                }
            }
        },
        "locale": {
            "dirs": {},
            "files": {
                ".gitkeep": {
                    "sha": "e69de29bb2d1d6434b8b29ae775ad8c2e48c5391"
                }
            }
        },
        "scripts": {
            "dirs": {},
            "files": {
                "create_dev_database.sql": {
                    "sha": "ab3768f975e2c75546330a84494fe7cceb2ebc36"
                }
            }
        },
        "server": {
            "dirs": {
                "apps": {
                    "dirs": {
                        "main": {
                            "dirs": {
                                "infrastructure": {
                                    "dirs": {},
                                    "files": {
                                        "__init__.py": {
                                            "sha": "e69de29bb2d1d6434b8b29ae775ad8c2e48c5391"
                                        }
                                    }
                                },
                                "logic": {
                                    "dirs": {},
                                    "files": {
                                        "__init__.py": {
                                            "sha": "f6d5d66d6de5e7f71e1d8297fe9c99d680450728"
                                        }
                                    }
                                },
                                "migrations": {
                                    "dirs": {},
                                    "files": {
                                        "0001_initial.py": {
                                            "sha": "a3003edec74c7d7f04852d2c642ed9cb9ba26c85"
                                        },
                                        "__init__.py": {
                                            "sha": "e69de29bb2d1d6434b8b29ae775ad8c2e48c5391"
                                        }
                                    }
                                },
                                "static": {
                                    "dirs": {
                                        "main": {
                                            "dirs": {
                                                "css": {
                                                    "dirs": {},
                                                    "files": {
                                                        "index.css": {
                                                            "sha": "3c274c25e0c3e9092a7a525fac35523a90b5901e"
                                                        }
                                                    }
                                                },
                                                "images": {
                                                    "dirs": {},
                                                    "files": {
                                                        "favicon-16x16.png": {
                                                            "sha": "9ec7aa62f9f0ea43d952f6af21984992be2bb1dc"
                                                        },
                                                        "favicon-32x32.png": {
                                                            "sha": "3fe008d0dedc402f4f641de75597a2d9abcc47fc"
                                                        }
                                                    }
                                                }
                                            },
                                            "files": {}
                                        }
                                    },
                                    "files": {}
                                },
                                "templates": {
                                    "dirs": {
                                        "main": {
                                            "dirs": {},
                                            "files": {
                                                "index.html": {
                                                    "sha": "7d45ea325003c21384f129bdce3c5820f43b8204"
                                                }
                                            }
                                        }
                                    },
                                    "files": {}
                                }
                            },
                            "files": {
                                "__init__.py": {
                                    "sha": "e69de29bb2d1d6434b8b29ae775ad8c2e48c5391"
                                },
                                "admin.py": {
                                    "sha": "8f3ce90462697a54ac94fd5d02fa10eef9bb606f"
                                },
                                "models.py": {
                                    "sha": "ca9434b0e04ee0d36ed406158dfa35f71e6f4d74"
                                },
                                "urls.py": {
                                    "sha": "a5c8968b86640d0d937f7e7ff69b0884ec746805"
                                },
                                "views.py": {
                                    "sha": "cb9bb4fe3f12eb96c1d13b6e553f08d5f17130cc"
                                }
                            }
                        }
                    },
                    "files": {
                        "__init__.py": {
                            "sha": "e69de29bb2d1d6434b8b29ae775ad8c2e48c5391"
                        }
                    }
                },
                "common": {
                    "dirs": {
                        "django": {
                            "dirs": {
                                "templates": {
                                    "dirs": {
                                        "common": {
                                            "dirs": {
                                                "txt": {
                                                    "dirs": {},
                                                    "files": {
                                                        "humans.txt": {
                                                            "sha": "9e549e7cc3329c9da1195f3535c8751838e56680"
                                                        },
                                                        "robots.txt": {
                                                            "sha": "eb0536286f3081c6c0646817037faf5446e3547d"
                                                        }
                                                    }
                                                }
                                            },
                                            "files": {}
                                        }
                                    },
                                    "files": {}
                                }
                            },
                            "files": {
                                "__init__.py": {
                                    "sha": "e69de29bb2d1d6434b8b29ae775ad8c2e48c5391"
                                }
                            }
                        }
                    },
                    "files": {
                        "__init__.py": {
                            "sha": "e69de29bb2d1d6434b8b29ae775ad8c2e48c5391"
                        }
                    }
                },
                "settings": {
                    "dirs": {
                        "components": {
                            "dirs": {},
                            "files": {
                                "__init__.py": {
                                    "sha": "3c3a69779865d0599718546b5395e45c3e72a184"
                                },
                                "caches.py": {
                                    "sha": "61c1e281113d11f1097d6f83f9bf3c289e0162b4"
                                },
                                "common.py": {
                                    "sha": "8e9883e0eebde526e1ab0fc5f6ab0fe601dbb9a5"
                                },
                                "csp.py": {
                                    "sha": "c2a10a5cb3e66049765bc5730d4213ab036804fe"
                                },
                                "logging.py": {
                                    "sha": "ce80f49e3f5bc106b632f27140caf77bbd5ba4a5"
                                }
                            }
                        },
                        "environments": {
                            "dirs": {},
                            "files": {
                                "__init__.py": {
                                    "sha": "9020b19450f1770819088e89c6989971573e2b45"
                                },
                                "development.py": {
                                    "sha": "367ed92f009e306149e943b79865d1258420bf74"
                                },
                                "local.py.template": {
                                    "sha": "13e9d81afb03db4ef0a6db3b051fe6dacc83fb66"
                                },
                                "production.py": {
                                    "sha": "5dafac93c6c3a17aea30e0b1cc9aa05690448d19"
                                }
                            }
                        }
                    },
                    "files": {
                        "__init__.py": {
                            "sha": "8e64e11921fc52841b8a0ff10486554e7280e9cc"
                        }
                    }
                }
            },
            "files": {
                "__init__.py": {
                    "sha": "e69de29bb2d1d6434b8b29ae775ad8c2e48c5391"
                },
                "asgi.py": {
                    "sha": "5a888839739f5d9a394e46eb4e5f220969c2e7a4"
                },
                "urls.py": {
                    "sha": "335a275e2cafb95442a0e01872b2b1d38b0feca4"
                },
                "wsgi.py": {
                    "sha": "7d802108c0113b38e8a956b94a57cf78013bbabb"
                }
            }
        },
        "tests": {
            "dirs": {
                "plugins": {
                    "dirs": {
                        "main": {
                            "dirs": {},
                            "files": {
                                "main_templates.py": {
                                    "sha": "f4cbf4d02e976e8e35a9d9eb2f81ddc6bd9084e0"
                                }
                            }
                        }
                    },
                    "files": {
                        "django_settings.py": {
                            "sha": "7faaa4bffbd345a6401b083c9e6301e24817810e"
                        }
                    }
                },
                "test_apps": {
                    "dirs": {
                        "test_main": {
                            "dirs": {
                                "test_models": {
                                    "dirs": {
                                        "test_migrations": {
                                            "dirs": {},
                                            "files": {
                                                "test_blog_post_migrations.py": {
                                                    "sha": "d153dc2e1b0d4d5479efc25f0e8857984cf82d3c"
                                                }
                                            }
                                        }
                                    },
                                    "files": {
                                        "test_blog_post_model.py": {
                                            "sha": "973694888d5f11248e59bb33e7ef795aa2ed98b4"
                                        }
                                    }
                                },
                                "test_views": {
                                    "dirs": {},
                                    "files": {
                                        "test_index_view.py": {
                                            "sha": "30a0ec75a751d62324268dde035c61732ae50319"
                                        }
                                    }
                                }
                            },
                            "files": {}
                        }
                    },
                    "files": {}
                },
                "test_server": {
                    "dirs": {},
                    "files": {
                        "test_logging.py": {
                            "sha": "9b476c4da2378c1f5ce85711a11b5600989a4471"
                        },
                        "test_urls.py": {
                            "sha": "2ddef7c7a6822e3583bc6dad15d9fa26de525c1b"
                        }
                    }
                }
            },
            "files": {
                "conftest.py": {
                    "sha": "34e250d3a857a37fd243f18281c4af6dc797ad50"
                }
            }
        }
    },
    "files": {
        ".dockerignore": {
            "sha": "d623a3a2e063ff23989272e12f01c3e7292bfe30"
        },
        ".editorconfig": {
            "sha": "32047a1f6e49686ddd07466fdc92e9a6afa5fd7b"
        },
        ".gitignore": {
            "sha": "db403713d3c869ea091bf52c6531f23ee795fbab"
        },
        ".gitlab-ci.yml": {
            "sha": "94e39392001724f857020f4ef47381723e35ed49"
        },
        ".python-version": {
            "sha": "56bb66057d203263dd844452d716067976ccbefa"
        },
        "CHANGELOG.md": {
            "sha": "e69de29bb2d1d6434b8b29ae775ad8c2e48c5391"
        },
        "README.md": {
            "sha": "bb0b7874a29392cb8792b7b35b2409d368b36652"
        },
        "docker-compose.override.yml": {
            "sha": "260dc0e334ef8f491a46c0ad7f2b2594447a91e6"
        },
        "docker-compose.yml": {
            "sha": "31034d9cba72972c07bedc567cf4cfb9f49de2e0"
        },
        "manage.py": {
            "sha": "5345ce3b498924db5e977cbc30abc45f15ecd274"
        },
        "poetry.lock": {
            "sha": "28c7941cac508c812fb3ef063f515ab37f9a3392"
        },
        "pyproject.toml": {
            "sha": "1d67b599f4f3ea0036f03f3902c827f1f797da88"
        },
        "setup.cfg": {
            "sha": "da6e2f0cca88790181a2da1bcb08a095a8677799"
        }
    }
}