{
    "dirs": {
        ".github": {
            "dirs": {
                "workflows": {
                    "dirs": {},
                    "files": {
                        "test.yml": {
                            "sha": "d8e03728f744bb2d18d986c3b341cfbac64f6e4a"
                        }
                    }
                }
            },
            "files": {
                "dependabot.yml": {
                    "sha": "1a67abee45f182a5618da80dd2c646cf4bd36a9e"
                }
            }
        },
        "docs": {
            "dirs": {
                "_static": {
                    "dirs": {},
                    "files": {
                        ".gitkeep": {
                            "sha": "e69de29bb2d1d6434b8b29ae775ad8c2e48c5391"
                        }
                    }
                },
                "_templates": {
                    "dirs": {},
                    "files": {
                        "badges.html": {
                            "sha": "926999f654e2707e16f1e4da1c25a877f613e88d"
                        },
                        "github.html": {
                            "sha": "09e2e91ccd77b6355715171d028eda1f3f87b69a"
                        },
                        "moreinfo.html": {
                            "sha": "610097d8cd6e6d880090761758fd8af01561c107"
                        }
                    }
                },
                "pages": {
                    "dirs": {},
                    "files": {
                        "changelog.rst": {
                            "sha": "ab37940f47dab23514e863ad79865a2279dcc33b"
                        }
                    }
                }
            },
            "files": {
                "Makefile": {
                    "sha": "5b39e59ad446e7c8d799d3dd1234b61049628edc"
                },
                "conf.py": {
                    "sha": "fa082d8a6d7479c702b0c55d71b333008b3ebfb8"
                },
                "index.rst": {
                    "sha": "4d7615b84a18244658470147699eb65726f73e90"
                }
            }
        },
        "tests": {
            "dirs": {
                "test_example": {
                    "dirs": {},
                    "files": {
                        "test_some_function.py": {
                            "sha": "f605ade611e96b4258b36054d14f70b15e1509c9"
                        }
                    }
                }
            },
            "files": {}
        },
        "{{cookiecutter.project_name.lower().replace('-', '_')}}": {
            "dirs": {},
            "files": {
                "__init__.py": {
                    "sha": "e69de29bb2d1d6434b8b29ae775ad8c2e48c5391"
                },
                "example.py": {
                    "sha": "a42529b372ffee2962ef83a55ef48a682ddbb665"
                },
                "py.typed": {
                    "sha": "e69de29bb2d1d6434b8b29ae775ad8c2e48c5391"
                }
            }
        }
    },
    "files": {
        ".editorconfig": {
            "sha": "c9156b4ddec0cb3eeee67f1787a0f39b198da36c"
        },
        ".gitignore": {
            "sha": "2d713f17aabdca1a173a8011ec5b1efaec92423c"
        },
        ".readthedocs.yml": {
            "sha": "18c7c338c5eb98bb509dd591192da5a03d7cedf3"
        },
        "CHANGELOG.md": {
            "sha": "da500bc736f5847cb3962fcc9e4f0033d36e07d4"
        },
        "CONTRIBUTING.md": {
            "sha": "953b9ee217dac9587c6627b7691911d3658c9ff2"
        },
        "Makefile": {
            "sha": "8f0e8f5e05b9d53eb6d4f65067e3b66c55da262a"
        },
        "README.md": {
            "sha": "5b3d0a9e541d656cdb673b0b3b3daad19db810a0"
        },
        "poetry.lock": {
            "sha": "d64b431d5d48b78685b654ce2693341bccf42e5e"
        },
        "pyproject.toml": {
            "sha": "38a1288a7af956053ebc464fd0d211a41bcba318"
        },
        "setup.cfg": {
            "sha": "dc590b065416863d81bb3c8d33cfcec54bd457c0"
        }
    }
}