{
    "dirs": {
        "dev-docker": {
            "dirs": {
                "django": {
                    "dirs": {},
                    "files": {
                        "Dockerfile": {
                            "sha": "ef120c62a1577c50948c0f7b282ae40dd07450ea"
                        },
                        "run.sh": {
                            "sha": "b0c5431f19973e395d8b3b44e6c4f6eab4110269"
                        }
                    }
                }
            },
            "files": {}
        },
        "etc": {
            "dirs": {},
            "files": {
                "uwsgi.ini": {
                    "sha": "51584c3e2c6beb9020f7bfc18c26bace66c76824"
                }
            }
        },
        "fixtures": {
            "dirs": {},
            "files": {
                ".gitkeep": {
                    "sha": "e69de29bb2d1d6434b8b29ae775ad8c2e48c5391"
                }
            }
        },
        "media": {
            "dirs": {},
            "files": {
                ".gitkeep": {
                    "sha": "e69de29bb2d1d6434b8b29ae775ad8c2e48c5391"
                }
            }
        },
        "scripts": {
            "dirs": {},
            "files": {
                "entrypoint.sh": {
                    "sha": "fa866dac20f615f341bc304f9417c7a19fbc971e"
                },
                "reset-db.sh": {
                    "sha": "24450df9a4c453e5417bf84c82bb8e281691b7ea"
                }
            }
        },
        "static": {
            "dirs": {
                "css": {
                    "dirs": {},
                    "files": {
                        "styles.css": {
                            "sha": "e69de29bb2d1d6434b8b29ae775ad8c2e48c5391"
                        }
                    }
                },
                "js": {
                    "dirs": {},
                    "files": {
                        ".gitkeep": {
                            "sha": "e69de29bb2d1d6434b8b29ae775ad8c2e48c5391"
                        }
                    }
                }
            },
            "files": {}
        },
        "templates": {
            "dirs": {
                "{{cookiecutter.app_name}}": {
                    "dirs": {},
                    "files": {
                        "{{cookiecutter.model_name_lower}}_confirm_delete.html": {
                            "sha": "6a86d2f868c1cb1bcb0173ad7fc715299549ac27"
                        },
                        "{{cookiecutter.model_name_lower}}_detail.html": {
                            "sha": "6359f1b45bffe5c3170ad4a8927a508932e06527"
                        },
                        "{{cookiecutter.model_name_lower}}_form.html": {
                            "sha": "e747a62435167229f9c903e17f2e0273b8347373"
                        },
                        "{{cookiecutter.model_name_lower}}_list.html": {
                            "sha": "b6567eeeafa5c645371a57645862e50cc31da437"
                        }
                    }
                }
            },
            "files": {
                "404.html": {
                    "sha": "b5cb4832ad3499a5c9e66dbc7440b3878d9d45a4"
                },
                "500.html": {
                    "sha": "0a095d00b7c0c9371f666f8f0d4bb72f02294e59"
                },
                "base.html": {
                    "sha": "21a3ea774260f91f288ced6ef5948a5f2e219ea4"
                },
                "home.html": {
                    "sha": "18c75735e13398cdb3882efa1011a71faa43eec5"
                }
            }
        },
        "{{cookiecutter.project_name}}": {
            "dirs": {
                "{{cookiecutter.app_name}}": {
                    "dirs": {
                        "migrations": {
                            "dirs": {},
                            "files": {
                                "0001_initial.py": {
                                    "sha": "53e6c9e290523f38c800e203a56db129d58e487d"
                                },
                                "__init__.py": {
                                    "sha": "e69de29bb2d1d6434b8b29ae775ad8c2e48c5391"
                                }
                            }
                        },
                        "tests": {
                            "dirs": {},
                            "files": {
                                "__init__.py": {
                                    "sha": "e69de29bb2d1d6434b8b29ae775ad8c2e48c5391"
                                },
                                "test_views.py": {
                                    "sha": "dc96345bfeef59ce659cd4f9f87ec102de9f8b68"
                                }
                            }
                        }
                    },
                    "files": {
                        "__init__.py": {
                            "sha": "e69de29bb2d1d6434b8b29ae775ad8c2e48c5391"
                        },
                        "admin.py": {
                            "sha": "d3ed76a6eaf0a98aa8bb8c79c7d1b1f9cc49df97"
                        },
                        "forms.py": {
                            "sha": "08d7c68ec5c71482985b204d9e558498516ee9c8"
                        },
                        "models.py": {
                            "sha": "5bcf7f8be3d308cac7a4b85a92a4c3d0849ea49a"
                        },
                        "urls.py": {
                            "sha": "8ed81f511aa1cc89aac883ef98761a4b39c21271"
                        },
                        "views.py": {
                            "sha": "8b9d15b73939f15be057707d314118906cac64d6"
                        }
                    }
                }
            },
            "files": {
                "__init__.py": {
                    "sha": "e69de29bb2d1d6434b8b29ae775ad8c2e48c5391"
                },
                "settings.py": {
                    "sha": "d0a0b8da37234c76846295007ac656b30e62905b"
                },
                "urls.py": {
                    "sha": "332e88cc0bd97bb7d846ed94205e6380c3527e4d"
                },
                "wsgi.py": {
                    "sha": "27619299eb07e3afbc60fe69457bc20b8b6100c9"
                }
            }
        }
    },
    "files": {
        ".gitignore": {
            "sha": "b2f812be3cb59e501552d5b44fa4dfa16d2d27b8"
        },
        "Dockerfile": {
            "sha": "0b0b9e1d3a9dd8e828a6b9479a5ac7dfc1624300"
        },
        "dev-docker-compose.yml.default": {
            "sha": "41d92c72f4525b2bf942a04185ec5e975f66c14d"
        },
        "manage.py": {
            "sha": "97990c77a368de7b52065c1169551ed3b6f04fc2"
        },
        "requirements.in": {
            "sha": "af00e8318ba02c3a30bf40585d4e1443462365c7"
        },
        "setup.cfg": {
            "sha": "21e1fe0ca706382dc609262ce1657569dccaeea8"
        }
    }
}