{
    "dirs": {
        "migrations": {
            "dirs": {},
            "files": {
                "__init__.py": {
                    "sha": "e69de29bb2d1d6434b8b29ae775ad8c2e48c5391"
                }
            }
        },
        "templates": {
            "dirs": {
                "{{cookiecutter.app_name}}": {
                    "dirs": {},
                    "files": {
                        "{{cookiecutter.model_name|lower}}_confirm_delete.html": {
                            "sha": "1101bc14735817d73faf201b66cbc924ad7e9b57"
                        },
                        "{{cookiecutter.model_name|lower}}_detail.html": {
                            "sha": "d22ebe4c952d592eb51cd324f856e44cfc62c8a2"
                        },
                        "{{cookiecutter.model_name|lower}}_form.html": {
                            "sha": "fada710a8dd74d7553661b4d56ffe09f840af532"
                        },
                        "{{cookiecutter.model_name|lower}}_list.html": {
                            "sha": "8e8cdd8011dc3e2168e251c27ef4cdbb00ca4186"
                        }
                    }
                }
            },
            "files": {
                "base.html": {
                    "sha": "f2ac83ad6a6c55bcc8e89a29ea5901ac7734ac36"
                }
            }
        }
    },
    "files": {
        "__init__.py": {
            "sha": "e69de29bb2d1d6434b8b29ae775ad8c2e48c5391"
        },
        "admin.py": {
            "sha": "f5626212ab8692dde18b53765eb029ac1b944f1f"
        },
        "forms.py": {
            "sha": "07ba6e4eb63e3c926e6d89c863f0776ddb289351"
        },
        "models.py": {
            "sha": "3c7fa5d7ee8b77f746e619881628273e112b66b4"
        },
        "tests.py": {
            "sha": "a975fc4360cee14f894018c6d7b4f770eb510f55"
        },
        "urls.py": {
            "sha": "0120fc442d78b890e9c7ebcad4568f1b83d1a141"
        },
        "views.py": {
            "sha": "259ef8873798cebd4019c649ca6ce34e1f1ef558"
        }
    }
}