{
    "dirs": {
        "{{cookiecutter.repo_name}}": {
            "dirs": {
                "spiders": {
                    "dirs": {},
                    "files": {
                        "__init__.py": {
                            "sha": "e69de29bb2d1d6434b8b29ae775ad8c2e48c5391"
                        },
                        "example.py": {
                            "sha": "d160903a12b5e38326be63849081d921ddc9b7e1"
                        }
                    }
                }
            },
            "files": {
                "README.md": {
                    "sha": "88a6fc27b85b499e453dde692de54fd97015fc47"
                },
                "__init__.py": {
                    "sha": "e69de29bb2d1d6434b8b29ae775ad8c2e48c5391"
                },
                "items.py": {
                    "sha": "aa74119ebf2eb9f3b663b61a26c472fe177f35dd"
                },
                "middlewares.py": {
                    "sha": "e69de29bb2d1d6434b8b29ae775ad8c2e48c5391"
                },
                "models.py": {
                    "sha": "5eef4b2aea118fcf2329f183519331c5734e2427"
                },
                "pipelines.py": {
                    "sha": "45e1786d6236ed9531f06b5adc0577735a97fdaf"
                },
                "settings.py": {
                    "sha": "f712788652901e0248bb162cbdd18b412aaae28a"
                },
                "utils.py": {
                    "sha": "e69de29bb2d1d6434b8b29ae775ad8c2e48c5391"
                }
            }
        }
    },
    "files": {
        ".gitignore": {
            "sha": "9316c97e59ccedbe03f6ccf198f6b393c5e6946c"
        },
        "README.md": {
            "sha": "a2ba39ab63a3d61fd83db6a6728afb2e210877b6"
        },
        "requirements.txt": {
            "sha": "5a24da214fa6e552558f531e0e6de7e8004c8891"
        },
        "scrapy.cfg": {
            "sha": "097ee01b9e71ae25f899c5c6196fd7c820022e7b"
        }
    }
}